file,doc,rpm,Fx_mean,Fx_std,Fx_min,Fx_max,Fx_range,Fx_rms,Fx_skew,Fx_kurtosis,Fx_slope,Fx_energy,Fx_crest,Fx_impulse,Fx_shape,Fx_clearance,Fy_mean,Fy_std,Fy_min,Fy_max,Fy_range,Fy_rms,Fy_skew,Fy_kurtosis,Fy_slope,Fy_energy,Fy_crest,Fy_impulse,Fy_shape,Fy_clearance,Fz_mean,Fz_std,Fz_min,Fz_max,Fz_range,Fz_rms,Fz_skew,Fz_kurtosis,Fz_slope,Fz_energy,Fz_crest,Fz_impulse,Fz_shape,Fz_clearance,force_magnitude_mean,force_magnitude_std,Fx_dom_freq,Fy_dom_freq,Fz_dom_freq,Fx_fft_peak,Fy_fft_peak,Fz_fft_peak,harmonic_amplitude_ratio,near_harmonic,label_naive,label_physics,label
T1_1000doc_250RPM_02-02-2024.csv,1000.0,250,44.60279855896805,4.265790079903249,23.26380792282522,52.5487923297286,29.28498440690338,44.80632326243342,-1.8999876785411027,5.42287001872246,0.0003457436970629558,20076066.042976826,1.1727985807259178,1.178150116752324,1.0045630478364782,1.1811831493408893,19.34946769698405,2.1921994692548203,11.597434924840927,29.193918883800503,17.596483958959574,19.473254444741137,0.024403502764673225,0.08989166111356273,-0.0002735514646388625,3792076.3866963037,1.4991802714150066,1.5087711631649114,1.0063974239341158,1.5136787347843519,78.01010650438278,8.941352132952597,43.01106109842658,94.6132587954402,51.60219769701362,78.52085388475219,-1.3457856056107624,1.9293983256863072,0.0010999539154013082,61655244.94790601,1.2049443442669052,1.2128333498701815,1.006547195014286,1.2172410466627914,92.00854639309503,9.314833782070039,1.0,1.0,1.0,15389.021884205387,6115.700843903331,34392.24623351117,2.3486072261843867,False,0,0,0
T1_1000doc_250RPM_02-02-2024.csv,1000.0,250,45.201871624930625,2.7774474411164567,35.953967385739084,56.4534563216567,20.49948893591762,45.28712192980331,0.31094676348956984,0.14159480926196544,0.00014510074221634291,20509234.12684872,1.2465675431784253,1.2489185578439717,1.0018859905974704,1.250091194887771,18.730169183327554,2.0291150938141986,11.597434924840927,26.26117180585861,14.663736881017682,18.839759703882045,0.05573786843825476,-0.06240350283047036,4.172475331004807e-05,3549365.4570001774,1.393922864124819,1.402078729178522,1.0058510160523293,1.4062342347859178,79.34115118717595,8.257974529219492,53.72095354050398,106.2967805236578,52.575826983153824,79.7697462389818,-0.048699905681244916,0.14592898522463837,-0.00012975108106915418,63632124.1503155,1.3325450504155272,1.3397433605782965,1.0054019263067502,1.3434283268817084,93.33319390324817,7.614938557540571,95.0,4.0,95.0,10591.777373416593,3597.8573205294592,38440.39322908435,0.9999999997220568,True,0,0,0
T1_1000doc_250RPM_02-02-2024.csv,1000.0,250,46.77408521267903,4.995071613615409,34.97780138775706,64.26278430551291,29.284982917755848,47.040044514308285,0.5663095279043526,0.04365914736460397,0.0004155131916359396,22127657.87908105,1.366129325961117,1.3738971914322595,1.0056860396183047,1.3777430538974906,19.091385962178226,2.4883478934354124,10.619852565526962,29.193918883800503,18.57406631827354,19.252867142210803,-0.04919417462171738,0.3218392681195379,4.514500727899792e-05,3706728.9319562037,1.5163413671408201,1.5291670778452813,1.0084583267214065,1.5358258487854854,79.48184059733822,16.873967860943285,34.248424258083105,131.6110647290945,97.36264047101139,81.25326932568824,0.13923299265597489,-0.03483761281571773,9.27574688947254e-05,66020937.7611283,1.6197633131727491,1.6558633234960847,1.0222872132179754,1.6752289908364448,94.65621187263818,15.024447115910313,95.0,95.0,95.0,22340.95882176865,6563.3371685615875,76462.02033729147,1.93304879659242,False,0,0,0
T1_1000doc_250RPM_02-02-2024.csv,1000.0,250,48.49301626058277,8.414282429912264,21.311475926861167,73.04827828735112,51.73680236048996,49.21760635036485,0.19696113225368223,-0.2611181169751333,0.00030476874646258615,24223727.748594746,1.4841899820837103,1.5063669765315864,1.0149421534409906,1.5178836302415457,19.806878760215813,4.2292770282908965,6.709522382616997,39.94732483625412,33.23780245363712,20.253375777976313,-0.11464476441485086,0.09210984084474472,0.00021878111903484847,4101992.3040391756,1.9723785937795697,2.0168409833705097,1.0225425228864093,2.0415134722306854,80.34982890974221,30.870378217590744,7.9605108593357725,168.60886472165583,160.64835386232005,86.07598536828927,0.1949067477131993,-0.7452649226750503,0.0002493064909430533,74090752.57121947,1.9588374620428337,2.098434645219418,1.0712653223565578,2.184612452273366,97.7389539385424,26.243935402009154,94.0,94.0,94.0,34971.104825078815,14698.11018024108,156069.71406043938,3.4552836964082725,False,0,0,0
T1_1000doc_250RPM_02-02-2024.csv,1000.0,250,50.585818584738284,18.1595329229643,-18.71133296869695,108.1902601712942,126.90159313999115,53.74656898694351,-0.13858236621597206,0.3652011012298262,0.0006762450508117337,28886936.778682776,2.0129705432467055,2.1357428027547156,1.060990589216468,2.2230087640094083,22.299225299058016,10.011199077827685,-5.021467047631741,64.38688680171967,69.40835384935141,24.443394934297633,0.7898452382349932,1.2071433441139172,0.0008396354189962245,5974795.559140472,2.6341221002560293,2.8869374072389453,1.0959770646008942,3.0475220925624673,83.63260505156597,59.93014475418636,-51.43070042580366,259.15612395405765,310.5868243798613,102.8884584293542,0.35376297805971146,-0.37441778076653875,0.0011659069253637335,105860348.77968949,2.5188065591632975,3.0141229499521525,1.1966472530361323,3.4333138783878994,108.56836722876179,47.80290523631378,94.0,189.0,95.0,57377.680251083046,46333.956615373296,256900.19634018384,6.837309374389388,False,0,0,0
T1_1000doc_250RPM_02-02-2024.csv,1000.0,250,58.619372670007216,47.39582534615372,-62.63880734533072,197.02137790083887,259.6601852461696,75.38298954318738,-0.003270815635833841,0.07299040512322597,0.0024560803302956465,56825951.12468297,2.613605258888865,3.0606130129008333,1.1710310891408315,3.4253183478803644,25.834554386718466,20.386463061156878,-35.32652279615402,102.51260478019717,137.8391275763512,32.909452692261965,0.40017551340064117,0.5509661315811383,0.0006575523284310169,10830320.765042283,3.114989657798261,3.7342882665434214,1.198812412489001,4.228410596056021,90.2647532043751,110.39066359744749,-120.55817477405073,338.019855517149,458.5780302911997,142.5967190384532,0.2431394606337642,-0.8919639145203901,0.0014858906686069223,203338242.8053156,2.3704602588086003,3.009435722171864,1.2695575515298512,3.6374383249061566,144.96583571062808,78.00229449332414,95.0,190.0,95.0,142953.87741948184,73982.25051882109,682028.1425247875,12.444211318973725,False,0,1,1
T1_1000doc_250RPM_02-02-2024.csv,1000.0,250,67.50658419010298,64.74321827869967,-69.47196933120489,216.54469786047937,286.0166671916843,93.5351443153792,-0.19159815617769027,-0.9293834518961823,0.0010818316778644184,87488232.22098814,2.3151158791217554,2.7397856541669254,1.183433485500635,3.141248809530011,26.180227528582588,24.94471567271964,-35.32652279615402,102.51260478019717,137.8391275763512,36.16134888857408,0.20222527280863795,-0.4211844011011725,-0.0004273523750490034,13076431.534411782,2.834866727346781,3.4837844917981964,1.2289059158201603,4.0648544455288125,93.3742234971565,141.50930604006936,-127.37355898320676,351.65062393546106,479.0241829186678,169.53946239633692,0.15552445090047762,-1.3995907102995342,-8.928448210810755e-05,287436293.0963894,2.0741520526554345,2.5682767613215667,1.2382297421413866,3.037836406470452,176.44810721394856,87.55661680189483,284.0,189.0,95.0,269461.9903249093,88279.915295789,840982.7097663933,44.59681695488201,False,1,1,1
T1_1000doc_250RPM_02-02-2024.csv,1000.0,250,70.5049759605026,65.44185626176912,-69.47196933120489,216.54469786047937,286.0166671916843,96.19557259134696,-0.14466192399099906,-0.9493683419570327,0.00032513339372079345,92535881.86177102,2.2510879869741336,2.6846740731156347,1.1926117897880653,3.1047428211919526,25.568749754051627,21.9024901610401,-34.34894043684006,102.51260478019717,136.86154521703722,33.6671952980906,0.17085992105169961,-0.3256272001898064,0.00022066869178098943,11334800.392397735,3.044881044368168,3.690601298639448,1.2120674814096954,4.256720343484679,92.01387254618058,143.91459268683715,-127.37355898320676,351.65062393546106,479.0241829186678,170.8155810491625,0.16597267694659132,-1.4185544959749081,8.327960942960209e-05,291779627.29163,2.0586566036634117,2.5507306598347963,1.2390267785777052,3.024876828025579,177.80879822698492,89.15751357936833,284.0,189.0,95.0,247901.41357581803,93794.7118901528,737278.6439680926,27.10216286420097,False,1,1,1
T1_1000doc_250RPM_02-02-2024.csv,1000.0,250,70.27450300994306,61.25579910894973,-57.75797735542059,198.9737098968029,256.7316872522235,93.22434605708159,-0.15525742855514224,-0.930658703530499,-0.000462450778363297,86907786.97770503,2.1343535064860695,2.5471669094857385,1.1934137909887812,2.965244984793652,25.738751354773708,18.22631152431849,-27.505863921642305,94.69194590568544,122.19780982732775,31.53857563499611,0.3290174007195675,-0.18610114857244975,-0.00018227528427390495,9946817.530843703,3.0024166912792514,3.567477986378234,1.1882021561964553,4.049778075892544,91.90891589164028,137.56293599949706,-116.66366951167583,342.8879870951176,459.5516566067934,165.44125900505693,0.1699996141652328,-1.42133780897477,1.2195683488647023e-05,273708101.8117833,2.0725663547122593,2.582242360097573,1.2459154102480225,3.0757530811023464,171.74899952693568,86.93993209986914,189.0,189.0,95.0,199367.55972361506,69739.4215720618,616397.6332533004,14.064901965063745,False,0,1,1
T1_1000doc_250RPM_02-02-2024.csv,1000.0,250,68.52452997769683,57.36030642868028,-49.94864937156439,189.21204991698264,239.16069928854702,89.36339274141494,-0.1960072891491719,-0.9424082268360463,-0.0004692551926508198,79858159.62256372,2.117332882207072,2.519246250055969,1.1898205857125073,2.937904442753017,25.644121369622788,16.394071903380972,-20.66278591513634,93.71436354637146,114.3771494615078,30.43659892946598,0.459417839236034,0.03407530414537918,5.494597387408323e-05,9263865.543931697,3.0790024786785763,3.607635345912613,1.1716896530271426,4.0488698511799175,92.25202211254924,131.48426667234463,-114.7164168804884,325.36271341443063,440.079130294919,160.61926399476033,0.16039290454532637,-1.4322571397702053,-0.00024928040186381176,257985479.66218513,2.025676779499155,2.529691663786844,1.2488130828119113,3.016533410701223,166.16217934788767,84.2667231902871,189.0,189.0,94.0,190270.83538754313,56604.42802694212,611999.3062419441,11.39382321692261,False,0,1,1
T1_1000doc_250RPM_02-02-2024.csv,1000.0,250,67.45728767489413,54.370444685829256,-46.04398537963629,180.42654402196408,226.47052940160037,86.6408155304891,-0.23624443484370694,-0.9777578721340037,-3.456766386451901e-05,75066309.15788242,2.0824659015181077,2.468888449672564,1.185560084260086,2.8743413601554244,26.324127736663794,15.496068090745105,-17.730038837194442,93.71436354637146,111.4444023835659,30.54648633426111,0.45475332582703926,0.06469984789305627,2.5230875616520192e-05,9330878.273692008,3.0679261280948342,3.5368321258081195,1.1528413586687216,3.9187450575102543,92.123114138665,126.93624030503118,-97.19114319980145,323.4154607832432,420.60660398304464,156.84220497487954,0.15578654544001608,-1.4350801474591675,4.370538738039122e-05,245994772.61382127,2.062043573252765,2.579510192575428,1.250948440680323,3.0789227987502645,162.29700002288715,81.84668464947454,189.0,189.0,94.0,182646.65334808844,50964.59257523169,617572.7983680799,9.199612602156966,False,0,0,0
T1_1000doc_250RPM_02-02-2024.csv,1000.0,250,67.99818138474153,52.37530278434364,-44.09165040537715,174.56954803407194,218.6611984394491,85.83079292062892,-0.2643047244045935,-0.9872305949525759,0.00022118297292025117,73669250.13383883,2.033880173931321,2.3998218042906956,1.17992290551318,2.777762477530174,26.972264907345373,15.158376280254695,-11.864543935656547,89.80402814388276,101.6685720795393,30.93993286492075,0.4400893437613428,0.0641824027162552,8.142110030699851e-05,9572794.45685803,2.902528216074485,3.3140307536266813,1.14177382851035,3.640453687488055,92.6701948844789,124.78696455358595,-99.13839583098888,317.5737028896809,416.71209872066976,155.43343122515572,0.16521163617744158,-1.4324465981368775,0.0003781523919717781,241595515.42425212,2.043149278675153,2.5657083058427723,1.2557615503779853,3.071473835188738,160.9802085293023,81.05016016860942,189.0,189.0,94.0,178056.7866284164,49889.70310519966,597806.0786028656,7.847512643838552,False,0,0,0
T1_1000doc_250RPM_02-02-2024.csv,1000.0,250,67.90251710222465,51.047283248249265,-40.186986413449056,174.56954803407194,214.756534447521,84.9504382322122,-0.27216721642699016,-0.9732027930712897,-0.0002849521389819789,72165769.55844902,2.0549575925304318,2.41699031884946,1.1761752785726485,2.7840717599682976,27.558130071905342,14.670101645965515,-11.864543935656547,91.75919286251067,103.62373679816722,31.219583843527026,0.463691712938952,0.18383486050155273,0.00012663921594917107,9746624.153630137,2.9391549010521403,3.321122689590901,1.1299583728649436,3.6130474148614,92.41675993868385,123.16813519753312,-99.13839583098888,317.5737028896809,416.71209872066976,153.98456755662926,0.17269365330118347,-1.4287734055933703,-0.00029165412156161133,237112470.4560212,2.062373573721212,2.5961585002834298,1.2588206779623787,3.11428506798775,159.42639513651054,80.53391180482444,189.0,189.0,94.0,173655.2071282467,47542.25349604299,596173.8271066766,8.59381917791173,False,0,0,0
T1_1000doc_250RPM_02-02-2024.csv,1000.0,250,65.24334299856113,49.69443333473376,-41.16315241143108,161.8793900603056,203.04254247173668,82.01359954354031,-0.29249293488981076,-0.9560592511742287,-0.0006907392849331887,67262305.10088195,1.9738115502949636,2.3183033938976076,1.1745312735408624,2.66882238725066,26.71046831791074,14.490250913468499,-7.954214498400688,91.75919286251067,99.71340736091136,30.38776874496362,0.39065112588541295,-0.06951670370879537,-0.0004630350357989305,9234164.89297388,3.019609423535533,3.4265836107988266,1.1347770953724157,3.749508704727895,91.34207116229469,121.16219292701405,-90.3757589906454,312.7055713117123,403.0813303023577,151.73546374892283,0.1658721861404648,-1.430232720086493,-0.0003316119916131894,230236509.59100676,2.060860154809605,2.592258046042402,1.2578524748477613,3.1099193613361584,156.1914173029811,79.23092274719683,283.0,189.0,94.0,172163.53854522476,49307.80209409653,613151.3405099628,8.493155464870416,False,0,0,0
T1_1000doc_250RPM_02-02-2024.csv,1000.0,250,62.206295002698084,48.79759001658442,-45.06781938165427,161.8793900603056,206.94720944195987,79.06217761603433,-0.32796742441657173,-0.9352718302034408,-0.0004842933347524392,62508279.29389361,2.047494705325134,2.3999478746641483,1.172138745180807,2.75655467900062,25.04632968609312,14.365366979650775,-9.909379217028617,81.98336926937104,91.89274848639965,28.87355882471903,0.3007928445936892,-0.40097554640104827,-0.00032246782048004827,8336823.992045103,2.8393926002354792,3.2580281132111724,1.14743840388292,3.611733664942658,90.10624720942609,119.88464537335386,-90.3757589906454,305.89018710255624,396.26594609320165,149.9715439090397,0.15923332626924297,-1.429621164960802,-0.0004088205980612582,224914639.8246102,2.0396548513768975,2.5616352236651507,1.2559160300753254,3.0709848697141475,153.35709371330867,77.83043183011618,283.0,189.0,94.0,176482.1727211471,52779.26114722721,621223.9173854457,8.56840429998829,False,0,0,0
T1_1000doc_250RPM_02-02-2024.csv,1000.0,250,61.47573232278851,47.66609627424052,-45.06781938165427,151.14156408250332,196.20938346415758,77.79024616652342,-0.3943488716891107,-0.9330338719218423,0.00030087806203301076,60513223.986483105,1.9429372129631621,2.262782243015098,1.164619334025798,2.5792270938420576,24.90066989391004,13.759676029227585,-9.909379217028617,86.87128106594086,96.78066028296948,28.449464768160016,0.3081177485979087,-0.34081032087582486,0.00015856918747102347,8093720.455947781,3.0535295399710014,3.4756204997694735,1.1382305146464968,3.8212934520091895,88.53909817735972,117.34083950689545,-87.45488004386425,298.1011765778065,385.55605662167073,146.99675003973093,0.16237629665788617,-1.4280649655294904,-1.940026128389216e-06,216080445.22243136,2.0279439953416274,2.549475856786673,1.257172714159292,3.0591225282310512,150.8314600641207,75.62148915098,283.0,189.0,94.0,172433.08721745,50014.49889422706,608591.4086312791,11.766523461019109,False,0,1,1
T1_1000doc_250RPM_02-02-2024.csv,1000.0,250,62.02414242611579,46.66170790039711,-43.11548440739513,147.23690009057523,190.35238449797038,77.61642369935038,-0.4072919692471678,-0.9225006127653272,6.322686067042031e-06,60243092.2787708,1.8969812453727826,2.2023478892684483,1.160975046348261,2.4992004775312067,25.653506151836993,13.464288697635258,-6.976632139086723,86.87128106594086,93.84791320502758,28.972218555292013,0.3545356015681477,-0.26771808166712585,0.000108636779382982,8393894.480156068,2.9984338582891543,3.3805454851050447,1.1274370704424728,3.6780576602285495,87.94216784642515,116.08761990572428,-83.56036884039641,309.7846923649311,393.3450612053275,145.63708449740653,0.16913665087404225,-1.4287082154146613,7.581981215034837e-05,212101603.80904728,2.12710034284192,2.678520595258543,1.2592356558411795,3.2180884780062864,149.92792390094692,74.80291900420252,189.0,189.0,94.0,163891.55862661987,50247.72620660302,594794.2954027018,11.102081605644516,False,0,1,1
T1_1000doc_250RPM_02-02-2024.csv,1000.0,250,62.85300509005759,46.44862185136601,-37.258488419502974,149.18923208653928,186.44772050604226,78.15353300230261,-0.3994693454734444,-0.9301204394032885,9.158377151037629e-05,61079747.20742002,1.9089249884857256,2.215443606781607,1.1605713268697009,2.5121264200921,26.384542326217737,13.427545099285071,-8.931796857714653,86.87128106594086,95.80307792365552,29.604780714562136,0.3857101498316258,-0.05727366669807399,0.00012515963050295658,8764430.4115731,2.934366645155058,3.287629000050676,1.1203879397548668,3.55584683576146,88.58992147979683,115.56686723528934,-83.56036884039641,309.7846923649311,393.3450612053275,145.61550394918652,0.17137577612974625,-1.4272145049552383,6.0798999988706495e-05,212038749.90375555,2.1274155839410653,2.6829052915406653,1.261110105516172,3.2287660490993058,150.25494139782893,74.91158346884588,283.0,189.0,94.0,162900.25337449356,48292.177422599685,587868.9131657105,8.944834151035234,False,0,0,0
T1_1000doc_250RPM_02-02-2024.csv,1000.0,250,63.893598196962884,46.11972469921082,-37.258488419502974,149.18923208653928,186.44772050604226,78.79987878725407,-0.39877608525100755,-0.9392062667110288,-2.9612665612139177e-05,62094208.96885935,1.893267278866306,2.195002628985639,1.1593728225736901,2.4862363358051787,27.21597621165895,13.237490030395048,-8.931796857714653,86.87128106594086,95.80307792365552,30.26450897434806,0.36764888577887045,0.025905145009002872,0.00012029541755754281,9159405.034583943,2.870401140146441,3.1878213790082093,1.1105839300375886,3.42227033517198,89.87218743495121,114.44435976021856,-83.56036884039641,301.99568184018136,385.55605068057775,145.51467814371628,0.1657066910934127,-1.4307023216923336,-3.7214987915371504e-05,211745215.55269337,2.075362332464619,2.6200167076545786,1.2624382097863118,3.1591637355429647,150.59593910920202,74.9716351657824,189.0,189.0,94.0,158778.80913920858,45929.0555378492,576142.6629709314,7.205519799379025,False,0,0,0
T1_1000doc_250RPM_02-02-2024.csv,1000.0,250,64.00663822180945,46.45484021602788,-36.28232242152095,149.18923208653928,185.47155450806022,79.0879378663667,-0.39313535435662206,-0.9579848428990605,-9.074700303709306e-05,62549019.1595428,1.8863715012853328,2.1909293925835787,1.161451702960274,2.48998280187536,27.80809791418644,13.277729500389327,-4.043884688317776,81.00578691005707,85.04967159837484,30.8153924247362,0.34247480299386457,-0.06774037777646491,6.638017019598397e-05,9495884.102904892,2.6287442909548,2.910592102107279,1.1072176598242303,3.118139257054716,90.88271425024101,114.88924064972483,-87.45488004386425,301.99568184018136,389.4505618840456,146.4896083910437,0.16085958138738354,-1.4319309006901353,0.00021433073489094418,214592053.6656134,2.061550202482794,2.600922908826623,1.2616345242013725,3.1341894106923425,151.62543568901523,75.32212785710735,283.0,283.0,94.0,164190.529888956,46019.02015447832,589179.574946284,7.078713276594892,False,0,0,0
T1_1000doc_250RPM_02-02-2024.csv,1000.0,250,63.55320902140931,47.05585042032579,-39.21082041546703,152.11773008048536,191.32855049595238,79.0775785902617,-0.3795947316905481,-0.9496856260200852,-8.730680130445887e-05,62532634.35699016,1.9236518466084958,2.239048753222622,1.1639573747038416,2.5523418048959097,28.163644658990968,13.544728381505958,-5.021467047631741,81.00578691005707,86.02725395768881,31.251408726754754,0.2949657717980981,-0.11230807687385136,7.882268317382046e-05,9766505.474066831,2.5920683326094967,2.8733082881030882,1.1085002088700573,3.0854281985772536,90.88378523177107,116.51097849976775,-87.45488004386425,300.0484292089939,387.5033092528582,147.76559318402926,0.16870230074061937,-1.427411470375322,0.00013325774290712483,218346705.29028028,2.0305703292870727,2.5626383342921093,1.2620288484131668,3.085915990868354,152.4782632419799,76.25590961258816,283.0,189.0,94.0,166733.46278031255,47635.04757671228,594107.9496074716,11.440885977189863,False,0,0,0
T1_1000doc_250RPM_02-02-2024.csv,1000.0,250,63.62642148631697,46.698779088653204,-39.21082041546703,152.11773008048536,191.32855049595238,78.92463164009884,-0.36531862402613,-0.9451740613245212,0.00023116781835373642,62290974.795252904,1.9273796648700439,2.2429779548349087,1.163744744077781,2.5523746412121526,27.974873480176367,13.479858547109073,-8.931796857714653,87.84886342525482,96.78066028296948,31.0531823277735,0.318693463824459,-0.04692307528494766,-6.112207064990852e-05,9643001.326819444,2.828981020302197,3.137362668732087,1.109008030176515,3.366592154382045,90.52198565932,116.33263510048309,-83.56036884039641,309.7846923649311,393.3450612053275,147.40255044309203,0.178432152530002,-1.4246213465206956,0.00026493114043871913,217275118.77128285,2.1016236926275593,2.657320109134999,1.264412900585775,3.2053206461526433,151.83251123237568,76.60155365399605,283.0,283.0,94.0,166387.0004060491,47332.62945734443,597843.4469623705,11.78500823175109,False,0,0,0
T1_1000doc_250RPM_02-02-2024.csv,1000.0,250,65.02507235598142,46.35432072006559,-36.28232242152095,153.0938960784674,189.37621849998834,79.85601470346063,-0.3703929803872654,-0.9631215579602066,0.0004157176826702275,63769830.8431932,1.9171241721361902,2.2268054527812273,1.161534284083419,2.5283496340359375,27.649338526404335,13.542562304316746,-8.931796857714653,87.84886342525482,96.78066028296948,30.787772162240124,0.2974090421820527,-0.14893404730612803,6.867125841348028e-05,9478869.147140078,2.8533686348698417,3.1735345670339847,1.1122062982860075,3.4137290112470686,92.0803720623994,116.02514556389593,-80.63948989361525,309.7846923649311,390.42418225854635,148.12369601881107,0.17526826698996908,-1.4197071115376774,0.0005351104187915349,219406293.22273147,2.0913918616072733,2.646194643020994,1.2652792102706878,3.1956481446074245,152.82139610582226,76.88380982738721,189.0,189.0,94.0,160087.94268361595,49204.461534330985,586208.8177821139,9.762436021986161,False,0,0,0
T1_1000doc_250RPM_02-02-2024.csv,1000.0,250,65.90860030928589,46.8866588081626,-40.186986413449056,157.97472606837752,198.16171248182658,80.88450017724195,-0.3808315848366249,-0.9613521956951376,-4.604226100414656e-05,65423023.689222515,1.9530902178069718,2.2672146635980432,1.1608345804648932,2.5730498863421407,28.446165983230284,13.548976387168892,-6.976632139086723,86.87128106594086,93.84791320502758,31.508080238020657,0.25961853296343335,-0.22281030281976655,0.0002749725794272526,9927591.202855479,2.7571112047986244,3.0514160396644785,1.106743911654209,3.27093761233308,94.20385122985502,117.01668903910422,-81.61311620920897,328.2835923612118,409.89670857042074,150.22406964335335,0.16650253063512216,-1.4245717291841877,9.333563248031003e-05,225672711.00211072,2.1852928970742784,2.76348758926102,1.264584529131469,3.3367421029671753,155.0779743689553,77.80202089303671,189.0,189.0,94.0,167133.34960886874,49735.82482644434,577626.3553735049,15.146876500873182,False,0,1,1
T1_1000doc_250RPM_02-02-2024.csv,1000.0,250,65.02975795467971,46.38100696819818,-40.186986413449056,157.97472606837752,198.16171248182658,79.87532301673825,-0.36880364279775935,-0.9676204927549987,-0.000298120485220193,63800672.27028275,1.9777663501313563,2.298183680008196,1.1620096983931183,2.61017950075576,27.548158720646207,13.85349638240663,-10.886961576342582,86.87128106594086,97.75824264228345,30.835375965200576,0.27948952814471095,-0.19107268969991642,-0.0004933105497565987,9508204.109152693,2.817260316980727,3.1477904886181904,1.1173232624778155,3.4026451856285047,92.99869648865204,116.03032472089546,-81.61311620920897,328.2835923612118,409.89670857042074,148.7003490359887,0.16538450478795094,-1.426640368376612,-0.00041641833999381223,221117938.03424865,2.207685418961324,2.7909458837963355,1.2641954600168646,3.3710244463374104,153.40962062216911,76.86461957188467,189.0,189.0,94.0,159864.98657079382,49539.43077291782,592405.7471595901,12.58664831777962,False,0,1,1
T1_1000doc_250RPM_02-02-2024.csv,1000.0,250,64.46280071585619,44.65336386833918,-34.3299904255569,153.0938960784674,187.4238865040243,78.4179544548982,-0.37806081638805644,-0.9821472306212029,-2.6027413994307673e-05,61493755.80890487,1.9522811726301634,2.263879863883208,1.159607486678392,2.568808375411659,26.143470484329146,13.583954166789944,-10.886961576342582,80.02820455074311,90.9151661270857,29.461922200875474,0.2676813793729756,-0.3208490594469162,7.649099216636874e-05,8680048.597704392,2.7163266539467354,3.054699155962666,1.1245698861454259,3.3222400987744214,91.07607646195322,112.97005435917974,-81.61311620920897,294.2066713154316,375.81978752464056,145.11059535960692,0.16897824991752627,-1.4224332867362797,0.00024354524620062316,210570848.85619575,2.0274651246956923,2.566593747586061,1.2659126494081065,3.1056572253688777,149.93326289308845,74.79626999063878,283.0,189.0,94.0,157371.42176235293,49794.24902195899,583070.488905249,11.882281066187067,False,0,1,1
T1_1000doc_250RPM_02-02-2024.csv,1000.0,250,64.68761180995074,43.88341190722686,-30.4253264336288,148.21306608855727,178.63839252218608,78.16803030839539,-0.39684202697476706,-0.9890529700526351,-7.123671431787173e-05,61102409.622942194,1.8960829063213445,2.194111984536043,1.1571814593239043,2.487833145387475,26.431173002342963,12.75346357753822,-5.021467047631741,75.14029275417329,80.16175980180503,29.347193043004594,0.3189378362530944,-0.2913014001995813,4.16514737176293e-05,8612577.395033773,2.5603911298796005,2.8419010693035185,1.1099480216669693,3.0486181758056294,90.80891337302188,110.67328624457718,-77.71861094683409,298.1011765778065,375.81978752464056,143.16017266042644,0.1732478059780689,-1.423118980091341,-7.643950115049466e-05,204948350.3616311,2.082291261864412,2.641416865337044,1.2685145991401845,3.202532544819838,148.40677487752052,73.76830558182591,283.0,189.0,94.0,156725.59665918487,45907.327447880736,579407.618678248,11.393421619761057,False,0,1,1
T1_1000doc_250RPM_02-02-2024.csv,1000.0,250,64.5938022414712,43.058542726486124,-29.44916043564677,148.21306608855727,177.66222652420404,77.6298743380338,-0.39912529101593897,-0.9814552830014418,-3.9545923328419075e-05,60263973.897389196,1.909227180288531,2.205533936432393,1.155197222836039,2.498963591178208,26.69238303058067,12.543176416311244,-3.0663021425902843,75.14029275417329,78.20659489676358,29.492619186195345,0.3030613886506724,-0.30373916687340063,0.00011675847192416241,8698145.864619378,2.5477660115499106,2.814547518582251,1.1047119342290175,3.008942478492928,91.05455933237218,109.37525014825145,-73.82410568445921,298.1011765778065,371.9252822622657,142.31612038066896,0.1664817718544633,-1.4235737577882526,-4.936869975407427e-05,202538781.20205063,2.0946409709626828,2.6552884872158606,1.2676580492911431,3.218412736971043,147.59365809625524,73.2543663283741,283.0,189.0,94.0,152981.03040310173,44801.28669996086,576635.9175994593,10.46913642327045,False,0,1,1
T1_1000doc_250RPM_02-02-2024.csv,1000.0,250,64.68839270931778,42.720692149747734,-30.4253264336288,148.21306608855727,178.63839252218608,77.521904575858,-0.3900720075676893,-0.9850536066403133,0.00017303295949521223,60096456.890684344,1.9118862842633775,2.2081943415737135,1.1549820508412192,2.5012030010185664,27.25957636166655,12.676166777691048,-3.0663021425902843,81.00578691005707,84.07208905264736,30.062762807056973,0.27418061557689244,-0.2909754305267507,0.00013653165167185362,9037697.07593368,2.6945556344888453,2.9710937311196366,1.1026284605488392,3.173088311338652,91.53368089505875,109.74468229387242,-73.82410568445921,298.1011765778065,371.9252822622657,142.90664795586466,0.16101935724865385,-1.4265843558929958,1.8667197911554372e-05,204223100.29981434,2.0859853676637363,2.641911917005051,1.2665054884655982,3.2001648134453125,148.0695608208009,73.56038733570118,283.0,189.0,94.0,148559.2186262896,44552.6283961596,575928.1406358195,11.237521694265848,False,0,1,1
T1_1000doc_250RPM_02-02-2024.csv,1000.0,250,64.75779810417033,43.05515039285968,-30.4253264336288,148.21306608855727,178.63839252218608,77.76450598217835,-0.40798792940935996,-0.9821682645386676,0.00010279399532601894,60473183.90652253,1.9059217854804342,2.1990642968701186,1.153806160159815,2.484865894755346,27.698022085927164,12.486605468235707,-2.0887196900695564,81.00578691005707,83.09450660012662,30.382490740422895,0.29783127499041495,-0.18400938851917825,4.9865409896253845e-05,9230957.435918828,2.666199674086679,2.9244336676298035,1.0968547089900849,3.1063884287843258,91.67505144333295,109.90985215353172,-73.82410568445921,298.1011765778065,371.9252822622657,143.12403941179463,0.16415026474778174,-1.4305689576414202,0.00026980424406518723,204844906.5754894,2.0828169593516965,2.6404424997839056,1.2677266179961282,3.2019539383454654,148.5072151294837,73.48817487377357,283.0,189.0,94.0,150416.58586677338,43927.04633896712,571813.2191110444,8.901176873746156,False,0,0,0
T1_1000doc_250RPM_02-02-2024.csv,1000.0,250,64.31715668754855,43.888034555813164,-32.37765842959285,141.37990410268307,173.75756253227593,77.86434499527316,-0.45021186261585777,-0.95658157915177,-6.756002832589974e-05,60628562.2154292,1.8157207141634042,2.092550887962326,1.152462970565642,2.3607519952691476,28.15083829830977,12.246447771226217,-2.0887196900695564,80.02820455074311,82.11692424081266,30.69927002244443,0.2756176039366426,-0.20997465971914053,0.00012574236359104855,9424451.799109552,2.6068438921262294,2.8426434276152004,1.090454029948316,3.006728673592236,91.22903318558782,110.49571132198432,-74.79773200005293,297.1275502622128,371.92528226226574,143.29005100330022,0.17032250902575785,-1.4291066790990872,3.520267906582112e-05,205320387.16528374,2.0736090760088395,2.630347953146713,1.2684878666761297,3.1902040617866323,148.8511858704099,73.353013455174,189.0,189.0,94.0,153512.22255448607,43322.47512477077,564476.7228142035,8.390508809616357,False,0,0,0
T1_1000doc_250RPM_02-02-2024.csv,1000.0,250,63.78875792936373,44.7395290230316,-33.35382442757488,145.2845680946112,178.63839252218605,77.91425476364162,-0.4409085705130669,-0.9469680550765385,-6.216116901983352e-05,60706310.953736514,1.8646724984451453,2.154235716803475,1.1552890486666059,2.436772588433249,28.746870335540688,12.408582189147213,-2.0887196900695564,84.91611634731294,87.00483603738249,31.310628643213324,0.3282823299443857,-0.05628679418275295,4.696968671829591e-05,9803554.660332106,2.7120540221321545,2.9536954027425977,1.0890990292370617,3.1192269435160553,90.15814150200784,112.41633645284955,-79.66586357802153,297.1275502622128,376.79341384023434,144.1038624762582,0.17237474718796575,-1.428799611733837,-0.0003006079201518862,207659231.80576336,2.0618985858978345,2.610911092940352,1.2662655238222857,3.1581061183867583,149.58929094542376,73.7560423045364,283.0,283.0,94.0,157088.52249759264,42782.511234225174,576310.4539687962,9.952153269534989,False,0,0,0
T1_1000doc_250RPM_02-02-2024.csv,1000.0,250,64.27781715789278,44.970932178491736,-33.35382442757488,151.14156408250332,184.49538851007821,78.44757816265586,-0.4073641731535217,-0.9418944711990105,0.00030342120053821554,61540225.195860006,1.9266568531806207,2.2287829220361104,1.1568136372373343,2.5215969911995044,29.446232809752075,12.757922316605839,-5.021467047631741,90.78161050319672,95.80307755082846,32.09120141912218,0.3483305270381934,0.2639021274562232,0.00010399115326655112,10298452.085226692,2.8288629433830637,3.0823942044880273,1.0896230274068222,3.2568888645233387,90.2837393050277,113.14572851414641,-80.63948989361525,296.15392394661905,376.7934138402343,144.75188932754946,0.16571712513401404,-1.4265094177951334,-8.432555097519562e-05,209531094.63895124,2.045941682159823,2.5850036138964234,1.2634786399031341,3.1192576118074613,150.41056841865534,74.2538759929796,283.0,283.0,94.0,164170.16190334212,45331.41544302021,592219.0396697929,8.783199322078543,False,0,0,0
T1_1000doc_250RPM_02-02-2024.csv,1000.0,250,63.76757516191397,44.21202417259584,-31.401492431610823,151.14156408250332,182.54305651411414,77.59514626230526,-0.3787763997825737,-0.9507415840341569,-0.00033212118954743325,60210067.23468546,1.9478224007926894,2.2543282997617977,1.1573582369955144,2.5475916904581193,28.52515462669668,13.207464780739638,-5.021467047631741,90.78161050319672,95.80307755082846,31.434401098341812,0.2798546746632483,0.06116259772330723,-0.0004530686511691949,9881215.72411433,2.8879701006291962,3.1812487783913506,1.1015518400617301,3.396623971481744,90.95437317576231,113.2274336974078,-81.61311620920897,296.15392394661905,377.767040155828,145.2348089870218,0.15968342406188415,-1.4231522312898646,-9.118509319036012e-05,210931497.41496712,2.039138729979556,2.5740408465543805,1.2623176680971517,3.103331552177023,150.03306238937424,74.78207156426481,283.0,283.0,94.0,156818.84062580878,46505.78891023838,601680.2864229045,10.73258219176989,False,0,0,0
T1_1000doc_250RPM_02-02-2024.csv,1000.0,250,63.45549490591967,43.21000590270864,-31.401492431610823,143.33223609864714,174.73372853025796,76.77046596098862,-0.4064397702550349,-0.9636484068228879,0.00031913484915325005,58937044.43867311,1.8670231358434415,2.155080128107659,1.1542867823831684,2.4311203766260716,27.42390800144455,13.20391950602737,-5.021467047631741,88.82644578456879,93.84791283220054,30.4370534118095,0.33366155759250116,-0.1006660272909472,0.00013268181974898855,9264142.203933444,2.9183654732525572,3.238116407399718,1.1095650757513913,3.474910897653213,90.93392701458525,111.8057491502422,-81.61311620920897,297.1275502622128,378.7406664714218,144.1162885497014,0.16283236159028242,-1.419687378996342,0.00016753015732021457,207695046.253408,2.061720803750385,2.6074476757226743,1.2646948466444057,3.1511538915281725,148.7236335620067,73.96556029474401,283.0,189.0,94.0,152203.8844427655,46347.306097756846,584742.7507985961,7.008783156991648,False,0,0,0
T1_1000doc_250RPM_02-02-2024.csv,1000.0,250,64.00693111977347,43.49232641588164,-31.401492431610823,142.3560701006651,173.75756253227593,77.3852032913077,-0.44335062466636516,-0.9671371815348064,-9.545017236020601e-05,59884696.88437021,1.83957738748559,2.120418566321703,1.152666139922484,2.392805751922074,28.52300396432464,12.774720889598155,-2.0887196900695564,85.89369870662689,87.98241839669645,31.253083831136003,0.3623911427440166,-0.1050252745849285,0.00036073006080481596,9767552.489560146,2.748327146553614,3.0111318103595557,1.0956235010579063,3.1930476578844544,90.82731492326207,110.46680234610169,-76.74498463124037,297.1275502622128,373.8725348934532,143.0122916281748,0.1700337039014756,-1.426725569894173,0.0001072195183921695,204525155.5674212,2.0776364526395423,2.6351681040588826,1.2683489937380632,3.1961138538912337,148.58896462405488,73.06887221030945,283.0,189.0,94.0,152338.9876441466,43640.205621811394,569299.687326007,7.456309368810152,False,0,0,0
T1_1000doc_250RPM_02-02-2024.csv,1000.0,250,64.00234311486311,43.39445790470052,-31.401492431610823,142.3560701006651,173.75756253227593,77.3264437371556,-0.4382478672693503,-0.9500399509030983,5.805040292277648e-05,59793789.0103549,1.8409752630620793,2.1206530510412014,1.1519182759218265,2.3902869400691826,28.856750612067984,12.437851260717467,-3.0663021425902843,78.07303983211517,81.13934197470546,31.423115693241126,0.2943192875514085,-0.16126434489603803,-0.00016986701598459297,9874121.998708168,2.4845734775087274,2.705168976510177,1.0887860636839124,2.8563054909826144,90.29026261328933,110.0139666079616,-73.82410568445921,290.3121660530567,364.1362717375159,142.32148246696437,0.17189716342914643,-1.427867999120454,-0.0002604419652112925,202554043.7159444,2.0398337694412643,2.587583653825803,1.2685267263393596,3.138310474583048,148.0378921005542,72.84900805725098,283.0,283.0,94.0,162641.406198323,44092.808217195474,584780.3480031346,11.728619187437797,False,0,1,1
T1_1000doc_250RPM_02-02-2024.csv,1000.0,250,63.888131660607876,43.04450293500953,-31.401492431610823,142.3560701006651,173.75756253227593,77.03585269214075,-0.441393849041206,-0.9199955955182886,-0.00013820206086474833,59345226.000052094,1.8479197039534863,2.124541783977946,1.149693776971287,2.3871587812060913,28.607076047607784,12.298233556935854,-5.021467047631741,81.98336926937104,87.00483631700278,31.138582957715947,0.25446087901769837,-0.12232094025991413,1.4619958907456538e-06,9696113.48614558,2.6328548534369345,2.864816897731912,1.0881028606617542,3.025225535994504,90.47544635720186,109.89571509599314,-73.82410568445921,292.25941868424417,366.08352436870337,142.34772421782722,0.1648180605520083,-1.427308692756661,-2.821819952498418e-06,202628745.89994597,2.0531372755704544,2.6002271554757512,1.2664653193992061,3.1479227112980324,147.90992471074065,72.7300674458466,283.0,283.0,94.0,155942.4658269112,44763.76425115697,582811.9961360381,11.146932165535194,False,0,1,1
T1_1000doc_250RPM_02-02-2024.csv,1000.0,250,63.47667766225668,43.22955035211665,-31.401492431610823,145.2845680946112,176.686060526222,76.79897545334978,-0.4153124745136547,-0.9530894364263696,9.915453018115903e-05,58980826.30684223,1.8917513838822213,2.1824496957254467,1.1536662345379969,2.4607427887642253,28.354664245234098,12.49613011385028,-5.021467047631741,85.89369870662689,90.91516575425864,30.98612999847243,0.23584850542436228,-0.11819485210977465,-0.00014731584249175273,9601402.522822328,2.772004723108737,3.0281244819036917,1.0923951379519017,3.210379869037188,90.905789225659,110.51178551455698,-75.77135831564665,294.2066713154316,369.97802963107824,143.09688065207916,0.1585359416973428,-1.4306902298253266,-2.9906024153997732e-05,204767172.52355385,2.0559963989065255,2.599888114431382,1.26453923548413,3.142449400829689,148.26981309392835,73.15054791601625,283.0,283.0,94.0,160630.0790853868,45758.62901463256,593330.019230214,15.016956023336977,False,0,1,1
T1_1000doc_250RPM_02-02-2024.csv,1000.0,250,63.407662803188266,42.55303196753883,-29.44916043564677,145.2845680946112,174.73372853025796,76.36289826737332,-0.41103059370761963,-0.9652210217981745,2.3239558074528544e-05,58312922.31793207,1.9025543999904102,2.193307856393929,1.1528226769258132,2.471989278885382,27.798810850520727,12.5057245874929,-2.0887196900695564,85.89369870662689,87.98241839669645,30.48224125882566,0.20633105574880028,-0.15822812290322918,2.9609445886048817e-06,9291670.321612533,2.817827533654787,3.089373104121875,1.0963669945104437,3.2886480490092955,90.0235863445337,109.31522064259927,-75.77135831564665,294.2066713154316,369.97802963107824,141.61237079602853,0.16311730312704734,-1.4240632319412052,5.0744037546451903e-05,200540635.62471876,2.077549225831353,2.629152281326967,1.2655066116543563,3.1798803227269676,146.81131216583702,72.53248545701081,283.0,283.0,94.0,158116.38220075917,46062.1700512349,597747.3612997432,14.620562342196624,False,0,1,1
T1_1000doc_250RPM_02-02-2024.csv,1000.0,250,62.62712031083927,41.89795581891043,-29.44916043564677,138.45140610873702,167.9005665443838,75.34981685599313,-0.4589099196719549,-0.9388380189820196,-0.0002404091670461211,56775949.00231706,1.8374484754666653,2.111084520073051,1.1489217511456418,2.37292674550203,27.95796127525445,12.138293123097277,-1.1111372375488282,75.14029275417329,76.25142999172212,30.47926768495034,0.1870265867800825,-0.30943147821345685,0.00010481206689287554,9289857.58610858,2.4652919332203997,2.687412758593609,1.0900991977380357,2.8443130086591877,89.60736105639018,107.72524805039228,-70.90322673767805,284.4704081594944,355.37363489717245,140.1221189641693,0.16937610027182515,-1.425804841433587,0.00023511255898406243,196342082.2300881,2.030160621766193,2.5749850509706373,1.2683651841943715,3.1222180585081643,145.28808365004767,71.63910685615868,283.0,283.0,94.0,158468.26989621719,44609.242270080125,594425.4107914758,12.145082185289558,False,0,1,1
T1_1000doc_250RPM_02-02-2024.csv,1000.0,250,63.48116800410583,42.767025029034365,-30.4253264336288,143.33223609864714,173.75756253227595,76.54330226087428,-0.4296699341295689,-0.9547978196964428,0.0003061036602665704,58588771.20999562,1.872564050217527,2.1584153782997446,1.1526523635060768,2.435002238599426,28.344106337969656,12.204991283855433,-3.0663021425902843,75.14029275417329,78.20659489676358,30.86017135949052,0.1547185868831153,-0.3531602918445236,0.00010051181679684879,9523501.763371188,2.434863108142307,2.650758759073045,1.0886684964788254,2.80285725531552,90.15405228014336,108.93368872466517,-71.87685305327177,290.3121660530567,362.1890191063285,141.4012082045025,0.17158762719442125,-1.4289662724759735,6.633245504332161e-05,199943016.81693065,2.0531095153953047,2.6046594419891496,1.2686412597370138,3.1580903227923156,146.7669338215623,72.56029296830945,283.0,189.0,94.0,162161.44506166098,44395.17946343355,595140.7215884335,13.768296924946863,False,0,1,1
T1_1000doc_250RPM_02-02-2024.csv,1000.0,250,64.77829760285086,42.40688439148435,-30.4253264336288,143.33223609864714,173.75756253227595,77.42461936694447,-0.415225081144389,-0.950618594860027,-8.496357003544504e-05,59945716.841162324,1.8512488310642075,2.1304801684090138,1.1508340384389535,2.4014376020380883,28.350069582075392,12.10534805693053,-3.0663021425902843,75.14029275417329,78.20659489676358,30.82638313016868,0.11149365180891152,-0.4166770128580479,-2.665962809631587e-05,9502658.968879482,2.437531916633975,2.6502245103916797,1.0872573574550013,2.8010158241169636,90.47077295874966,108.4004830153944,-71.87685305327177,290.3121660530567,362.1890191063285,141.19357449163343,0.1669664304639607,-1.425907112376243,-0.00014413649466332086,199356254.7772444,2.0561287374324495,2.6076449357170817,1.2682303827791093,3.1620427866501823,147.0823251649155,72.4379229603575,283.0,189.0,94.0,157079.59467190836,44421.44160828551,595035.1363545333,10.771537245506702,False,0,1,1
T1_1000doc_250RPM_02-02-2024.csv,1000.0,250,63.75088273901245,41.739802963072144,-28.47299443766475,142.3560701006651,170.82906453832985,76.19964698999203,-0.4436933057817222,-0.945372577383123,-0.00014700001545952946,58063862.01399401,1.868198551095151,2.146217487245703,1.1488165891080342,2.415006179410409,27.568785686701233,12.270829929348423,-3.0663021425902843,72.20754567623139,75.27384781882168,30.176335287676267,0.163977693884943,-0.419368750392342,-0.00016273349255080784,9106112.11394256,2.3928533729448676,2.618877782452224,1.0944581109995843,2.7818231315088906,90.7935301210789,107.53450095044508,-71.87685305327177,290.3121660530567,362.1890191063285,140.73782010003046,0.16107220113861606,-1.4291860201955298,9.712391092702212e-06,198071340.06508535,2.0627871445409287,2.615323320017984,1.2678590357416748,3.1726622824014785,146.1617165494419,71.83929311054494,283.0,189.0,94.0,156493.3851110397,44791.98635468081,596385.8157830657,7.290937215842683,False,0,0,0
T1_1000doc_250RPM_02-02-2024.csv,1000.0,250,63.66703006101323,42.11668168787981,-28.47299443766475,138.45140610873702,166.92440054640176,76.33679056122384,-0.4594731002900925,-0.9512301270973493,0.0003287666070644254,58273055.931881525,1.8136917348875947,2.0837507948302503,1.148900198830863,2.3442463918519514,27.225360990499066,12.592116247887473,-4.043884688317776,82.960951628685,87.00483631700277,29.99636099034848,0.1819616052821748,-0.3773147097586764,0.0001582481358027229,8997816.726633001,2.765700534654127,3.0465671015495186,1.1015534991500866,3.254991944171488,91.14754067844731,108.40477414777655,-71.87685305327177,290.3121660530567,362.1890191063285,141.63145565078278,0.16207378496488248,-1.429558875173232,0.00022113628564858498,200594692.29759648,2.0497718160072598,2.5987836302807037,1.2678404542330284,3.1517178076048245,146.92363115183474,72.11104703698821,283.0,189.0,94.0,160464.4942480277,47817.13540972555,593173.2670268652,11.258981822082267,False,0,1,1
T1_1000doc_250RPM_02-02-2024.csv,1000.0,250,64.82407983198368,42.32911224932233,-29.44916043564677,145.2845680946112,174.73372853025796,77.42037890555126,-0.4288643275107184,-0.945891211336829,0.00012628093299519474,59939150.69879125,1.8765675155355495,2.1566330566016885,1.1492435197495208,2.4261833084987705,27.887477588098623,12.661275438993192,-4.043884688317776,82.960951628685,87.00483631700277,30.62710077641622,0.1601712588356138,-0.31024314990645285,0.00019520617390074815,9380193.019687552,2.708743221707991,2.9742013149321416,1.0980004642362395,3.1708671331162224,91.08016572084743,108.892788307702,-76.74498463124037,301.99568184018136,378.7406664714217,141.96209329663688,0.1720310190206477,-1.418898461490624,0.00029511804437130684,201532359.33163035,2.12729803306821,2.7013800692173238,1.2698644135542743,3.2812551337927167,147.65642860763944,72.6825246936841,283.0,189.0,94.0,152265.8138972738,48995.22649408582,579954.5086263196,10.734719990127815,False,0,1,1
T1_1000doc_250RPM_02-02-2024.csv,1000.0,250,64.62338010079755,42.356922736753305,-29.44916043564677,145.2845680946112,174.73372853025796,77.26765273631291,-0.4129542875913149,-0.954251509351518,-0.0001829601425632751,59702901.59379445,1.880276712823358,2.163875161652716,1.15082803871113,2.437321608604331,28.027565154821776,12.847219282204026,-7.954214498400688,84.91611634731294,92.87033084571362,30.83172800530023,0.13275839615903112,-0.3481123275618052,-4.961163733452091e-05,9505954.517928146,2.754179601374115,3.0282230995822994,1.099500954139468,3.234871578628883,90.981147916791,109.42378863940183,-81.61311620920897,301.99568184018136,383.6087980493903,142.30648192003585,0.1790259081815662,-1.4096086161506778,0.0001359716532239743,202511347.96457487,2.122149868126719,2.6970954525683983,1.270926004368014,3.2779466423345966,147.7286094119248,73.13192441641826,283.0,189.0,94.0,152774.33754126224,49372.93390460979,598978.8298815791,10.853595251050708,False,0,1,1
T1_1000doc_250RPM_02-02-2024.csv,1000.0,250,64.61244701498302,42.990320383692875,-40.186986413449056,144.30840209662915,184.49538851007821,77.60757666591934,-0.47495390073999433,-0.9141095859592268,0.00020506216661422873,60229359.559565485,1.8594628037136078,2.1353812305993687,1.1483860964224253,2.404627498857175,28.381254495846598,13.065909358010458,-7.954214498400688,84.91611634731294,92.87033084571362,31.24441700703916,0.1514161999194609,-0.4068638746407647,0.0001857604146083797,9762135.94109758,2.7178012740062294,2.9903624422297663,1.100287379666197,3.1936571869293084,91.8193428832066,110.31655202289842,-81.61311620920897,302.9693081557751,384.58242436498404,143.52885904139526,0.17395339936506318,-1.4051700436401224,0.00011987466457334328,206005333.77724713,2.110859865947903,2.6792628827103835,1.2692755809762073,3.250759485804738,149.20382458263083,73.06094481805272,283.0,189.0,94.0,156070.7549987903,50982.69642041067,594048.5013062276,12.006866921924946,False,0,1,1
T1_1000doc_250RPM_02-02-2024.csv,1000.0,250,65.2867824924852,44.760658963050695,-40.186986413449056,156.02239407241345,196.2093804858625,79.15731525909405,-0.48847827228069296,-0.8681202380999897,-1.5196800295645177e-06,62658805.59027603,1.9710420137637084,2.265635355870842,1.1494607116692592,2.5572174067744067,29.501075182747346,13.246732035907932,-8.931796857714653,94.69194590568544,103.6237427634001,32.3386664315222,0.26635184693123165,-0.13017194383927722,0.00016086474585584224,10457893.46569261,2.9281339138148326,3.2085536939055412,1.0957674028389544,3.40675907315272,92.51168863534394,112.39269566039069,-85.50762147158385,304.9165607869625,390.42418225854635,145.56967600421464,0.168410855981601,-1.406897222439639,-0.00018028215640949718,211905305.71972027,2.0946433979707035,2.6558145902592245,1.267907746412676,3.2214412338435734,152.00747151254902,73.45698797208127,283.0,189.0,94.0,161925.26090198362,50703.81436771785,588917.7234222755,13.617708245167858,False,0,1,1
T1_1000doc_250RPM_02-02-2024.csv,1000.0,250,64.93926733450118,45.25725777231148,-43.11548440739513,156.02239407241345,199.1378784798086,79.15382380536812,-0.4848588169925572,-0.8639269470137956,-4.8688658540908415e-05,62653278.2301126,1.971128955892996,2.268145022609184,1.1506832243665297,2.5629252288797804,30.1265324203139,13.129222909057694,-8.931796857714653,94.69194590568544,103.6237427634001,32.86311686173346,0.3138369114999147,0.046619672671338375,3.1817821411357515e-05,10799844.4986795,2.881404898509394,3.141978823211912,1.090432942915214,3.3197221322534523,90.77376553460984,112.36274304820788,-85.50762147158385,304.9165607869625,390.42418225854635,144.44813094896696,0.16548886622123446,-1.4089671787832936,-0.000342858139214427,208652625.34649906,2.1109069309777952,2.6723966204623464,1.265994526449569,3.2373917548771494,151.57014710207687,72.36757087939249,283.0,189.0,94.0,174489.4994571655,47914.19211487829,601005.8567290228,20.61987219771307,False,0,1,1
T1_1000doc_250RPM_02-02-2024.csv,1000.0,250,63.823607112060685,43.87930209284438,-43.11548440739513,154.0700620764494,197.18554648384452,77.45221737916727,-0.47715437374102176,-0.8587471936244082,-9.773406482494841e-05,59988459.7694978,1.989227258945984,2.2858286397988348,1.1491038188416989,2.574551511475513,29.67009916505774,12.780522566487024,-5.021467047631741,86.87128106594086,91.89274811357261,32.305673519319235,0.22033413167031055,-0.0859756251901258,-0.00015068330571663902,10436565.415368441,2.689041013616096,2.9271656652476747,1.0885537447832971,3.0931353067683918,88.2659960087297,109.6319741646278,-82.58674252480269,299.0748028934002,381.6615454182029,140.7482000263119,0.17038309886176364,-1.4023013697151245,-5.461695055823159e-06,198100558.10646707,2.124892558750238,2.6906031924467038,1.2662302295553194,3.2572326543774404,147.80022191023093,70.76477041876011,283.0,189.0,94.0,169507.05806187785,46175.83111676105,610743.0296677034,12.637265365216555,False,0,1,1
T1_1000doc_250RPM_02-02-2024.csv,1000.0,250,59.01306058041801,42.54625361961713,-39.21082041546703,154.0700620764494,193.28088249191643,72.75111694079251,-0.2818101114569059,-0.9151488052750985,-0.002134745999149201,52927250.16132869,2.1177690261695528,2.4701755507915593,1.1664046079942019,2.8076625134517816,25.613425265616666,13.659089056106332,-8.931796857714653,83.93853398799897,92.87033084571362,29.027887757809285,0.1461022093659219,-0.26686432961280504,-0.001414512654609362,8426182.67679974,2.8916514590496596,3.2586457937476325,1.1269151347924156,3.5600989019224074,79.83945414097111,106.27147880938674,-90.3757589906454,304.9165607869625,395.29231977760793,132.9208999588182,0.26881578867565203,-1.264172589189542,-0.003950195192880026,176679656.45862162,2.2939700294041967,2.9309954507331426,1.277695616404543,3.552178138080965,137.1014597259139,70.75661573802559,94.0,189.0,94.0,164726.93199781346,44690.86734746084,610420.7723361287,5.972240891456926,False,0,0,0
T1_200doc_250RPM_02-02-2024.csv,200.0,250,7.71348265127195,1.5368649567547024,3.740486660180614,11.549815202467144,7.80932854228653,7.865098124421206,-0.04096671756933278,-1.098966049865447,6.959482545438345e-05,618597.6850677398,1.4684896513375791,1.4973541426922876,1.0196559038250064,1.51277142774599,16.852917690451502,1.776680035409056,11.597434924840927,23.328424727916715,11.730989803075788,16.94631011841086,-0.0008609490465628128,-0.14393491682513737,0.00012000305018071654,2871774.266293543,1.376607920244076,1.384236555141671,1.0055416177587027,1.388130097530975,24.175966450098162,1.476855984611412,18.67040172331035,29.380291194841263,10.709889471530914,24.221033367623978,-0.02654942950800134,-0.18823250038144712,0.000110486868097358,5866584.5739555415,1.213007337420773,1.215268529408551,1.0018641206182528,1.2164077729869447,30.525548313597362,1.9714341698154627,944.0,203.0,100.0,4639.023710589213,3801.3395980450973,6304.4069349640195,1.2734118390117828,False,0,0,0
T1_200doc_250RPM_02-02-2024.csv,200.0,250,7.9966684359898546,1.4564280563238237,3.740486660180614,11.549815202467144,7.80932854228653,8.128215594975542,-0.1695688103684326,-1.0648700085194247,2.9156767636949032e-05,660678.8875840361,1.4209533528621787,1.4443283843664163,1.0164502455039457,1.4568325409634122,17.36829911311531,1.6932307276638492,11.597434924840927,23.328424727916715,11.730989803075788,17.4506402283626,-0.020184626934147396,-0.00481088056928991,9.455629555078227e-05,3045248.443797471,1.3368234301226911,1.3431611567710013,1.004740885374614,1.3463908552198542,24.768515425768502,1.4288022110835457,19.644028038904068,29.380291194841263,9.736263155937195,24.809692302705592,0.12629453272804822,-0.3682102304780033,0.0001229764297635334,6155208.321549291,1.184226343332651,1.186195082337264,1.001662468510093,1.1871816172879852,31.348457030223113,1.84059966242942,944.0,203.0,100.0,4531.407941115451,3904.2188523564555,6668.892923366432,1.2984593178618047,False,0,0,0
T1_200doc_250RPM_02-02-2024.csv,200.0,250,8.02966285144969,1.442660828504104,3.740486660180614,11.549815202467144,7.80932854228653,8.158232392746072,-0.2137661646321907,-1.0299036752954929,5.531073018744312e-06,665567.5577405131,1.415725202034783,1.4383935435573014,1.0160118231207143,1.4505548364993928,17.60790455355882,1.6774889432809479,12.575017284154892,23.328424727916715,10.753407443761823,17.687630477881076,0.02771375676875697,-0.09489609544460142,3.162560227708128e-05,3128522.7192206746,1.318911809984363,1.3248836428524193,1.004527848505752,1.3279162539866607,25.084067714652424,1.46606309949029,20.617654354497787,29.380291194841263,8.762636840343475,25.12687394255312,0.08593098792402859,-0.49942822366368045,4.8154194973965826e-05,6313597.941249549,1.1692776133637879,1.1712729980265233,1.00170651061812,1.1722740372418894,31.74115837769896,1.8076743796671297,944.0,203.0,100.0,4255.217583040853,3677.635270088669,7808.206579815547,1.8875331080424105,False,0,0,0
T1_200doc_250RPM_02-02-2024.csv,200.0,250,8.081692505135951,1.420585721955937,3.740486660180614,11.549815202467144,7.80932854228653,8.205596720592334,-0.24960874968871624,-1.0125669502387398,9.74987285111873e-06,673318.1754099567,1.407553356050552,1.4291332162325139,1.015331468671648,1.4407186423708582,17.791885556415195,1.7107601528743908,11.597434924840927,23.328424727916715,11.730989803075788,17.873944498997375,-0.020742138082908534,-0.07730688419318366,3.936805311920246e-05,3194778.9195323857,1.3051637666898488,1.31118338491702,1.0046121554863865,1.3142488251052011,25.26477275897515,1.4146328008128366,20.617654354497787,30.353918995708227,9.73626464121044,25.304346040231664,0.10880513093734993,-0.4017333191198378,4.531473843266948e-05,6403099.285237879,1.199553584488933,1.2014324959612073,1.0015663422597956,1.2023742271887434,31.998440971742767,1.7942723862100676,945.0,393.0,100.0,4062.0300847000867,3956.377346734714,7444.67971219927,2.2212558225604844,False,0,0,0
T1_200doc_250RPM_02-02-2024.csv,200.0,250,8.10843945584468,1.4172758195313062,4.716652844306082,11.549815202467144,6.833162358161062,8.231370551598738,-0.258457258613004,-0.9803925156126612,-6.340866018368609e-06,677554.6115772692,1.4031460654172445,1.4244189976829476,1.0151608822417053,1.4358450176413404,17.8680392175827,1.613358255169064,10.619852565526962,23.328424727916715,12.708572162389753,17.940728812971773,-0.06745969972230505,0.06543183745572012,-2.193596477110765e-05,3218697.503405956,1.3003052981353493,1.3055951156051206,1.0040681349813438,1.3082902319846874,25.311214734377497,1.386025203235881,21.591280670091507,30.353918995708227,8.76263832561672,25.349135235620427,0.08934206273357027,-0.44420593470835446,-1.7709435300634798e-05,6425786.5719377315,1.1974341023300517,1.1992280621159508,1.00149816994723,1.2001275055293728,32.08037011030101,1.747490279858888,945.0,945.0,100.0,4396.1710298172065,3136.9122291306944,7085.295599408628,1.9462460895620983,False,0,0,0
T1_200doc_250RPM_02-02-2024.csv,200.0,250,8.0797401725071,1.443140998096822,3.740486660180614,11.549815202467144,7.80932854228653,8.207609712675971,-0.2555521381129677,-0.9905077796153665,-3.762769010902884e-06,673648.5719561294,1.4072081405904833,1.4294785421154577,1.0158259470526012,1.4414692087652878,17.8222883597368,1.5593190268215706,10.619852565526962,24.30600708723068,13.686154521703717,17.8903727799344,-0.0769519670131816,0.0407776858908,-5.857939002393228e-06,3200654.382050176,1.3586081959394367,1.3637983291832245,1.0038201839642216,1.3664408249585673,25.191945510568736,1.4190638659126116,21.591280670091507,30.353918995708227,8.76263832561672,25.231881833565307,0.08476370523085347,-0.512944352152028,-1.7299711935515198e-05,6366478.6086300295,1.202998618808099,1.2049057101593799,1.0015852814138477,1.2058621623610228,31.953541075587225,1.7462442539327823,945.0,393.0,100.0,3367.8632035820165,2900.935213388346,7240.869326642963,1.7540791872818915,False,0,0,0
T1_200doc_250RPM_02-02-2024.csv,200.0,250,8.010139529442473,1.4259708104949986,3.740486660180614,11.549815202467144,7.80932854228653,8.136075714588737,-0.20774155747259176,-1.0477703781036236,-1.70453184033736e-05,661957.2803352063,1.4195805948262326,1.4418993776592857,1.0157220963109777,1.45385149715659,17.845750340237736,1.5947630090651685,11.597434924840927,24.30600708723068,12.708572162389752,17.91686563719162,0.05664378645359105,-0.07645611509291061,8.292742378457893e-06,3210140.742611778,1.3565992835698089,1.3620053303349575,1.003984998982841,1.3647419474201796,25.215312542291514,1.3459401042186818,21.591280670091507,30.353918995708227,8.76263832561672,25.251208711061487,0.09133487658657374,-0.33947916483146434,3.051220295769066e-05,6376235.413695876,1.2020778626098583,1.2037891239618055,1.0014235861129925,1.2046469755012452,31.967194298686074,1.712259423784497,944.0,202.0,100.0,3328.677254144544,3403.2378772922434,6436.747891445806,1.9018062115563388,False,0,0,0
T1_200doc_250RPM_02-02-2024.csv,200.0,250,8.005161082052346,1.425732817450587,3.740486660180614,12.52598120044917,8.785494540268555,8.131132640435837,-0.16899398347366268,-0.9760028629264164,3.94938103632268e-05,661153.1801636107,1.5404964787018607,1.564738182287493,1.015736292760669,1.577682948796348,17.938816185616613,1.630256239602778,12.575017284154892,24.30600708723068,11.730989803075786,18.01274164440561,0.11049138063995312,-0.12315072234710822,4.443006420552342e-05,3244588.6154810423,1.34937854364772,1.3549393023336342,1.004120977550808,1.3577479301813329,25.36729561030422,1.3608806282511658,20.617654354497787,30.353918995708227,9.73626464121044,25.403773000578255,0.09425750292866147,-0.33334325369959705,3.606289514674634e-05,6453516.826649087,1.1948586926444862,1.1965768626663709,1.0014379692196758,1.1974381451903924,32.13914553653519,1.7323932610075732,945.0,393.0,100.0,4605.842217438344,3720.097865868559,6600.965277088591,1.8587208893587779,False,0,0,0
T1_200doc_250RPM_02-02-2024.csv,200.0,250,8.117224948225685,1.469553488032429,3.740486660180614,12.52598120044917,8.785494540268555,8.249177432585975,-0.2102379819436194,-0.8933124891246109,4.391968473654793e-05,680489.2831428575,1.5184521490553622,1.5431358968544022,1.016255861479992,1.556406722496675,18.06746602619016,1.5880769242283312,12.575017284154892,24.30600708723068,11.730989803075786,18.137125376552984,0.09682151472144276,0.0470103951060139,4.324081158036161e-05,3289553.1692480217,1.3401245557166739,1.3452914233793096,1.0038555130122755,1.347901641252717,25.449274945780157,1.3218725348138536,20.617654354497787,30.353918995708227,9.73626464121044,25.48358181779415,0.04967760788215194,-0.25799615724668,1.0649612288977403e-05,6494129.422642086,1.1911166653391447,1.192722349079785,1.001348049093229,1.193528044394232,32.30314592908287,1.7099563116270202,945.0,945.0,100.0,4571.891337168186,3265.4797525999843,6225.121311681294,1.452822790800403,False,0,0,0
T1_200doc_250RPM_02-02-2024.csv,200.0,250,8.21659865836115,1.4426489489784196,3.740486660180614,11.549815202467144,7.80932854228653,8.342285628205904,-0.2938013838927398,-0.8449413898904625,2.0147038193024846e-05,695937.2950257077,1.3844905002312962,1.4056686571534243,1.015296715231047,1.4171027748340128,18.153493273213268,1.5658413550024253,12.575017284154892,24.30600708723068,11.730989803075786,18.220899461048436,0.05988374449260119,-0.057618062183907526,2.192567495943624e-05,3320011.7716963515,1.3339630757082341,1.3389162472159488,1.003713124896718,1.341420860228351,25.474783955100186,1.2453941545182865,21.591280670091507,29.380291194841263,7.789010524749756,25.50520778506103,0.08790184357107855,-0.26903309762770666,8.874138561997507e-06,6505156.241591379,1.1519330264797902,1.1533087482360835,1.0011942723445455,1.1539980690087874,32.393171173916464,1.671224739133327,945.0,393.0,100.0,3053.0280155806668,3243.2579050183513,5581.261816286238,1.6483429531024558,False,0,0,0
T1_200doc_250RPM_02-02-2024.csv,200.0,250,8.21435347412731,1.4606962847302218,3.740486660180614,12.52598120044917,8.785494540268555,8.343215005867469,-0.24671162946722608,-0.9071009009256685,-1.3209666633388461e-05,696092.366341321,1.501337457040256,1.5248894803348993,1.0156873614151172,1.5375613276879414,18.18145213092661,1.6143952504106502,12.575017284154892,24.30600708723068,11.730989803075786,18.252985334287764,0.049806724751561636,-0.1428038144995769,6.614026199359568e-06,3331714.7361372416,1.3316181787300552,1.3368573044771388,1.0039344053954566,1.3395091667835923,25.473031427880645,1.3256802352601829,21.591280670091507,30.353918995708227,8.76263832561672,25.507503958873635,0.07026196213794948,-0.3649834556394964,1.7810410719867406e-06,6506327.582119542,1.1899995799137613,1.191610000625421,1.0013532951934123,1.1924175783403919,32.41039237214112,1.726248749070482,944.0,204.0,100.0,3704.213384552249,3608.936174753962,6332.239561749372,2.1274124228162727,False,0,0,0
T1_200doc_250RPM_02-02-2024.csv,200.0,250,8.187606521612992,1.4819402364161898,3.740486660180614,12.52598120044917,8.785494540268555,8.320639844210831,-0.22643757474651074,-0.9607385072731502,7.0431041323024625e-06,692330.4741706884,1.5054108139489113,1.5298709296036739,1.016248133352118,1.5430291501639644,18.211561667295214,1.6204737644452283,12.575017284154892,24.30600708723068,11.730989803075786,18.283514803859564,0.007204770720292503,-0.04867973329489095,1.2969803442632998e-05,3342869.135829518,1.3293946677090662,1.3346470517616302,1.0039509591697215,1.3373116161554162,25.49523010802471,1.3317720120132908,21.591280670091507,30.353918995708227,8.76263832561672,25.52998971705847,0.02588759681284821,-0.2970054719676005,2.1147882354511473e-05,6517803.749531113,1.1889514775411967,1.1905724665789241,1.001363376948805,1.1913863662781576,32.43918932430911,1.73185794300849,945.0,945.0,100.0,4124.326669670721,3031.021104766225,6172.445008382418,1.8854243125197478,False,0,0,0
T1_200doc_250RPM_02-02-2024.csv,200.0,250,8.104534789321201,1.4728582490835367,3.740486660180614,11.549815202467144,7.80932854228653,8.237280836126146,-0.2536432495022997,-0.9701491161382996,-4.065091881228969e-05,678527.9557321107,1.4021393020635224,1.4251052654725544,1.0163792309189486,1.4375002126851806,18.187024344856855,1.5988967232489137,12.575017284154892,24.30600708723068,11.730989803075786,18.257171885372394,-0.11024170189905988,-0.01436011447880059,-2.8823432645600086e-05,3333243.252520321,1.3313128254384567,1.336447712740002,1.0038570103160045,1.3390657503560728,25.505647909453035,1.3503547107207883,20.617654354497787,30.353918995708227,9.73626464121044,25.541369053473847,-0.007021227875001788,-0.27593266148254925,-2.1706921370261814e-06,6523615.331257515,1.1884217690977623,1.19008617634286,1.001400518981036,1.1909227326746898,32.41161860024928,1.7394348688496462,945.0,945.0,100.0,4431.91647158701,3265.9044460344953,6264.270754702262,2.053774704228137,False,0,0,0
T1_200doc_250RPM_02-02-2024.csv,200.0,250,7.978804595676618,1.4869072769979594,3.740486660180614,11.549815202467144,7.80932854228653,8.116170034343773,-0.17436815903898129,-1.0336027625698967,-2.195954385959112e-05,658722.160263798,1.4230622514799243,1.4475621083295496,1.017216293120098,1.4607193962702798,18.143326422343375,1.7044686509671252,12.575017284154892,24.30600708723068,11.730989803075786,18.223213411740335,0.017991343302520627,-0.10941354795002711,-1.4571612285828836e-06,3320855.070498328,1.3337936914886532,1.3396665264919672,1.004403105998169,1.3426487345359275,25.44547780329787,1.3642884830578321,20.617654354497787,30.353918995708227,9.73626464121044,25.482025502363985,0.06009323107904206,-0.27345567517710423,1.8159691253839477e-07,6493336.237031285,1.1911894128232574,1.192900334996822,1.0014363141202787,1.193758822467615,32.3132580142346,1.7733311266779563,944.0,203.0,100.0,3078.877647647941,5094.678689028434,6288.748774599114,3.986283753285477,False,0,0,0
T1_200doc_250RPM_02-02-2024.csv,200.0,250,7.9249202264638905,1.4817997171066941,3.740486660180614,11.549815202467144,7.80932854228653,8.06226339171786,-0.1067935386582462,-1.0706971623976171,-3.8212218803408246e-06,650000.9099743397,1.432577260416963,1.457404601234792,1.0173305423056924,1.4706484287141084,18.204816354086397,1.6674503351686982,12.575017284154892,24.30600708723068,11.730989803075786,18.28102100830984,0.06223985375144893,-0.12027245632785633,2.228201875738488e-05,3341957.2910626573,1.329576016360471,1.3351415699271671,1.004185961162214,1.3379595729746945,25.454045715023625,1.413783608178087,20.617654354497787,30.353918995708227,9.73626464121044,25.49327808174667,0.08493453400433798,-0.40966093980624585,2.1201632271300104e-05,6499072.273532651,1.190663628991746,1.192498800997775,1.0015413018096329,1.19341916284298,32.34042545226489,1.7888345433445336,944.0,203.0,100.0,4740.860443135368,4575.648686886624,6878.254507017224,3.3215589076512377,False,0,0,0
T1_200doc_250RPM_02-02-2024.csv,200.0,250,7.900418457941421,1.4535758324032249,3.740486660180614,11.549815202467144,7.80932854228653,8.033025240289504,-0.10323908962190079,-1.1013682079955593,4.4161584955931484e-06,645294.9451112824,1.437791474193214,1.4619244871589538,1.01678477957263,1.4747646793245612,18.164344437401652,1.6244035962521877,12.575017284154892,24.30600708723068,11.730989803075786,18.236833493895844,-0.01532853888129924,-0.1644841538638624,-2.211766871366717e-05,3325820.958840813,1.3327975547600566,1.3381163945109362,1.0039907334252554,1.3408170175526009,25.44129120999229,1.3353282297206013,20.617654354497787,30.353918995708227,9.73626464121044,25.476310563202034,0.08763529672463835,-0.25181141518406447,-1.293843650718401e-05,6490423.999127194,1.191456624788968,1.1930966374767356,1.0013764770396556,1.1939188147039377,32.29837801687334,1.7230112556456891,944.0,944.0,100.0,4685.923036447133,3402.406385722771,5939.890218758459,3.239204278707575,False,0,0,0
T1_200doc_250RPM_02-02-2024.csv,200.0,250,7.9529361948872745,1.5005949483412548,2.764320569126867,12.52598120044917,9.761660631322304,8.093267530419055,-0.1632125987477013,-0.9317944103474902,4.211284237475688e-05,655009.7931893537,1.5477038357337727,1.5750134156114293,1.0176452233606497,1.589708955464875,17.827958343386054,1.6965976445131166,12.575017284154892,24.30600708723068,11.730989803075786,17.90850474665252,-0.03188520538590971,-0.1608843212327309,-5.553710460753801e-05,3207145.4226087583,1.3572326350570385,1.3633645883095693,1.0045179824697283,1.3664868578347686,25.176951665160065,1.3013797458612812,20.617654354497787,29.380291194841263,8.762636840343475,25.21056295271377,-0.023605968406754597,-0.0834141376267099,-5.46081574757994e-05,6355724.843927439,1.1653960782211985,1.166951884627788,1.0013350022671814,1.1677341297773869,31.917439566470474,1.750730559869275,943.0,393.0,100.0,3700.8776330643677,3043.0981870027235,5131.335017788942,3.4968268959412523,False,0,0,0
T1_200doc_250RPM_02-02-2024.csv,200.0,250,7.684978599467981,1.6113943060436484,2.764320569126867,12.52598120044917,9.761660631322304,7.8521008452407655,-0.023076149121878494,-0.9461603423614657,-8.268818858413344e-05,616554.8768383075,1.5952394712354323,1.629930524636246,1.0217466117321854,1.6486044340349952,17.46830579056096,1.6767945108072395,11.597434924840927,23.328424727916715,11.730989803075788,17.548599574439518,-0.023867401832256205,-0.062236495356775556,-1.5657355444183055e-05,3079533.4702401888,1.3293610483822211,1.3354715109534139,1.0045965410063948,1.33858347729819,24.922835196790103,1.2705300260775523,20.617654354497787,29.380291194841263,8.762636840343475,24.955199073410014,0.06062757928537375,-0.156777587176955,-4.54371933502995e-07,6227619.6079352405,1.1773214514704562,1.1788502777816086,1.001298563199747,1.1796171406247686,31.45325129929137,1.750365163330002,943.0,394.0,100.0,3969.026629544903,3057.7029190958697,4958.098434103753,2.884983238347999,False,0,0,0
T1_200doc_250RPM_02-02-2024.csv,200.0,250,7.377779127998052,1.5558993894738469,2.764320569126867,11.549815202467144,8.785494633340278,7.540056218072169,0.13838647093388123,-0.9743730805037765,-1.3232144180295308e-05,568524.4777168878,1.531794308745908,1.5654867138318855,1.0219953846894507,1.5833049308238574,17.432624037577746,1.7488724652009193,11.597434924840927,23.328424727916715,11.730989803075788,17.520129444015858,0.059465652722095905,-0.02839671380094888,3.115751663058343e-05,3069549.3573507145,1.331521254021598,1.3382050044577332,1.0050196348093945,1.3416004234121066,24.953699150994424,1.2769129544339328,20.617654354497787,29.380291194841263,8.762636840343475,24.986348432925144,0.11548762580443167,-0.17983671738033324,3.81229677309e-05,6243176.080115409,1.1758537376404352,1.1773922181661967,1.0013083944682173,1.1781628393537005,31.38472058454101,1.7675704649570587,942.0,203.0,100.0,3196.443051819857,3675.2933713047664,5106.092135902443,1.5994140183974712,False,0,0,0
T1_200doc_250RPM_02-02-2024.csv,200.0,250,7.412042559487944,1.536143866799076,3.740486660180614,11.549815202467144,7.80932854228653,7.569551696313661,0.10846760454759652,-1.0506581024629218,3.4488227861482864e-06,572981.1288316501,1.5258255265092984,1.5582499843693631,1.0212504361060493,1.5753942123261468,17.58346499502337,1.7533634449016877,11.597434924840927,24.30600708723068,12.708572162389752,17.670668482010793,0.04722850489738787,-0.12933755737125763,2.311936767885769e-05,3122525.2460112963,1.3755001465832963,1.38232180597567,1.0049594028828848,1.3857875923032184,25.105876944121725,1.2822861727767998,20.617654354497787,29.380291194841263,8.762636840343475,25.138602088466993,0.06928092596074421,-0.2330137252845046,3.389850630968471e-05,6319493.14962277,1.168732099400239,1.1702555246420239,1.0013034854117266,1.1710194717990992,31.596595022318095,1.776270092692851,943.0,203.0,100.0,4024.3269079179936,3383.588987242415,4934.910924701312,1.5600565679527296,False,0,0,0
T1_200doc_250RPM_02-02-2024.csv,200.0,250,7.5137590655987,1.5217809215386457,3.740486660180614,12.52598120044917,8.785494540268555,7.666315442833386,0.10805593248193213,-1.0534760049219012,1.1962282642833055e-05,587723.9246902566,1.6338984866789807,1.6670725120530723,1.0203036024848275,1.6845574179423364,17.74173558496153,1.7854361237462322,11.597434924840927,25.28358944654465,13.686154521703722,17.831347781888734,0.07120792306677311,-0.1208560232934972,9.836799337909189e-06,3179569.637186683,1.4179292421308243,1.4250910980758749,1.0050509261902858,1.4287261726192215,25.174907049897318,1.1860461098056396,21.591280670091507,29.380291194841263,7.789010524749756,25.202830205069322,0.12055430753955784,-0.19445607524721353,-1.3707375421151368e-05,6351826.503455546,1.1657536457525188,1.1670466602561338,1.0011091661675915,1.1676939260666053,31.763117111916078,1.7367780134354072,943.0,203.0,100.0,3485.172843565745,3425.1851835582456,3978.368064159517,1.7732972139041492,False,0,0,0
T1_200doc_250RPM_02-02-2024.csv,200.0,250,7.586190587470081,1.5254299609527955,3.740486660180614,12.52598120044917,8.785494540268555,7.7380374899060875,0.1277004846014531,-1.045478111530304,-1.258306622715957e-05,598772.241951921,1.6187542664129935,1.6511556170415778,1.0200162256253895,1.668182532943021,17.867159404196737,1.7511875495660187,11.597434924840927,25.28358944654465,13.686154521703722,17.952772571631684,0.08474491721343656,-0.06997277023379889,3.617700704386814e-06,3223020.4300873093,1.4083389819406977,1.4150872488777315,1.0047916496124636,1.4185077084783488,25.180359357264642,1.2880941149497191,21.591280670091507,29.380291194841263,7.789010524749756,25.213283875964134,0.0862711654403779,-0.2004015502783396,6.301679555538622e-07,6357096.83809953,1.1652703130372297,1.1667939594501824,1.0013075476101174,1.1675577070938352,31.853670831606763,1.7979448171510692,943.0,943.0,100.0,4630.69773049078,3427.970692395842,5319.283971075951,1.593622919632163,False,0,0,0
T1_200doc_250RPM_02-02-2024.csv,200.0,250,7.743646180646823,1.5481142546834203,3.740486660180614,11.549815202467144,7.80932854228653,7.89688001153621,-0.0017183062505096306,-1.0613554123299425,4.513814604996383e-05,623607.1391660012,1.4625795485805178,1.4915215562576742,1.0197883306280644,1.5069301628340102,18.052606782232523,1.694562245335061,12.575017284154892,25.28358944654465,12.708572162389757,18.13196494694446,0.1609545945248707,0.02519333547472158,4.165946317355463e-05,3287681.5283722263,1.3944208209384035,1.4005506103101353,1.0043959393604054,1.4036428871049753,25.277332538297777,1.241234636770166,21.591280670091507,29.380291194841263,7.789010524749756,25.30778938736462,0.016901426177879916,-0.1241854632314805,2.5364171124234313e-05,6404842.036752053,1.1609189070267005,1.1623177069940855,1.0012049075597949,1.163019919960389,32.069043190737894,1.7859281227461006,943.0,943.0,100.0,4543.296573332216,3369.4574269095306,4419.269824132503,1.363791969770395,False,0,0,0
T1_200doc_250RPM_02-02-2024.csv,200.0,250,7.823887035062576,1.5424580963636092,3.740486660180614,11.549815202467144,7.80932854228653,7.9744833886878155,-0.0600519292976686,-1.0269667496060824,-2.779810848651898e-05,635923.853164579,1.4483465121829844,1.476224688662669,1.0192482781193473,1.4911363505940303,18.131106646431085,1.705461832267947,12.575017284154892,25.28358944654465,12.708572162389757,18.211140224752,0.08788439265843861,0.008246118391443069,-1.9868091268658992e-05,3316456.282855803,1.38835839681142,1.3944868308146792,1.0044141584891437,1.3975894539759586,25.338670996328712,1.159338678830696,20.617654354497787,30.353918995708227,9.73626464121044,25.365179164209,0.040555013383884106,-0.07049699768169404,-6.648463788651559e-06,6433923.140324224,1.1966767038861876,1.1979286127558215,1.001046154626031,1.1985564173280507,32.18131358689039,1.730139721723316,943.0,943.0,100.0,4291.650622991535,3207.6583055822002,3605.989492172553,1.2060722279260323,False,0,0,0
T1_200doc_250RPM_02-02-2024.csv,200.0,250,7.688297563684285,1.5879574443486537,3.740486660180614,12.52598120044917,8.785494540268555,7.850575028162969,0.035222063880915304,-0.9990390038472436,-2.735476315162334e-05,616315.28272816,1.5955495177759282,1.6292268992833614,1.0211070738527606,1.6471732989319445,18.064044491511698,1.6926008327692048,12.575017284154892,24.30600708723068,11.730989803075786,18.143169540364365,0.010474676845439368,-0.10223862770310266,1.949298680110115e-06,3291746.0097040525,1.3396781104401534,1.3455462368160176,1.004380250994723,1.348526991285359,25.32367715106857,1.2353080287511278,20.617654354497787,30.353918995708227,9.73626464121044,25.353788876170935,0.06678281176018876,-0.16158907416303858,1.0043553307415666e-05,6428146.10377449,1.1972143155391155,1.198637891907708,1.0011890739612077,1.1993516113992817,32.1028877373651,1.7393500345829414,943.0,394.0,100.0,4113.755360443188,3180.754771797073,4984.928100474139,1.2617143915210163,False,0,0,0
T1_200doc_250RPM_02-02-2024.csv,200.0,250,7.626896717124741,1.559469366375664,3.740486660180614,12.52598120044917,8.785494540268555,7.784696412728775,0.06084656840081762,-0.9951550037405141,-6.6076116507251345e-06,606014.9823835227,1.6090519830635797,1.642343100349644,1.0206898954393502,1.6600114673068556,18.050553854654904,1.6855796275461492,12.575017284154892,24.30600708723068,11.730989803075786,18.129083626609365,0.014345807776180303,-0.04168893790660455,-9.938745759957942e-06,3286636.731405957,1.3407190119391914,1.3465518721998997,1.0043505463924705,1.349514325911455,25.364764181438094,1.2616820337999024,21.591280670091507,29.380291194841263,7.789010524749756,25.39612378955454,0.04292722278827618,-0.17816441266750882,1.4520957051120843e-05,6449631.035343781,1.1568809255420867,1.1583112298888127,1.0012363453447517,1.1590288450378086,32.11106114811478,1.7629596862547607,943.0,394.0,100.0,4326.507420901364,3173.9739927548353,5158.747225896931,1.4181375244357972,False,0,0,0
T1_200doc_250RPM_02-02-2024.csv,200.0,250,7.613816091951364,1.4891795839153645,3.740486660180614,11.549815202467144,7.80932854228653,7.758082966507119,0.034489401168826914,-1.090753112873635,1.610327928508454e-05,601878.513152079,1.4887460281527716,1.51695484405994,1.0189480377268714,1.5318709354168476,17.913692321070073,1.7060666205663486,12.575017284154892,24.30600708723068,11.730989803075786,17.994750231325124,0.04168463917835272,-0.052683066585190286,-3.297358621528751e-05,3238110.3588777557,1.3507276719472865,1.3568395979784675,1.0045249136136893,1.359941472984742,25.33730791933835,1.2711860519110465,20.617654354497787,29.380291194841263,8.762636840343475,25.369175914442685,-0.024388250213335756,-0.04578538930239873,-1.460677247543606e-05,6435950.865779389,1.1581097980449198,1.1595664104637242,1.001257749844845,1.1602985963243448,32.006536453782516,1.7820207668860495,943.0,394.0,100.0,3611.8389140163486,3120.96295186202,4866.026205164096,1.6797084245260585,False,0,0,0
T1_200doc_250RPM_02-02-2024.csv,200.0,250,7.677462120864697,1.4903740221339021,3.740486660180614,11.549815202467144,7.80932854228653,7.820782527545682,0.006461272880395851,-1.141533358557824,4.9888075583317485e-05,611646.3934316384,1.4768106850928775,1.5043793144975246,1.018667680077703,1.5189764012176399,17.84653241030085,1.6577509361516694,12.575017284154892,24.30600708723068,11.730989803075786,17.923360656925652,0.04581211422912092,-0.025715862618906016,4.741156383944925e-05,3212468.572382304,1.3561076827318512,1.3619456445892806,1.004304939741709,1.3649057551953359,25.250168364092712,1.2054248756349162,20.617654354497787,29.380291194841263,8.762636840343475,25.278925047276587,0.012336282126974919,-0.03913035293733014,1.3029118114135468e-05,6390240.5154582765,1.1622444838890227,1.1635681303662846,1.0011388709480753,1.164232578217609,31.914275087167677,1.707218143006464,944.0,944.0,100.0,4551.710258775518,3295.059888914879,3943.3205889981946,2.2416552302927952,False,0,0,0
T1_200doc_250RPM_02-02-2024.csv,200.0,250,7.821837086448198,1.4926211850779014,3.740486660180614,12.52598120044917,8.785494540268555,7.962980183893453,-0.06044314410186079,-1.0633431608627122,3.894477530546651e-05,634090.5340907981,1.5730267953931618,1.601411671198213,1.0180447503425754,1.6165249979760385,17.903818731933594,1.549274999303762,12.575017284154892,23.328424727916715,10.753407443761823,17.97072558939688,-0.030430915030495685,-0.04708453599029516,1.167958226557917e-05,3229469.7820940386,1.2981348255454412,1.3029859761877332,1.0037370160223948,1.3054490550170552,25.1991503451556,1.3029610834343472,20.617654354497787,29.380291194841263,8.762636840343475,25.232813669955636,0.04283528917940378,-0.2897726142893564,4.962631797784811e-06,6366948.857026999,1.1643684124622207,1.1659238820522162,1.0013358912637507,1.1667044711099166,31.939410808782768,1.7102498381799023,943.0,394.0,100.0,3771.7172064632155,3498.4548964454507,4915.938773877593,4.127552397590695,False,0,0,0
T1_200doc_250RPM_02-02-2024.csv,200.0,250,7.825546516291199,1.5227092916341984,3.740486660180614,12.52598120044917,8.785494540268555,7.972315966233805,-0.043130120560007854,-1.0383647642082867,-3.511539554533415e-06,635578.2186546645,1.5711847414856737,1.6006525773468498,1.018755169321026,1.6163571493380346,17.908706641493197,1.5894851996726695,11.597434924840927,23.328424727916715,11.730989803075788,17.979105560929362,-0.11496090713653856,-0.06860247592794577,2.030044042957262e-05,3232482.367710411,1.2975297713703862,1.302630345949518,1.0039309884764684,1.3052320278064757,25.155337160953884,1.3523973173837847,20.617654354497787,29.380291194841263,8.762636840343475,25.191664617196977,0.08008155022103047,-0.37722472101899873,2.119216868942895e-05,6346199.661853341,1.1662703374823804,1.1679545778637128,1.0014441251973947,1.1687991622066565,31.91198992943504,1.7466893156706702,943.0,393.0,100.0,4013.9202054311804,3355.5435013725732,5539.015595538527,6.848852816589102,False,0,0,0
T1_200doc_250RPM_02-02-2024.csv,200.0,250,7.782009509337547,1.5258647108078882,3.740486660180614,12.52598120044917,8.785494540268555,7.9301913671177475,-0.038600965027018985,-1.0600893597496968,6.086158255463873e-06,628879.3511910884,1.579530760428771,1.6096075422960334,1.0190415929975927,1.6256404527777533,17.924836753106234,1.651635109043481,11.597434924840927,23.328424727916715,11.730989803075788,18.00076862689294,-0.0838471376562097,-0.12841153151383544,8.46356294237794e-06,3240276.7115893313,1.2959682562145887,1.3014581415294664,1.0042361263777504,1.3042575847066993,25.23497979356945,1.2125624533524937,20.617654354497787,29.380291194841263,8.762636840343475,25.264095330827473,0.09998503314749042,-0.22643043145810404,4.266228822221189e-05,6382745.128851386,1.162926707254432,1.164268465248708,1.001153776919823,1.1649405243073623,31.97399822039747,1.6892474552889338,942.0,394.0,100.0,4374.749808990487,3604.673809805221,4244.745017687363,2.462750956709362,False,0,0,0
T1_200doc_250RPM_02-02-2024.csv,200.0,250,7.844776991365632,1.4921233836241878,3.740486660180614,12.52598120044917,8.785494540268555,7.985421606666596,-0.12490284002113555,-1.0280452443925363,1.2479543696434752e-05,637669.5823621771,1.568606119680883,1.5967287807207158,1.017928440216435,1.6118028650959253,17.898050998548864,1.6149903443776983,12.575017284154892,24.30600708723068,11.730989803075786,17.970765797791955,0.04325830613423966,-0.12006504829308584,-3.0740293643854e-06,3229484.2335908916,1.3525304019162683,1.3580253564592792,1.0040627216476803,1.3608088873848039,25.264480670931942,1.167635220433874,21.591280670091507,29.380291194841263,7.789010524749756,25.29144826971937,0.05506405252918497,-0.19289909382435866,-1.579504446044885e-05,6396573.555798911,1.1616689910959876,1.1629089700088222,1.0010674115624494,1.1635305754603935,31.993727490487277,1.6655745073807713,942.0,942.0,100.0,4280.851114173827,3082.3161950547187,3901.464550744256,1.8407989200327062,False,0,0,0
T1_200doc_250RPM_02-02-2024.csv,200.0,250,7.944443549308754,1.5108189532008023,3.740486660180614,12.52598120044917,8.785494540268555,8.086826152298826,-0.16251603013441954,-0.9931379542419365,3.7491502353508005e-05,653967.5721750425,1.5489366241524103,1.5766971119757098,1.0179222877104415,1.5916367304645864,17.896486867817877,1.632008635073309,12.575017284154892,24.30600708723068,11.730989803075786,17.970745515835773,0.022256601720554454,-0.12287511276183949,3.336446215511449e-05,3229476.9439493157,1.3525319283950847,1.358144046189235,1.0041493421902503,1.3609905466939718,25.247052759882813,1.1832171649458498,20.617654354497787,29.380291194841263,8.762636840343475,25.274763617484705,0.014226006771294179,-0.1904645930817841,3.305855498431665e-05,6388136.759197285,1.1624358446824965,1.1637117201072318,1.0010975878200692,1.1643519999159404,32.00484601778772,1.687589674613392,942.0,942.0,100.0,4620.501597482358,3376.275380426891,3933.0587655371532,2.0064689015475765,False,0,0,0
T1_200doc_250RPM_02-02-2024.csv,200.0,250,7.910961051240828,1.5125071571905848,3.740486660180614,12.52598120044917,8.785494540268555,8.054252457851204,-0.09475350876332782,-1.0040212624926186,-3.058944812377699e-05,648709.8265480215,1.5552009657009163,1.5833703540335948,1.0181130213740468,1.5984335793863058,17.696864546615956,1.6504171764449025,11.597434924840927,23.328424727916715,11.730989803075788,17.7736572386658,0.04085931781795655,-0.17316996021676845,-6.755121472141902e-05,3159028.9163757716,1.3125281091370868,1.3182236133675806,1.0043393388612745,1.321111493793654,25.102663977280265,1.2743194319903968,20.617654354497787,29.380291194841263,8.762636840343475,25.134988139463925,-0.03742220056217011,-0.19470174893748826,-4.851675199773929e-05,6317676.2877099225,1.1689001415804081,1.1704053092306284,1.0012876785592524,1.1711621523502653,31.771438112108644,1.7655660145749448,942.0,942.0,100.0,4634.4206870597845,3349.480584222708,4899.431129390843,2.078520414220966,False,0,0,0
T1_200doc_250RPM_02-02-2024.csv,200.0,250,7.633339411706247,1.5123814289016784,3.740486660180614,11.549815202467144,7.80932854228653,7.781720128660151,0.06567412682695348,-1.0363059199908253,-6.753840462058388e-05,605551.6816079456,1.4842239262665156,1.513075022545796,1.019438506392936,1.5283142923531845,17.367028255600808,1.6661044979042665,10.619852565526962,23.328424727916715,12.708572162389753,17.446764015965073,0.029550849531269213,0.029116228924098486,-4.3548508160154855e-05,3043895.746287737,1.3371204371520982,1.3432594445393027,1.0045912149845528,1.3463787838571952,24.849715860489017,1.2828608773134993,20.617654354497787,29.380291194841263,8.762636840343475,24.882807526032522,0.022780147262638016,-0.22448879960977086,-2.1310213092365403e-05,6191541.103775807,1.1807466325535594,1.1823189995325398,1.0013316717876892,1.1831085132442156,31.32062085231082,1.7656620834523977,942.0,942.0,100.0,4629.570830783633,3333.8813768703535,5050.552644979256,1.635913516458206,False,0,0,0
T1_200doc_250RPM_02-02-2024.csv,200.0,250,7.519908909226722,1.4896816523924281,3.740486660180614,12.52598120044917,8.785494540268555,7.666040792256592,0.15694784609914852,-1.044272253956571,4.398563203833534e-06,587681.8142854207,1.6339570242179726,1.6657091663810095,1.0194326666444815,1.6823171424608714,17.19155222210395,1.692753308543418,10.619852565526962,23.328424727916715,12.708572162389753,17.27468904405842,-0.0003835297393068214,-0.061978414533203185,-3.4788469508152496e-05,2984148.81568912,1.3504396327145733,1.356970239017877,1.0048359113173955,1.3602953631956372,24.77640179892481,1.3148433322984094,20.617654354497787,28.406664879247547,7.789010524749759,24.811265568089304,0.029525656512993066,-0.25215382387828766,2.5723830636058825e-06,6155988.990902538,1.1449099523477118,1.146520996462056,1.0014071360905201,1.1473299744379093,31.138629612356656,1.7798055939267825,942.0,394.0,100.0,4367.961788308938,3786.839267061419,5132.672984381358,1.9671431573926461,False,0,0,0
T1_200doc_250RPM_02-02-2024.csv,200.0,250,7.546558243782398,1.5425274754236695,2.764320569126867,12.52598120044917,9.761660631322304,7.7025925725847,0.14846954017922906,-0.9377503551056736,-2.5909747895203147e-05,593299.3233923699,1.626203266291407,1.6598270093216752,1.0206762240165388,1.6775168491503112,17.18392708104348,1.7846560259058022,10.619852565526962,23.328424727916715,12.708572162389753,17.276352249749408,-0.011054038730109975,-0.16148010820879533,1.71166974601541e-05,2984723.470574214,1.3503096250109796,1.3575723766688679,1.0053785824549901,1.361278702294692,24.881456078377372,1.2811351948611673,20.617654354497787,29.380291194841263,8.762636840343475,24.914416789636757,-0.009333879291405557,-0.22365670001208882,4.782668849790146e-05,6207281.639677339,1.1792486030442464,1.1808107653463855,1.0013247099026503,1.181595791718231,31.229978252651055,1.794129789991479,942.0,202.0,100.0,4449.4249885992995,3528.8237785484907,4648.274556340133,1.9578660664272844,False,0,0,0
T1_200doc_250RPM_02-02-2024.csv,200.0,250,7.492576260929551,1.5765219511676445,2.764320569126867,12.52598120044917,9.761660631322304,7.656638981195242,0.10500832175726318,-0.9390000889067456,-3.415096982907496e-05,586241.2048835852,1.6359634078625185,1.671785613416654,1.0218967034237882,1.6907976512878877,17.260862812124966,1.7947557949059165,10.619852565526962,23.328424727916715,12.708572162389753,17.353919827587855,-0.07643318207262628,-0.14945753610329016,-1.5329100858372193e-05,3011585.3338234695,1.3442740867588356,1.3515213568309903,1.0053912145919799,1.3552332203011959,24.958080469414597,1.2483074065580546,20.617654354497787,29.380291194841263,8.762636840343475,24.989278743073836,0.04265397561816493,-0.11627172749573722,-1.8219695307207375e-05,6244640.520990418,1.175715853863308,1.1771855303874814,1.0012500269681184,1.1779229683833496,31.321542771616368,1.7909953588866412,942.0,393.0,100.0,4334.015177837389,3467.963339669592,4516.696618803212,1.5119417789930174,False,0,0,0
T1_200doc_250RPM_02-02-2024.csv,200.0,250,7.270498473911821,1.5115444577504369,2.764320569126867,11.549815202467144,8.785494633340278,7.425962207479256,0.19534055493222924,-0.9561541772777091,-8.311045449169524e-05,551449.1470691019,1.5553291115371473,1.5885864282773006,1.0213828163399352,1.6060358552454777,17.09721552383363,1.7227512165846064,10.619852565526962,23.328424727916715,12.708572162389753,17.183790339231372,-0.005625341295090753,-0.1510928621477401,-5.599135579620367e-05,2952826.5042266147,1.357583179693299,1.3644575454638646,1.0050636792451413,1.3679606564860993,24.712045099464063,1.3159278815138742,20.617654354497787,29.380291194841263,8.762636840343475,24.747057182365975,0.10050688010769816,-0.12456909986772358,-7.240783622801583e-05,6124168.391872913,1.1872236354541903,1.1889056966587699,1.001416802322956,1.1897488433658812,30.976260735403624,1.8208995494410214,941.0,394.0,100.0,4146.025445146122,3818.36982807987,5225.081126431184,1.5753500373532956,False,0,0,0
T1_200doc_250RPM_02-02-2024.csv,200.0,250,7.119290344304175,1.4963395171432894,2.764320569126867,11.549815202467144,8.785494633340278,7.27484205719047,0.3447677574492577,-0.8090945534806773,2.662779844213871e-05,529233.2695706727,1.5876379324347367,1.6223267550406388,1.021849328425093,1.6402759607158732,16.906293691147443,1.8295118130686396,10.619852565526962,23.328424727916715,12.708572162389753,17.004995732004453,0.08055133682287827,-0.11220944472558525,1.8115157139638607e-05,2891698.798454896,1.3718571351365398,1.3798662885013089,1.005838183262408,1.3839407082956765,24.501644452664262,1.2018206613983997,20.617654354497787,29.380291194841263,8.762636840343475,24.531101764636198,0.09675075620116011,0.0043770256237825045,6.53262761441038e-06,6017749.537869372,1.197675158528575,1.1991150737495297,1.001202258567944,1.1998365667914843,30.67129613472309,1.7719351019759633,941.0,393.0,100.0,4419.444439632906,3970.031459122534,3876.349977405257,1.412684281744831,False,0,0,0
T1_200doc_250RPM_02-02-2024.csv,200.0,250,7.357962957122156,1.5450727874569885,2.764320569126867,11.549815202467144,8.785494633340278,7.5184352625344815,0.18041390435555948,-1.0016194809923555,7.655646427580333e-05,565268.6879692193,1.5361993286052018,1.5697028198935787,1.0218093385829017,1.5873147420756455,17.07688181284773,1.8614035951179082,10.619852565526962,23.328424727916715,12.708572162389753,17.178030032395668,0.037905706385091775,-0.22130240976124194,9.109461539134496e-05,2950847.1579388753,1.358038417904856,1.3660822264616048,1.0059231082498818,1.3701836652236175,24.653140707370646,1.2334861609484706,20.617654354497787,29.380291194841263,8.762636840343475,24.683979315472346,0.14583236391454063,-0.00982224042808122,6.479626512865954e-05,6092988.348466666,1.1902574872287788,1.1917463800487424,1.0012508997724772,1.1924915841672208,30.944406205572538,1.8314322324344097,941.0,394.0,100.0,4497.325711776254,4028.414150026517,4074.68848617164,1.4570187740450884,False,0,0,0
T1_200doc_250RPM_02-02-2024.csv,200.0,250,7.591461887451753,1.5384374747871683,2.764320569126867,12.52598120044917,9.761660631322304,7.745778427792912,0.03887904553935479,-1.0259170539240494,3.99660123512539e-05,599970.8345246203,1.6171365237487607,1.650009100507228,1.0203276447447145,1.6674777457911596,17.34904074182987,1.74216252452714,11.597434924840927,24.30600708723068,12.708572162389752,17.43629389874865,0.03492458506512081,-0.1934807163071448,5.198662019476631e-05,3040243.449235395,1.3939892977472148,1.401000058096989,1.0050292784608204,1.4045640952243188,24.8552655304879,1.3176780435025277,20.617654354497787,29.380291194841263,8.762636840343475,24.890168742244164,0.0549666669039204,-0.22155672141783356,2.7269513056097213e-05,6195205.0001738835,1.1803974291655308,1.1820550119974733,1.0014042582531837,1.18288680775269,31.307379533577826,1.8411722173392355,941.0,941.0,100.0,4693.142025527122,3404.9920317661067,5264.101788072763,1.293122729239288,False,0,0,0
T1_200doc_250RPM_02-02-2024.csv,200.0,250,7.732713118472515,1.5027423058154816,2.764320569126867,12.52598120044917,9.761660631322304,7.877378155851385,0.03674396833129304,-1.0526132315014023,2.9058252792923847e-05,620530.8661028456,1.590120589950955,1.6198688621366437,1.0187081862681913,1.6355915325123958,17.596955632327557,1.742485011017163,11.597434924840927,24.30600708723068,12.708572162389752,17.68301732000859,0.09316270497402972,-0.10351162825504101,5.0776334127647245e-05,3126891.015397239,1.3745395736127046,1.3812620543622813,1.0048907145917292,1.3846687724998488,25.011824642629477,1.3363977099409314,20.617654354497787,31.327545311301947,10.70989095680416,25.047501488028352,0.07718079618835304,-0.0891286392025723,2.867909433749117e-05,6273773.307927825,1.2507253598238208,1.2525093934133908,1.0014263991495473,1.2534042660118463,31.602097651454574,1.8512004134399875,941.0,394.0,100.0,4688.826004222131,3784.6995407222503,5324.163825889829,1.6801599796897075,False,0,0,0
T1_200doc_250RPM_02-02-2024.csv,200.0,250,7.936146133988766,1.486671304369258,3.740486660180614,12.52598120044917,8.785494540268555,8.074193893340674,-0.06563819079123821,-1.0549049222247047,4.822523955037551e-05,651926.0702725982,1.5513599705328085,1.578345583482032,1.0173948106576163,1.5926887466697164,17.759723097092028,1.7447112497075485,11.597434924840927,24.30600708723068,12.708572162389752,17.845217337713773,0.09522199801800042,-0.1591836697914899,7.664169908692852e-06,3184517.8183024023,1.362046010830184,1.3686028185434118,1.00481393995584,1.3719239087861563,25.12155232839689,1.3565061340773052,20.617654354497787,31.327545311301947,10.70989095680416,25.15814977855431,0.0939939270005571,-0.07788170557460061,1.2116337374043204e-05,6329325.002801724,1.2452245330857616,1.2470385946608056,1.001456814836878,1.2479482081469007,31.829326233841076,1.8630299614844026,941.0,394.0,100.0,4687.073117735198,3692.858162070626,5331.079498871602,1.939116669577671,False,0,0,0
T1_200doc_250RPM_02-02-2024.csv,200.0,250,8.20664176093766,1.487667200791176,3.740486660180614,12.52598120044917,8.785494540268555,8.340391039554191,-0.26328082963709054,-0.8876119532471414,5.413001131679607e-05,695621.2269267584,1.5018457936857965,1.5263224063307959,1.0162976869848463,1.5395511543617753,17.93148432433438,1.7549636544474343,11.597434924840927,24.30600708723068,12.708572162389752,18.017159251732252,0.09976055006574695,-0.04026080504676255,5.278862178350244e-05,3246180.2750228113,1.3490476910167615,1.3554933126336668,1.0047779049323655,1.3587579986052676,25.270225066193944,1.2915078907318125,20.617654354497787,29.380291194841263,8.762636840343475,25.303206664925277,0.004612953893039464,-0.1083162677538505,6.216359512298955e-05,6402522.67527919,1.1611291637422203,1.1626446190281736,1.0013051565090907,1.163405919683166,32.109669139146,1.8443333477034634,941.0,394.0,100.0,3160.559294727546,3111.47022014219,4418.522366154784,1.9553998219837123,False,0,0,0
T1_200doc_250RPM_02-02-2024.csv,200.0,250,8.248324051545817,1.5174594153244043,4.716652844306082,12.52598120044917,7.809328356143088,8.38674744680355,-0.2650040288091611,-0.8949405575099134,-3.3460173076110574e-05,703375.3273646586,1.4935445808879353,1.51860924985139,1.0167820025489653,1.5321815642107686,17.900494965184567,1.8229891372319285,10.619852565526962,24.30600708723068,13.686154521703717,17.993082264944594,0.00693953086602298,0.06411121853803792,-6.99140669818094e-05,3237510.093930637,1.3508528849770989,1.3578399443425706,1.005172331823232,1.3614022982741263,25.26905671476376,1.3319297821140559,20.617654354497787,30.353918995708227,9.73626464121044,25.304135318133863,0.008508770833992516,-0.12489315528596912,-4.919160931823943e-05,6402992.641984295,1.1995635738619965,1.2012288127072654,1.0013882039114506,1.2020655097947124,32.10721551932412,1.8747047563900299,941.0,394.0,100.0,3334.070555613056,4155.46434103089,4930.026371879458,1.8551172225795984,False,0,0,0
T1_200doc_250RPM_02-02-2024.csv,200.0,250,8.245883634968642,1.5707731423167985,3.740486660180614,12.52598120044917,8.785494540268555,8.394160183488724,-0.27850775546987006,-0.8150765785247613,6.858516116582601e-05,704619.2518606745,1.4922256576765975,1.5190586909727601,1.017981887094705,1.5337017176207945,17.70742244176352,1.8113918227753343,10.619852565526962,24.30600708723068,13.686154521703717,17.799830051623744,-0.0383518828872131,-0.0018440563994279735,2.2438289646373646e-05,3168339.498666877,1.3655190536503705,1.372645124787004,1.0052185805226106,1.3762870056799659,25.04891980480802,1.3471865458963597,20.617654354497787,30.353918995708227,9.73626464121044,25.08512098789135,0.09944249876439214,-0.12661354770130684,-1.3034895618480967e-05,6292632.949771472,1.2100367787885153,1.2117855473305454,1.0014452193294332,1.212662223389519,31.827375350177206,1.891387942447231,942.0,394.0,100.0,3028.8905055749824,4096.5267767298155,4997.466829025265,1.5125394014213567,False,0,0,0
T1_200doc_250RPM_02-02-2024.csv,200.0,250,8.441800169806108,1.5359906927184759,3.740486660180614,13.502147943004967,9.761661282824353,8.580399612783557,-0.3640187709788962,-0.5478279333656468,5.772875428302804e-05,736232.5751505622,1.5736036259766637,1.5994394171160635,1.0164182331007052,1.6136023037749476,17.86706165580344,1.8940644273264229,11.597434924840927,25.28358944654465,13.686154521703722,17.967174854916532,0.10204132678907818,0.06774283484404409,7.398148492108917e-05,3228193.722671449,1.4072100734092903,1.4150949906378272,1.0056032268227257,1.4191005586185632,25.15806331671693,1.426919192864609,20.617654354497787,31.327545311301947,10.70989095680416,25.19849694388344,0.2318644703680249,0.1256574101273218,8.517229462351331e-05,6349642.482309031,1.2432307125725703,1.2452288126044084,1.0016071836157454,1.2462273688413739,32.05292274817642,2.004250810786667,942.0,394.0,100.0,4481.892512183251,4531.354468698556,4869.836610446802,1.9226585822687012,False,0,0,0
T1_200doc_250RPM_02-02-2024.csv,200.0,250,8.543028592638656,1.5014462556136616,3.740486660180614,13.502147943004967,9.761661282824353,8.673965551761082,-0.32452477223654275,-0.5619836742223145,2.680623147771078e-05,752376.7839313793,1.5566291867810813,1.5804872705962236,1.0153267611951167,1.5934415565749365,18.004705264521835,1.992509210170491,11.597434924840927,26.26117180585861,14.663736881017682,18.114621293720564,0.10795869867601977,-0.005897938087020549,2.8488953334952666e-05,3281395.046149145,1.4497223750938724,1.4585727130788468,1.006104850236861,1.4630734108283592,25.37849231575557,1.490397701249107,20.617654354497787,31.327545311301947,10.70989095680416,25.422217793275877,0.14965740949555617,-0.047315361472009876,3.68803733201285e-05,6462891.5752875265,1.2322900215097683,1.2344131763829431,1.001722934403521,1.2354768578420499,32.33312879596302,2.0579413986972934,942.0,393.0,100.0,4421.843680253731,3858.97896914718,5751.643006887483,1.5732947826993542,False,0,0,0
T1_200doc_250RPM_02-02-2024.csv,200.0,250,8.38830627023147,1.5000983961047711,3.740486660180614,13.502147943004967,9.761661282824353,8.521383530929747,-0.30780127433838683,-0.6812091926215387,-3.517549829511554e-05,726139.772812007,1.5845018469121508,1.6096393607993984,1.0158646163374534,1.623284570008795,17.809286537920592,1.9337290228684592,10.619852565526962,26.26117180585861,15.641319240331647,17.913960894331645,0.08480151239806252,-0.007390232410414033,-3.4501888753256435e-05,3209099.9492364344,1.4659612109663698,1.4745774206025468,1.0058775154292776,1.4789614848992645,25.18688265491587,1.3502027800444334,20.617654354497787,30.353918995708227,9.73626464121044,25.22304710814578,0.21385844551630928,-0.008150332070698596,-5.55809391281791e-05,6362021.054197412,1.2034199859185701,1.2051479101874434,1.001435844750039,1.2060115192358734,32.02878748983802,1.970494748884348,942.0,394.0,100.0,4207.402984824474,4507.979604546071,4323.660131598783,1.5869443823646268,False,0,0,0
T1_200doc_250RPM_02-02-2024.csv,200.0,250,8.225481769761815,1.471801392738826,3.740486660180614,12.52598120044917,8.785494540268555,8.356120492450543,-0.32326585422386633,-0.7913941594843372,1.1860482560559073e-05,698247.4968435192,1.4990187386318743,1.5228264496915764,1.0158821970974365,1.5357575283944633,17.754541919833777,1.8872954300028,10.619852565526962,24.30600708723068,13.686154521703717,17.854569242164438,-0.018350314825717518,0.07964895870196376,6.028432587423711e-05,3187856.4282324435,1.3613325954585818,1.369002207828195,1.0056339004848625,1.3729253065470628,25.03489958586347,1.2678986374981251,20.617654354497787,30.353918995708227,9.73626464121044,25.066985543324435,0.15932181922071462,-0.03981132778492036,4.630661633016533e-05,6283537.642292363,1.2109122153218679,1.2124641799181917,1.0012816491374739,1.213240719299738,31.83426689304083,1.8824473749554107,942.0,394.0,100.0,4548.161003252128,3668.797473566244,3626.5359712901986,1.2418422217496041,False,0,0,0
T1_200doc_250RPM_02-02-2024.csv,200.0,250,8.135284021682674,1.488515868978689,3.740486660180614,12.52598120044917,8.785494540268555,8.270340114266572,-0.27457273775735375,-0.8767517397193423,-3.7084611293796214e-05,683985.2560564681,1.5145666353964689,1.5397103736100832,1.0166012756560112,1.5533361034363042,17.779568024653074,1.8351460200142957,10.619852565526962,24.30600708723068,13.686154521703717,17.874025849204774,-0.05123542931666559,0.08707202593489871,-3.3785688887825916e-05,3194808.000580404,1.3598507293370659,1.367075232285063,1.0053127176330001,1.3707725792752847,25.0199057404548,1.2202368731440616,20.617654354497787,29.380291194841263,8.762636840343475,25.049643935350122,0.10456842687954936,-0.1273545032943364,-2.2313873842581236e-05,6274846.612878231,1.1728825874997657,1.1742766539418306,1.0011885814120889,1.1749749463876469,31.812782737379784,1.819571778133828,942.0,203.0,100.0,4577.1907853047505,3902.001923746398,3667.6332413367127,1.3960947827384789,False,0,0,0
T1_200doc_250RPM_02-02-2024.csv,200.0,250,8.089599448044314,1.4826166582217488,3.740486660180614,12.52598120044917,8.785494540268555,8.224340179311378,-0.2101102282231575,-0.924314638886881,4.21959730357787e-06,676397.713850355,1.5230378276373737,1.5484056140106375,1.0166560448551798,1.5620617397115604,17.748578656704545,1.7678352622752926,11.597434924840927,23.328424727916715,11.730989803075788,17.83640338879372,-0.06963762653586711,-0.16814823141837332,1.0896046580926754e-05,3181372.85847772,1.3079108057498594,1.3143826995467256,1.0049482684663313,1.3176899121923114,24.966258930465585,1.22129809789526,21.591280670091507,29.380291194841263,7.789010524749756,24.996112778329653,0.09998512320188652,-0.13699345658185358,1.1542776271380981e-05,6248056.540269749,1.1753944085382935,1.1767999072936541,1.001195767773907,1.1775040099689105,31.739583889752407,1.783683202015351,942.0,393.0,100.0,4674.9680048396385,3499.0978823154805,3990.8855866084477,1.2501263524188624,False,0,0,0
T1_200doc_250RPM_02-02-2024.csv,200.0,250,8.0713451413505,1.4680773792284323,3.740486660180614,12.52598120044917,8.785494540268555,8.20377130240748,-0.18688729638380766,-0.9902029196341657,-3.14105110629293e-05,673018.6358220454,1.5268564589036377,1.551907517407107,1.0164069506058593,1.5653385640583144,17.784749206086993,1.7765195908977531,11.597434924840927,24.30600708723068,12.708572162389752,17.873257290719433,-0.04854775814694719,-0.12645510106488445,-3.0265880429270985e-05,3194533.261802554,1.359909203559186,1.366676966066619,1.0049766282114425,1.3701325079071045,25.047751453080778,1.279157497429378,20.617654354497787,29.380291194841263,8.762636840343475,25.080392675525232,0.10603811559566725,-0.07885886552758459,1.108735866320056e-05,6290260.967585398,1.1714446250880313,1.1729712046159575,1.0013031597868414,1.1737360994465167,31.819443136761222,1.81778023628243,942.0,394.0,100.0,4597.410814055576,3786.679308920694,4136.7655159724445,1.4086023697920438,False,0,0,0
T1_200doc_250RPM_02-02-2024.csv,200.0,250,7.980659307871115,1.5342183484277343,3.740486660180614,12.52598120044917,8.785494540268555,8.126792044156305,-0.12407402080634261,-1.0405963899957502,-9.494045682528218e-06,660447.4892896222,1.5413192724005003,1.5695421540041339,1.0183108601241833,1.5846831908493493,17.743495234401344,1.7940250878228527,11.597434924840927,24.30600708723068,12.708572162389752,17.83396055700923,0.057771567783475745,-0.04885855805284667,-2.892931480573454e-06,3180501.4914896097,1.3629057331114125,1.369854516606505,1.0050985063209243,1.3733854756740824,24.996441346397518,1.3272756054537531,20.617654354497787,30.353918995708227,9.73626464121044,25.031654769845392,0.15159198930490866,-0.04721343612754447,-3.7139829028705336e-05,6265837.405167237,1.2126213498387788,1.2143296149666851,1.0014087374662615,1.2151847655014378,31.73582586756058,1.8750986903412759,942.0,394.0,100.0,4634.329491729411,3930.7594525250875,4638.078819148093,1.5775007634725156,False,0,0,0
T1_200doc_250RPM_02-02-2024.csv,200.0,250,7.87679523455445,1.5600920139859353,3.740486660180614,12.52598120044917,8.785494540268555,8.029806364988039,-0.03532279022066001,-1.0295139512590654,-9.038147790279096e-06,644777.9025920241,1.5599356486434812,1.5902382666365835,1.0194255564448786,1.606412058219753,17.710061916370627,1.8473183019321433,10.619852565526962,24.30600708723068,13.686154521703717,17.80614719669403,-0.0489222064336932,0.014828171148384417,4.9381470708597216e-06,3170588.7799033476,1.365034603990213,1.372440548316941,1.0054254626989523,1.3762309103961645,24.738235647502066,1.3347856324752816,20.617654354497787,30.353918995708227,9.73626464121044,24.774219576729436,0.19701160409177218,-0.03396549113745939,-5.43702928169604e-05,6137619.55636004,1.2252220055488583,1.2270041982065605,1.001454587535672,1.2278953505305563,31.489991801031657,1.9180824425713066,942.0,393.0,100.0,4390.565066167448,3665.588856938484,5024.850538886796,1.0850426531399,False,0,0,0
T1_200doc_250RPM_02-02-2024.csv,200.0,250,7.8609813441958245,1.5587556519524386,3.740486660180614,13.502147943004967,9.761661282824353,8.014034369547492,0.0031926566147590057,-0.92417017951855,4.236529106443966e-05,642247.4687628846,1.684812832137549,1.7176160776636764,1.0194699642004206,1.7350748044048878,17.6735003352375,1.8680785469877557,10.619852565526962,24.30600708723068,13.686154521703717,17.771953509880557,-0.10201604082417468,0.09470656197299832,8.938603396170978e-06,3158423.315573559,1.3676609649984413,1.375279747994757,1.0055706664087793,1.3791937994300583,24.618869061061744,1.2750371132223288,20.617654354497787,29.380291194841263,8.762636840343475,24.651864706058188,0.07684892803528687,-0.08607565153519392,2.2439173708889283e-05,6077144.334857973,1.1918080658466808,1.1934053965667493,1.001340258356897,1.1942064281702411,31.371013873753398,1.908140574542077,942.0,394.0,100.0,4045.6383084956205,4007.4992291778285,4152.842145393139,1.2643018450493664,False,0,0,0
T1_200doc_250RPM_02-02-2024.csv,200.0,250,7.80465656130976,1.5718700672076464,3.740486660180614,13.502147943004967,9.761661282824353,7.961371712725068,-0.0011981747512201334,-0.9434617647665133,-2.8925351587099944e-05,633834.3954817888,1.695957484490241,1.7300117996145454,1.0200796985984235,1.748180192926614,17.509462014449834,1.8322132177722135,11.597434924840927,24.30600708723068,12.708572162389752,17.605063627003474,0.019423013140414763,-0.020925567541939305,-3.644543730010389e-05,3099382.6531084077,1.3806259154865526,1.3881641290390268,1.0054599971418166,1.3920077357820344,24.543510384234793,1.305444888110099,19.644028038904068,28.406664879247547,8.762636840343479,24.578203521350652,0.011243815815208846,-0.10771600439793927,-2.2188749229007264e-05,6040880.883369336,1.1557665251885143,1.157400242855814,1.001413536066061,1.1582211293289904,31.204782897923725,1.9160682371461737,942.0,394.0,100.0,4479.774436741826,3460.836521090912,4301.254397502788,1.074493038555565,False,0,0,0
T1_200doc_250RPM_02-02-2024.csv,200.0,250,7.68449051683197,1.564510132502069,2.764320569126867,11.549815202467144,8.785494633340278,7.84213532515106,-0.02397917138556877,-1.05138043265788,1.6835544648409588e-05,614990.8645798212,1.472789581356104,1.5030033776694285,1.0205146727650698,1.5191734197584459,17.359598633547424,1.81907237162272,10.619852565526962,23.328424727916715,12.708572162389753,17.454646630942225,-0.019765714174062157,-0.12815533417144742,2.1059792821030343e-05,3046646.890110627,1.3365165861657673,1.3438343374388009,1.005475241645917,1.3475724903646138,24.453352587410812,1.2847263353969038,19.644028038904068,28.406664879247547,8.762636840343479,24.487077704803678,0.06438182802654452,-0.13854611148159268,2.966898008432553e-05,5996169.745210933,1.160067576118932,1.1616674964181393,1.0013791612938272,1.1624701504975605,31.019257285180093,1.8937865418097923,942.0,942.0,100.0,4522.752423917703,3356.658526253162,4273.592716702755,1.022820009075468,False,0,0,0
T1_200doc_250RPM_02-02-2024.csv,200.0,250,7.533282386135386,1.569797366645818,2.764320569126867,11.549815202467144,8.785494633340278,7.69510281163194,0.11402424713146322,-1.0333843232272641,-6.577266715546775e-05,592146.0728158578,1.500930589908222,1.5331716787524092,1.0214807327273934,1.5502199568607684,17.387557493050334,1.911956098652641,10.619852565526962,24.30600708723068,13.686154521703717,17.492362095992238,-0.02455238055661733,-0.07552407339931388,-4.5097132359791074e-06,3059827.3169730594,1.3895211495078499,1.3978965761548505,1.006027563272403,1.4021862649566745,24.54652862581313,1.3138739591331519,20.617654354497787,29.380291194841263,8.762636840343475,24.581666590334176,0.12704500742303654,-0.048160699079265346,2.579191632499687e-05,6042583.323583515,1.1952115242826524,1.1969224505311495,1.0014314840626424,1.1977795469951176,31.075501436166697,1.9413608186127747,942.0,4.0,100.0,4634.433803000271,3644.5926552878727,4409.355457645563,0.9999999997256209,True,0,0,0
T1_400doc_250RPM_02-02-2024.csv,400.0,250,16.719688683964876,1.538948168229825,11.549815202467144,22.287641924843197,10.737826722376052,16.79036483085466,0.05291445124701217,0.03327888968463366,7.55043930584267e-05,2819163.51153201,1.3274066495497772,1.3330177580530134,1.0042271209844695,1.335861831414458,18.02963369320172,2.7396471828631164,5.731940023303032,28.21633652448654,22.484396501183507,18.23659391985259,0.14459083033252143,0.26092969182415615,6.0803590280418424e-05,3325733.5779760447,1.547237200570106,1.5649977700393232,1.0114788924818205,1.574193528741793,35.125953638801505,2.254309430572064,26.459412248060108,43.01106109842658,16.551648850366472,35.1982177111853,-0.24121895018665307,0.24353451059674258,0.00012805536185776372,12389145.300439984,1.2219670169480914,1.2244809504877008,1.002057284284062,1.2257580046660923,42.95344729929635,2.899241987377966,940.0,203.0,100.0,2793.414779571594,4601.927264329095,5574.314709332408,3.496661443967792,False,0,0,0
T1_400doc_250RPM_02-02-2024.csv,400.0,250,17.083408136599957,1.537187272196806,11.549815202467144,22.287641924843197,10.737826722376052,17.152427766105106,0.033055199357739255,0.05069315909324246,8.677271527494037e-05,2942057.7827145336,1.2993870155737244,1.304636741487991,1.0040401557437055,1.307298531702207,18.417538424976765,2.8716886639121006,5.731940023303032,29.193918883800503,23.46197886049747,18.640072891969517,0.09275811203808654,0.05183265586630981,7.84494135904342e-05,3474523.1741793687,1.5661912403989457,1.58511513374716,1.0120827475343266,1.5949611072492185,35.5038180172304,2.2191948580143634,27.433038563653827,43.01106109842658,15.578022534772753,35.573106690566846,-0.26806855376212146,0.28136259106986783,1.4415298639721522e-05,12654459.196184516,1.209089255896565,1.2114488948076747,1.0019515837227089,1.2126479051268033,43.57067202528401,2.9496702481761354,940.0,394.0,100.0,3035.774903275143,3798.4689883274727,5437.2129571834985,3.098312016249857,False,0,0,0
T1_400doc_250RPM_02-02-2024.csv,400.0,250,17.382407784238943,1.494897118587684,12.52598120044917,22.287641924843197,9.761660724394027,17.446570372790532,0.05371278473850085,-0.16233936806631233,3.7940870748382434e-05,3043828.1777273235,1.2774798397972098,1.282195320780125,1.0036912371029385,1.2845796916315841,18.818151710198283,2.7888823229944872,7.687104741930963,29.193918883800503,21.50681414186954,19.023687823330935,0.07400865375978799,-0.05913524015021476,6.716095116214709e-05,3619006.9839954963,1.5346088074467163,1.5513701522546017,1.0109222263853503,1.5600561384111713,35.59864922274567,2.1161955311136817,27.433038563653827,42.03743478283286,14.604396219179034,35.66149337885328,-0.2752422241035846,0.3422861412863112,3.0784906052757655e-06,12717421.100099964,1.178790645031159,1.1808716257686862,1.0017653522670027,1.1819281340426482,43.93089513661997,2.8464150571515723,940.0,203.0,100.0,2464.7119437642696,4438.660174992383,4895.1587965657445,3.285382483737558,False,0,0,0
T1_400doc_250RPM_02-02-2024.csv,400.0,250,17.51301879499231,1.5228698185086607,11.549815202467144,23.26380792282522,11.713992720358075,17.579105773556243,0.06530030049132014,0.007276877345420818,1.8244413736869827e-05,3090249.5979787847,1.32337834600326,1.328372235258338,1.0037735914828592,1.3308977237352293,18.982385575941798,2.9122527613605738,6.709522382616997,33.10424832105637,26.39472593843937,19.2044832864562,0.11925847357546304,0.2783076776530051,-4.369459784562818e-06,3688121.7829977553,1.7237770903423817,1.7439456273089597,1.0117002001474402,1.7544196472509805,35.58122130946863,2.197121686750258,26.459412248060108,43.01106109842658,16.551648850366472,35.64899232208076,-0.29947424938660033,0.34218436889243486,-3.714857555392085e-05,12708506.53579773,1.2065154804329716,1.2088135121708363,1.0019046848342468,1.2099821118079899,44.04500736944859,2.9538309874883955,941.0,394.0,100.0,2835.102894902409,4726.284294573172,5326.874936798067,3.1715094348824664,False,0,0,0
T1_400doc_250RPM_02-02-2024.csv,400.0,250,17.569636421758407,1.637393789299048,10.57364920448512,23.26380792282522,12.690158718340099,17.64576953306414,0.12760999011880023,0.19560715220566438,-9.305716528298543e-07,3113731.8241401464,1.318378769440129,1.3240915955446348,1.004333220647153,1.3269792303970682,18.98717574135834,3.0187353549893334,6.709522382616997,33.10424832105637,26.39472593843937,19.22564968412483,0.14156449704547353,0.21409562048316388,1.134721314600769e-05,3696256.057766891,1.7218793052487322,1.7435056572920358,1.012559737478336,1.7547436443209554,35.45026856214933,2.3918051253778474,26.459412248060108,43.01106109842658,16.551648850366472,35.530863666484336,-0.27555736845033324,0.1349808048400738,-4.905624687217312e-05,12624422.728862967,1.2105267550531902,1.2132788507094696,1.0022734694997786,1.21468006557001,43.97083347748898,3.1633628264767397,941.0,394.0,100.0,2895.962453028785,5415.120579830486,6071.134860822481,4.050026638314164,False,0,0,0
T1_400doc_250RPM_02-02-2024.csv,400.0,250,17.587793109395328,1.6424632871689666,10.57364920448512,23.26380792282522,12.690158718340099,17.664318614330746,0.09812552187563951,0.06732380267290994,1.0524377931514596e-05,3120281.521085917,1.3169943562924475,1.3227246748995352,1.0043510578308166,1.3256244179838261,19.09255912297326,2.8877116601648156,7.687104741930963,32.1266659617424,24.439561219811434,19.309704619607242,0.12630461095618567,0.0045264856718967295,3.655642993225823e-05,3728646.9249648135,1.6637575040438837,1.682679925452516,1.011373304921324,1.692465440002435,35.37432570760216,2.4078586511138482,26.459412248060108,43.01106109842658,16.551648850366472,35.456180033264545,-0.28451674169660734,0.05602099767854973,-1.1190108908855805e-05,12571407.025512673,1.2130765654414588,1.215883560691681,1.0023139473057092,1.2173133361943818,43.95806097134312,3.1180799855072445,941.0,394.0,100.0,3090.371143106176,4621.288613076088,5837.933460788469,3.2905928689699517,False,0,0,0
T1_400doc_250RPM_02-02-2024.csv,400.0,250,17.821292017378408,1.5975501128753395,12.52598120044917,23.26380792282522,10.737826722376049,17.892753156846023,0.03997376060129189,-0.14363664131596865,7.862696233836507e-05,3201506.155318233,1.3001804540026392,1.3053940140894134,1.0040098742222467,1.30803480912313,19.493367931899485,2.768556289971578,7.687104741930963,32.1266659617424,24.439561219811434,19.688989239144515,0.05163363659817099,0.01516516702912929,9.58005403433893e-05,3876562.9725914844,1.6317072233383119,1.6480818539914508,1.010035274967796,1.656560432011279,35.6887096542646,2.2501453498557535,27.433038563653827,43.9846874140203,16.551648850366472,35.759574254762555,-0.2640707416414585,0.3758375743100246,8.37274943100564e-05,12787471.508818766,1.2300114956811126,1.2324538443704809,1.0019856307830812,1.2336951316842943,44.47333214420039,2.945639432191253,940.0,394.0,100.0,2798.7262031074515,4302.4603125166495,5599.466281556135,2.763855726133255,False,0,0,0
T1_400doc_250RPM_02-02-2024.csv,400.0,250,18.05205765952473,1.5604247825633677,12.52598120044917,24.239973920807245,11.713992720358075,18.119373919781097,0.04393910478455323,-0.04023610163310121,-8.78883255241338e-06,3283117.1124484334,1.3377931284007682,1.3427817691473862,1.0037290076026788,1.3453062880298983,19.78214579529005,2.7000960576968214,7.687104741930963,29.193918883800503,21.50681414186954,19.965565631529245,0.023604369697398923,0.03367660253879157,-2.960855827615172e-05,3986238.1098690177,1.4622134640502253,1.4757710910588533,1.009271988900358,1.4827858574039865,36.04865931219977,2.080555159154365,28.406664879247547,43.9846874140203,15.578022534772753,36.10864921285938,-0.1508484166866072,0.4364136950885724,-4.629242390245084e-06,13038345.479773305,1.2181205437714357,1.220147662998795,1.0016641368029826,1.2211725527702868,44.977901016352035,2.785406679878949,940.0,394.0,100.0,3187.9813357690746,4111.349699737674,4647.776472123131,2.682080949781955,False,0,0,0
T1_400doc_250RPM_02-02-2024.csv,400.0,250,17.58945259069841,1.6358554780789978,10.57364920448512,24.239973920807245,13.666324716322125,17.665357782552498,-0.022469662171782742,0.2024503252628964,-0.00015828949499179933,3120648.655855881,1.3721756569656507,1.3780971179072246,1.0043153811332495,1.3811119010838961,19.141829289094026,2.9425942915509773,6.709522382616997,30.17150124311447,23.461978860497474,19.366685046684847,-0.06401589348312492,0.012055071734322187,-0.0002131505227701643,3750684.8969748644,1.557907363618699,1.5762078319392678,1.0117468270244647,1.5858366837875153,35.97709777533014,2.201924275651487,28.406664879247547,43.9846874140203,15.578022534772753,36.044417526870475,-0.23373187273091123,0.3060359529479495,-5.058717782428199e-05,12992000.348513678,1.2202912526254723,1.222574641475974,1.001871183494587,1.2237331452468811,44.46638499540662,3.012307350639954,1.0,394.0,100.0,2894.5146573688376,4419.098093087502,4036.3296912619085,3.1940808960189715,False,0,0,0
T1_400doc_250RPM_02-02-2024.csv,400.0,250,17.076574973124934,1.601761144583835,9.597483206503094,23.26380792282522,13.666324716322125,17.151532047518536,0.02620838359958062,0.2520682739562523,-1.3701194402238163e-05,2941750.5157705536,1.356369090433003,1.3623228287544624,1.00438946770717,1.3653483909260944,18.510702043802915,3.0034612029482464,6.709522382616997,30.17150124311447,23.461978860497474,18.752782976189554,0.05278615854238671,0.14237529057489695,-2.396728078937825e-05,3516668.6935206475,1.6089079301681934,1.6299490517279112,1.0130778903908555,1.6409807803566823,35.82540678451814,2.4407303187107705,26.459412248060108,43.9846874140203,17.525275165960192,35.908452149387784,-0.2530691307542292,0.22253085175570586,-2.2255809326158265e-05,12894169.357648721,1.2249118182825993,1.2277512347194945,1.0023180578344622,1.2291963763250573,43.87602428322731,3.186432141383135,940.0,394.0,100.0,2341.554262626123,4706.3590662103525,6565.46064526506,4.012474117820199,False,0,0,0
T1_400doc_250RPM_02-02-2024.csv,400.0,250,17.17067737704292,1.6125908984724968,9.597483206503094,24.239973920807245,14.64249071430415,17.246234690283263,0.08612752689643242,0.06192521579790977,4.921955415288317e-05,2974326.1099232985,1.4055226753039805,1.4117074934513605,1.0044003688137173,1.4148395046027171,18.682365516686737,2.968696529218658,7.687104741930963,34.08183068037033,26.394725938439368,18.91676347533268,0.08855899264430075,0.2411777008835747,7.211388638252095e-05,3578439.403816805,1.8016734588246446,1.824278122057353,1.0125464817844712,1.8360762067461127,35.85529711047601,2.4392749792614588,26.459412248060108,44.95831372961402,18.49890148155391,35.938174596172246,-0.27458450478630253,0.3373122964117985,2.4588194095082233e-05,12915523.9330496,1.2509904644517615,1.2538820579589713,1.0023114432838438,1.2553550510359992,44.01057222358305,3.146184551444999,941.0,394.0,100.0,2448.6314282725225,4096.68519424406,7341.65600227381,3.1099810024520083,False,0,0,0
T1_400doc_250RPM_02-02-2024.csv,400.0,250,17.391778977745112,1.5443682972049997,12.52598120044917,24.239973920807245,11.713992720358075,17.460213327681558,0.10986214232446945,-0.0066453304260432056,4.255407541138274e-05,3048590.4944814867,1.3882976952164154,1.3937604630225136,1.0039348677340032,1.3965188058631899,18.993921036149498,2.765579081371439,7.687104741930963,34.08183068037033,26.394725938439368,19.194203916359797,0.018656506270791354,0.15183804235639586,6.604744435480375e-05,3684174.639828018,1.7756313743922123,1.7943546577615708,1.0105445779114863,1.8041001590266048,36.01643227372725,2.297058173160788,26.459412248060108,44.95831372961402,18.49890148155391,36.08960889201858,-0.25319699079693714,0.3389923502261629,5.5874237554124816e-05,13024598.699788664,1.2457412288432086,1.248272271610022,1.002031756442037,1.2495585373000422,44.35282789358165,2.9262674608009305,941.0,394.0,100.0,2241.951084877161,4194.405910348185,6132.6765909014375,2.1989726784846297,False,0,0,0
T1_400doc_250RPM_02-02-2024.csv,400.0,250,17.51292117794577,1.5622573320016517,11.549815202467144,24.239973920807245,12.6901587183401,17.58246445059208,0.09396754562395382,0.09837724826502736,2.304781217313949e-05,3091430.5615633423,1.3786448417924129,1.3841193981580258,1.0039709693168657,1.386886883261903,19.25131850409108,2.7697338938103186,6.709522382616997,33.10424832105637,26.39472593843937,19.449542153698154,0.08168304525350778,0.31663350264907963,7.430684201479638e-05,3782846.899884814,1.7020579743961683,1.7195834308191105,1.0102966271928309,1.7286627061489184,36.17192039573345,2.3728942869314773,25.48578593246639,43.9846874140203,18.49890148155391,36.24966830761669,-0.2482670200822936,0.37954926846438175,3.7787258204168444e-05,13140384.524122298,1.2133817898901533,1.215989832245909,1.0021493996180642,1.2173160505118352,44.63767626098631,2.990661561665804,940.0,394.0,100.0,2833.7920018472973,3498.472194766275,6179.571864808218,1.6715937820291582,False,0,0,0
T1_400doc_250RPM_02-02-2024.csv,400.0,250,17.663250741411627,1.5646965735661105,11.549815202467144,24.239973920807245,12.6901587183401,17.7324195224822,-0.010219183595704028,0.0772231194114128,3.86305848352038e-05,3144387.021213079,1.366986264343362,1.3723393431751745,1.0039159711925736,1.3750577119559941,19.54791704522121,2.8738538398786413,6.709522382616997,33.10424832105637,26.39472593843937,19.758038786778283,0.02394837246760854,0.16723130124931096,6.577723482135033e-05,3903800.966998351,1.675482505035324,1.6934923677277016,1.0107490604278186,1.7028718451649694,36.20921028436333,2.388840718225809,25.48578593246639,43.9846874140203,18.49890148155391,36.2879245671931,-0.26734573821474006,0.3613882820187433,-1.2706470095591596e-05,13168134.693942966,1.2121025916644907,1.2147375507113656,1.0021738746084656,1.2160784577797106,44.8612395020664,3.0168623690313443,939.0,394.0,103.0,2573.395463807466,4570.667813835846,7343.059260180618,2.56565602157771,False,0,0,0
T1_400doc_250RPM_02-02-2024.csv,400.0,250,17.790933254319963,1.4822487669490816,11.549815202467144,23.26380792282522,11.713992720358075,17.852573132934925,-0.0015594030638388893,0.04636237298364376,3.7562847281018875e-06,3187143.6746678995,1.303106714622975,1.307621561515124,1.00346467932479,1.3099092359493445,19.758977103142378,2.7663526912912157,9.642269460558891,29.193918883800503,19.551649423241614,19.95168873491963,-0.026714511380804575,-0.0791059583331788,1.0220770286576433e-05,3980698.8337511895,1.4632304699453853,1.4775015291230655,1.0097531178244346,1.4849204724843903,36.09928787570924,2.3529547062882745,27.433038563653827,43.01106109842658,15.578022534772753,36.175889498161226,-0.23216162550489144,0.16608067590859754,-5.761432750651641e-05,13086949.809831718,1.1889427376930919,1.1914656390595502,1.0021219704586897,1.1927472583288945,44.91138800477918,2.906279289617292,939.0,203.0,103.0,3069.7884432659853,5950.920413466013,6915.403075199009,3.479840081829484,False,0,0,0
T1_400doc_250RPM_02-02-2024.csv,400.0,250,17.786833357202894,1.5170340466778822,11.549815202467144,23.26380792282522,11.713992720358075,17.851409837200126,0.027242942929109906,0.15298755456256474,-2.5505185401060282e-05,3186728.331756855,1.3031916322007422,1.3079229706396494,1.0036305776694692,1.3103193610760677,19.846275206337804,2.6719596297003627,10.619852565526962,32.1266659617424,21.506813396215435,20.025334150231984,0.07509119603281961,0.06543358770025076,-1.8407629188799452e-05,4010140.078284473,1.6043011178103226,1.618775595305809,1.0090222947143754,1.6262301767479088,35.93776326906107,2.265419040918037,27.433038563653827,43.01106109842658,15.578022534772753,36.00909540954936,-0.20346548014564175,0.32550924354102584,-7.340304987668576e-05,12966549.52214029,1.1944499190896183,1.1968207586100643,1.001984879803293,1.1980233346899027,44.81210802740032,2.866490425374892,939.0,394.0,103.0,2190.9504442654857,4333.282734518334,6244.483711407603,3.4925863116396076,False,0,0,0
T1_400doc_250RPM_02-02-2024.csv,400.0,250,17.82295149942606,1.5096110692300277,12.52598120044917,23.26380792282522,10.737826722376049,17.886769572263056,0.049439404243418715,0.11831891056790145,3.632280515974788e-06,3199365.2573123546,1.3006153978133825,1.3052724698024547,1.0035806680413764,1.307628294439245,19.90307274693179,2.627531037552283,10.619852565526962,32.1266659617424,21.506813396215435,20.075762105657645,0.09831848544666802,0.06060622225137413,-1.9873626527058144e-05,4030362.2412295947,1.6002713019142933,1.6141560838486593,1.0086765174866015,1.621285406423512,35.778770088902604,2.2775874832254024,27.433038563653827,43.9846874140203,16.551648850366472,35.85118957326655,-0.27436978974072435,0.28829898644719343,-8.252644686303546e-05,12853077.938182961,1.2268682835232536,1.2293515764999117,1.0020240909395153,1.2306142591283369,44.72319460868445,2.848930969017854,940.0,394.0,100.0,3107.589864650538,3895.267501271746,6570.8979749862065,3.5664126701210868,False,0,0,0
T1_400doc_250RPM_02-02-2024.csv,400.0,250,17.89567586687138,1.5169253305770503,11.549815202467144,26.19230740591884,14.642492203451695,17.959851814273662,0.14768911889633177,0.40055705325894486,1.0481809303488842e-05,3225562.77190669,1.4583810421588446,1.463610963942762,1.003586114762007,1.466246827915955,19.953222720995246,2.59034528613676,9.642269460558891,30.17150124311447,20.529231782555577,20.120660666465497,0.07624283652940705,0.10065232452565498,6.882535758125713e-06,4048409.8565505184,1.4995283576050964,1.512111685666061,1.0083915239062644,1.518578081231021,35.69104635667939,2.3331843570351927,27.433038563653827,43.9846874140203,16.551648850366472,35.767227167877444,-0.24776100310932025,0.27424421473303395,-2.3308631641609745e-05,12792945.392785504,1.2297483170158339,1.2323731552854518,1.002134451605502,1.233707507178874,44.70589124581039,2.8416702908756717,940.0,394.0,100.0,2979.932657580627,3942.7287628725926,6347.653254648046,3.983519621449521,False,0,0,0
T1_400doc_250RPM_02-02-2024.csv,400.0,250,18.00061371187782,1.5126072873951009,11.549815202467144,26.19230740591884,14.642492203451695,18.06405477211926,0.1986523951518383,0.3453840108236297,3.549835691778681e-05,3263100.7481012456,1.4499683341497076,1.4550785781617923,1.0035243831825345,1.457647700602523,20.121562402821716,2.4323494937904195,9.642269460558891,30.17150124311447,20.529231782555577,20.268043753421072,0.11517773236779794,0.2613671472952097,5.6621009747088254e-05,4107935.9759059097,1.4886242407100478,1.4994611570960024,1.0072798199099495,1.5049985693564398,35.76689185067438,2.226061523665031,27.433038563653827,45.93194004520774,18.49890148155391,35.83609775861455,-0.2804657761764045,0.47052574795707347,1.2706816269173998e-05,12842259.025649788,1.2817227019134994,1.28420272683945,1.0019349153465475,1.2854635475530378,44.877808473342306,2.704049111184926,939.0,203.0,103.0,2312.1231228272313,3897.252851749548,6281.388223651002,2.416431141586125,False,0,0,0
T1_400doc_250RPM_02-02-2024.csv,400.0,250,18.259883400718472,1.4935654921229058,13.502147943004967,25.216141407936814,11.713993464931846,18.32086459987886,0.12147650729995509,0.07356199934251917,5.8828259872096505e-05,3356540.796870944,1.3763619762848718,1.3809585118678596,1.003339626974726,1.3832744764952105,20.495683226387616,2.249339696100221,12.575017284154892,30.17150124311447,17.596483958959578,20.618742929307768,0.14026331039035173,0.16634980698513457,7.684583375023346e-05,4251325.59984879,1.463304593619443,1.4720905329113163,1.0060041766630017,1.476552045373733,35.9341608551095,2.0342626155585575,28.406664879247547,45.93194004520774,17.525275165960192,35.99169544144792,-0.2819788994538034,0.7691713270344298,3.3531579785625296e-06,12954021.407499433,1.2761816158377652,1.2782249244781416,1.001601111170243,1.2792618488635332,45.27657463657655,2.4941069745363085,938.0,394.0,100.0,2334.5939236609433,2771.6441542469483,5450.096993131287,1.4636948817191067,False,0,0,0
T1_400doc_250RPM_02-02-2024.csv,400.0,250,18.490063343042635,1.401968067525061,13.502147943004967,25.216141407936814,11.713993464931846,18.543137730494507,0.053320504237162454,0.25171357486052637,3.413864350651505e-05,3438479.56892089,1.3598637821941233,1.3637671726757519,1.00287042756248,1.3657369383341202,20.861299101099487,2.084897082911559,12.575017284154892,28.21633652448654,15.641319240331647,20.965223491102297,0.07413913999945847,0.09487293586256085,5.360227071272357e-05,4395405.960318675,1.3458638557543465,1.3525685235489198,1.0049816835231193,1.3559729319618017,35.95110195701107,1.7552024162441826,28.406664879247547,43.9846874140203,15.578022534772753,35.99392264598838,-0.17505887897671282,0.7600673311820167,-3.085070922491586e-05,12955624.674453948,1.2220031655516856,1.2234586707972257,1.0011910814035272,1.224193266853203,45.542874202522334,2.190349228451314,938.0,203.0,103.0,2817.2466315785928,3233.7676058519023,5075.704871998178,1.930176294914578,False,0,0,0
T1_400doc_250RPM_02-02-2024.csv,400.0,250,18.633754977796674,1.2676267752050696,13.502147943004967,23.26380792282522,9.761659979820251,18.67682259416144,0.010371736385128382,0.07919729901642558,4.581150783772044e-05,3488237.022137792,1.2455977351360459,1.248476646309107,1.0023112687923654,1.2499283648247084,21.12378002273631,1.9485733159597924,14.53018200278282,28.21633652448654,13.68615452170372,21.213463187716997,0.0275789641382467,-0.015176274075264118,7.007677736832941e-05,4500110.204166241,1.3301145727504005,1.3357617099835468,1.0042456021073956,1.3386271681313755,35.910891191365266,1.621473348500085,29.380291194841263,41.06380846723914,11.683517272397879,35.947479494089315,-0.16152465489805154,0.4507034328954682,1.7806338420355648e-05,12922212.81977972,1.1423278918342823,1.1434917682330559,1.0010188636792408,1.1440782683920048,45.684725764060566,1.9904362514171572,939.0,203.0,100.0,2797.5604166143116,3778.2792322894757,4641.346225639335,2.4458117090538467,False,0,0,0
T1_400doc_250RPM_02-02-2024.csv,400.0,250,18.123708243851066,1.4741905708210032,13.502147943004967,22.287641924843197,8.78549398183823,18.183565061542048,-0.13443902139979766,-0.22555518336199487,-0.00021919985756564534,3306420.3834733265,1.2257025423458465,1.2297506462235648,1.003302680493728,1.231810552601655,20.995521184534667,1.9575332540760904,13.552599643468858,28.21633652448654,14.663736881017682,21.08657976654957,-0.04237918687134792,0.08042239493818126,-9.744955613899878e-05,4446438.4625105765,1.3381182172201853,1.3439217000848132,1.0043370479453482,1.3468783446062222,36.10405865282465,1.4629833530128753,29.380291194841263,41.06380846723914,11.683517272397879,36.13368748824004,-0.08102094345475404,0.2648180392486785,6.643059628766192e-05,13056433.71497795,1.1364411252132416,1.1373737468717098,1.0008206510990996,1.1378423422972335,45.57747292990557,1.903475090436246,1.0,1.0,100.0,5010.292671772606,3376.7430387599566,3448.0244399056655,1.866260795892716,False,0,0,0
T1_400doc_250RPM_02-02-2024.csv,400.0,250,17.427116187691094,1.4337241357100554,13.502147943004967,22.287641924843197,8.78549398183823,17.485992780411483,0.15155899104253553,-0.1272333952896756,-5.10992331534473e-05,3057599.4351660246,1.2745997441912886,1.2789059121890247,1.0033784472477423,1.2810722210432022,20.49705183721673,2.146043430755427,10.619852565526962,28.21633652448654,17.596483958959578,20.609091111066455,-0.32416695088513797,0.7675468558298713,-0.0001371788046554517,4247346.364242383,1.3691208589657418,1.3766046331235702,1.0054661165293193,1.3805050869020776,36.56098148288131,1.5245337200180764,30.353918995708227,43.9846874140203,13.630768418312073,36.59275297179842,0.08778185771677409,0.5877006976263166,0.00011070970195443859,13390295.70055062,1.2020054202513475,1.203049962830318,1.0008689998908258,1.2035731476642566,45.44767938424513,2.0081306189497923,1.0,394.0,100.0,3456.251042986102,3739.890786926901,4660.386745881728,1.1661530066337469,False,0,0,0
T1_400doc_250RPM_02-02-2024.csv,400.0,250,17.67506235117853,1.4745875034374427,13.502147943004967,23.26380792282522,9.761659979820251,17.73646631726124,0.170949639585327,-0.044961903269766346,0.00015146790361147118,3145822.3742334247,1.3116371382378877,1.3161938249838223,1.0034740452317905,1.318485236828985,19.735515095797894,2.5758640536595756,9.642269460558891,28.21633652448654,18.57406706392765,19.902905107531467,-0.2845728528042752,0.1890330609560067,-0.00015332845454881213,3961256.3171940213,1.4176993947385692,1.4297238449324483,1.0084816641937668,1.4360639199978338,36.59418213890631,1.8607661092792271,27.433038563653827,43.9846874140203,16.551648850366472,36.6414603547524,-0.22253724073093292,0.7903334974741996,-5.699523447824806e-05,13425966.169288915,1.2004075980644011,1.201958476543093,1.0012919598986152,1.2027426673671906,45.24500095605062,2.4888500474345685,939.0,1.0,100.0,2535.836570530579,4394.590708567948,5228.740239502841,3.025214319570779,False,0,0,0
T1_400doc_250RPM_02-02-2024.csv,400.0,250,18.16607384816349,1.5612026271502166,13.502147943004967,24.239973920807245,10.737825977802277,18.233035751074205,0.0775445616959936,-0.06878991112023991,5.81607321508527e-05,3324435.926999501,1.3294535398132556,1.334354033976241,1.0036860965924943,1.336829770448068,19.512137508798954,2.6646872168824167,9.642269460558891,29.193918883800503,19.551649423241614,19.693249303405867,-0.04520748801029082,-0.06395566243355244,0.00012114847515601208,3878240.6812609565,1.4824328090312417,1.496192760564319,1.0092820068803452,1.5033434876264127,36.48416236450158,2.04477899757932,27.433038563653827,43.9846874140203,16.551648850366472,36.541417933466334,-0.20532702645702483,0.3490559819747685,7.159629960527734e-05,13352752.245882548,1.2036940518867243,1.2055830410626776,1.0015693266681782,1.2065390074742424,45.25373283743998,2.764516176821447,245.0,394.0,100.0,1812.867031968627,3636.3552387525297,5647.835017054562,3.167422426472357,False,0,0,0
T1_400doc_250RPM_02-02-2024.csv,400.0,250,18.424074521504593,1.5834145477072608,11.549815202467144,25.216141407936814,13.66632620546967,18.49199079612159,-0.020498675956005553,0.0838893574130144,3.9691403821590794e-05,3419537.2360384567,1.3636250247986015,1.3686517267667646,1.0036862787619387,1.3712031998563958,19.90101981338894,2.5576376494590805,10.619852565526962,29.193918883800503,18.57406631827354,20.064697853664025,0.047755059082456794,-0.022546046696456656,4.067240031853361e-05,4025920.999588298,1.454989210239684,1.466955922739171,1.008224605663925,1.4731102720659164,36.60985752288442,2.0165196877104563,28.406664879247547,43.9846874140203,15.578022534772753,36.66535175744017,-0.1666298908544224,0.23983405385894851,6.630056771673915e-06,13443480.194968209,1.1996254039781544,1.2014438293436667,1.001515827657102,1.2023627137287207,45.625683104879954,2.681582419499381,246.0,394.0,100.0,2476.157747894407,4166.478768028232,6071.683832608579,3.3541343676185167,False,0,0,0
T1_400doc_250RPM_02-02-2024.csv,400.0,250,18.62516471708889,1.4794459590654674,11.549815202467144,25.216141407936814,13.66632620546967,18.683830471412655,0.003909986143737285,0.2224813476797909,2.9962300788169585e-05,3490855.21084488,1.3496237533582298,1.353874813509735,1.0031498113017996,1.3560265020833113,20.16428277138531,2.423670061336354,10.619852565526962,28.21633652448654,17.596483958959578,20.309418412416555,-0.013890520932859985,0.07179358086648335,5.8103785167592865e-05,4124724.7625060463,1.3893227246347901,1.399322596513461,1.0071976594792256,1.4044685539941013,36.68141905782319,1.877609709739402,29.380291194841263,43.9846874140203,14.604396219179037,36.729442172700395,-0.12511222541715464,0.4225717265819018,2.6153953550352958e-05,13490519.223177424,1.19753213803809,1.1990999406180147,1.0013091945761832,1.1998905480049227,45.8738678623545,2.4896118171461232,940.0,394.0,100.0,2948.998338394037,4273.850095837234,5265.24881960012,5.010630649702005,False,0,0,0
T1_400doc_250RPM_02-02-2024.csv,400.0,250,18.444866857187154,1.5057595271517301,13.502147943004967,24.239973920807245,10.737825977802277,18.506226658424165,0.0742148042350363,-0.054655899047665546,-6.46649731164201e-05,3424804.251329693,1.3098280037423533,1.3141853562017982,1.0033266600248243,1.3163844797205952,19.901704110303044,2.4975601528438216,10.619852565526962,29.193918883800503,18.57406631827354,20.05780728821389,-0.04077370891578932,0.11634717873180556,-0.00010695011107826147,4023156.3321112627,1.455489050438482,1.4669054831684947,1.0078437091138357,1.4728071079713938,36.496137969817184,1.8670198027730602,29.380291194841263,43.9846874140203,14.604396219179037,36.54386199700133,-0.1525261908395085,0.4003936824326244,-7.354308267014392e-05,13354538.496558782,1.2036135484976804,1.205187448885585,1.0013076459548573,1.2059816698149919,45.53795901238015,2.5581628147480515,942.0,394.0,100.0,1882.2996866291585,3847.2122194014346,5357.89856679025,2.648587249359726,False,0,0,0
T1_400doc_250RPM_02-02-2024.csv,400.0,250,18.332119684420228,1.4647648391246058,13.502147943004967,23.26380792282522,9.761659979820251,18.390545075060807,0.08612057852364167,-0.04888984198709023,6.979448925493842e-05,3382121.4815784334,1.2649874067285252,1.2690189854365965,1.003187050469141,1.2710518133165825,19.640298548350216,2.539501741352596,10.619852565526962,29.193918883800503,18.57406631827354,19.803797518725048,0.04866719716884689,0.07109654238231666,8.488939066386079e-05,3921903.9616266033,1.4741576132656795,1.4864294863915288,1.0083246682820188,1.4927458015116375,36.4706289602001,1.9253322529040116,29.380291194841263,43.9846874140203,14.604396219179037,36.52141400653401,-0.06482140704637972,0.27233541919703397,0.00010765668256223879,13338136.810366586,1.2043533529712471,1.206030404960117,1.001392491651003,1.2068750132210941,45.357505712476375,2.6292396048735474,941.0,394.0,100.0,2110.7063383493205,4058.6103069240025,5266.093937509568,1.6194000682064005,False,0,0,0
T1_400doc_250RPM_02-02-2024.csv,400.0,250,18.544045322507667,1.4842137740124968,12.52598120044917,24.239973920807245,11.713992720358075,18.603346673386135,0.09154606459887374,0.05122185647855737,3.4982654243325875e-05,3460845.0745018697,1.302989959085418,1.3071567448870607,1.0031978648588877,1.309257814000115,19.923504199152706,2.4870804352898728,10.619852565526962,30.17150124311447,19.551648677587508,20.078137081543627,0.021859368501917366,0.033255671368377815,6.462783545368177e-05,4031315.886652572,1.5027042160624025,1.5143671987379401,1.0077613295756225,1.5203666016856205,36.72503751661327,1.9073859669668236,29.380291194841263,43.01106109842658,13.630769903585318,36.77453605177955,-0.05259014369541008,0.21608024061763187,2.031976637435388e-05,13523665.01823634,1.169588136689633,1.1711645244465634,1.0013478144207173,1.1719579798991553,45.77035825730851,2.5800974665134158,247.0,394.0,100.0,2032.464488619017,3950.932470194899,5316.286593343236,1.9253453137403393,False,0,0,0
T1_400doc_250RPM_02-02-2024.csv,400.0,250,18.714776755554723,1.5378775753064151,12.52598120044917,24.239973920807245,11.713992720358075,18.77785761067758,0.04311025746949073,0.03434837693037274,3.324870817943476e-05,3526079.364468818,1.2908806970090008,1.2952317966396576,1.003370644274671,1.2974314218747567,20.162425379070044,2.5161823986759067,10.619852565526962,30.17150124311447,19.551648677587508,20.31882307196886,-0.0023064020422943806,-0.09038797627902584,4.562926903690325e-05,4128545.7102997415,1.4849039797358154,1.496422214880682,1.007756888864232,1.5023528654705336,36.69602345226005,1.9191572084981585,29.380291194841263,43.01106109842658,13.630769903585318,36.74617397226206,-0.13602177901617493,0.2290720486084239,-2.7072698408988436e-05,13502813.015997497,1.1704908688151747,1.1720905169570246,1.001366647262673,1.172897526568934,45.92644689311199,2.550545990718456,942.0,394.0,100.0,2808.79824903759,5497.316481005436,6124.842972667461,4.909827930993586,False,0,0,0
T1_400doc_250RPM_02-02-2024.csv,400.0,250,18.97394882809341,1.4544843364261824,13.502147943004967,24.239973920807245,10.737825977802277,19.029615309196778,0.043709037160101286,0.2282154137192287,4.690007155192667e-05,3621262.5881601647,1.2738026243280054,1.2775397541347218,1.0029338374213883,1.279426717608261,20.4351708992244,2.421755924829538,11.597434924840927,30.17150124311447,18.574066318273545,20.57817075057826,0.024885736243811487,-0.11325313321069297,3.2285827653990516e-05,4234611.114399547,1.4661896632511242,1.4764496657211517,1.0069977320991863,1.4817080659424822,36.74275751526002,1.8648867020059476,29.380291194841263,43.01106109842658,13.630769903585318,36.790053441609935,-0.12342843825726732,0.2861407297435097,-1.2758685665460135e-05,13535080.32236515,1.1690948252274247,1.170599704732646,1.0012872176599776,1.1713583835230286,46.18533566333761,2.4515652463929802,940.0,394.0,100.0,1897.1506087647406,5523.226256503416,6299.025322055003,3.7646728503033127,False,0,0,0
T1_400doc_250RPM_02-02-2024.csv,400.0,250,19.32849231856048,1.4207203371962784,13.502147943004967,24.239973920807245,10.737825977802277,19.380636253363168,0.059414412771304416,0.11624725716599205,6.783704017723812e-05,3756090.615851747,1.2507315861005763,1.2541057792454118,1.002697775591768,1.2558067420411694,20.809096218621733,2.3247266611768618,11.597434924840927,30.17150124311447,18.574066318273545,20.93854912559711,0.018746529991995255,-0.04530906388431433,6.381576230875819e-05,4384228.394850436,1.4409547224181924,1.4499188684664963,1.006220976904299,1.4545027184755648,36.92930431762483,1.7923023922600743,29.380291194841263,43.01106109842658,13.630769903585318,36.97277194435176,-0.08899259781275844,0.2051244557566445,1.1852009875010897e-05,13669858.652490448,1.1633171882044206,1.1646864703567994,1.0011770497042964,1.1653757696445974,46.64139843469635,2.3659497828924243,238.0,394.0,100.0,1681.668753173071,3953.4542183253425,5321.765905550236,2.6566779664959204,False,0,0,0
T1_400doc_250RPM_02-02-2024.csv,400.0,250,19.79675914809029,1.4342423737632792,14.478313940986991,26.19230740591884,11.713993464931848,19.84864539343163,0.06246799322373572,-0.06921772586435582,6.931870204392438e-05,3939687.239541947,1.3196017605607722,1.3230603660925735,1.0026209464363942,1.3248026291684478,21.288893752272006,2.354057127273571,13.552599643468858,30.17150124311447,16.61890159964561,21.418650334556414,0.0942906191742434,-0.052846052599130555,6.368544763292011e-05,4587585.821539936,1.4086555768846174,1.4172413838973896,1.0060950363975845,1.421610091012898,37.1078673843503,1.9443584183028315,30.353918995708227,43.9846874140203,13.630768418312073,37.15877220083239,-0.09187128154602167,0.07995327599973301,-1.7631535433119276e-06,13807743.514733538,1.1836959298949874,1.1853197317550563,1.0013718065755393,1.186137889860964,47.197654899015326,2.4254957462334055,935.0,394.0,100.0,3154.5597240233437,4652.882756414613,6793.414633046869,4.456575497264281,False,0,0,0
T1_400doc_250RPM_02-02-2024.csv,400.0,250,20.102494339105004,1.479726552332118,15.454479938969016,26.19230740591884,10.737827466949824,20.15688143844244,-0.021487651858049277,-0.1180437080945076,2.7224026252562545e-05,4062998.693234254,1.2994226059178908,1.302938180908597,1.0027054900959051,1.3047150527017664,21.585492323302862,2.4068329069028054,13.552599643468858,30.17150124311447,16.61890159964561,21.719261577712928,0.07731104777221166,-0.17098052764864002,3.6935620880875146e-05,4717263.23481117,1.3891587029862356,1.3977675742212508,1.006197183386253,1.4021518411148162,37.30726605363537,2.0398391733734123,29.380291194841263,43.9846874140203,14.604396219179037,37.362990301232074,-0.12373389700685748,0.008937076322897308,5.0660992601894483e-05,13959930.442499623,1.1772261015352905,1.1789844731797028,1.0014936566918786,1.1798716602142607,47.62038719323649,2.513555374512995,934.0,394.0,100.0,2626.599170423253,4742.707583607084,8527.282587018182,2.3325641602982197,False,0,0,0
T1_400doc_250RPM_02-02-2024.csv,400.0,250,20.26395219666038,1.5251188484545861,15.454479938969016,25.216141407936814,9.761661468967798,20.321263398973215,-0.0023619111286674976,-0.13464095837111456,7.045835696962303e-05,4129537.461304484,1.240874689376396,1.2443841735913976,1.0028282341843602,1.2461574736583967,21.81170493180346,2.3935302596907997,12.575017284154892,30.17150124311447,17.596483958959578,21.94264020431714,0.061723121862832644,-0.10233506264916503,0.00011147748906969967,4814794.59136115,1.3750169059955843,1.3832711077583697,1.0060029820191985,1.3874770944595836,37.42118033255983,1.9375834718664302,29.380291194841263,43.9846874140203,14.604396219179037,37.471308586602795,-0.11902175811391186,0.057810159162543506,1.7237713390716954e-05,14040989.671924125,1.1738230948717454,1.1753955119301682,1.0013395690247469,1.176188201127702,47.87797647374803,2.496305517801559,933.0,394.0,100.0,3176.228918741703,4338.347915012308,7009.454704060233,1.3602311505943747,False,0,0,0
T1_400doc_250RPM_02-02-2024.csv,400.0,250,20.45781876609333,1.5268652318492815,15.454479938969016,26.19230740591884,10.737827466949824,20.51471827987288,0.07943998726178549,-0.10267511928063344,3.4515741193902895e-05,4208536.6610255055,1.2767568654167811,1.280307920672844,1.0027813089181266,1.2820964320653687,22.043978563011404,2.3621452117847404,12.575017284154892,32.1266659617424,19.551648677587504,22.170176383783325,0.06311448354271357,0.04507655424175461,5.238727473061003e-05,4915167.208880639,1.4490938369458297,1.4573896390758243,1.0057248205178204,1.4616146736523985,37.224605179144405,1.8958916443305052,28.406664879247547,43.9846874140203,15.578022534772753,37.272853873432155,-0.14655627193413695,0.2875594715414316,-6.576521418389618e-05,13892656.358702265,1.1800729711596432,1.1816025234476717,1.001296150598658,1.1823741381152968,47.913650138636946,2.4327254783753522,934.0,394.0,100.0,2543.2838497549096,3961.1546011641717,5466.900274245176,1.4776193440061463,False,0,0,0
T1_400doc_250RPM_02-02-2024.csv,400.0,250,20.429119487390718,1.5696144756254184,14.478313940986991,26.19230740591884,11.713993464931848,20.48932923822008,0.08390690159352993,0.05035148658007582,-7.355085029618528e-05,4198126.126321802,1.2783389393275317,1.2821065255448372,1.0029472513911588,1.284005338160701,21.961470614569663,2.428276033257953,12.575017284154892,32.1266659617424,19.551648677587504,22.09530982014739,-0.09109328211701356,0.3448150843463553,-7.643201946326942e-05,4882027.160483017,1.454003868841342,1.462864965902099,1.0060942733720635,1.4674295157586643,36.87994146268159,1.943908317566816,28.406664879247547,43.9846874140203,15.578022534772753,36.93113675258218,-0.23128825083020152,0.4850473986507797,-7.318514656881352e-05,13639088.618379261,1.1909919726731657,1.1926452610703822,1.001388160823205,1.1934817367881148,47.600662895590624,2.470036926596362,935.0,394.0,100.0,2658.9912348186763,4197.428800063409,6479.5604443979655,2.60502819013746,False,0,0,0
T1_400doc_250RPM_02-02-2024.csv,400.0,250,20.048024280140478,1.5592055852035729,13.502147943004967,26.19230740591884,12.690159462913872,20.108565329083824,0.17244258770988533,0.182668295294508,-0.00010553065896837335,4043543.99594032,1.302544809998745,1.3064782364546952,1.003019801258088,1.3084546540222537,21.391637714309095,2.510702838731927,12.575017284154892,32.1266659617424,19.551648677587504,21.538472388836396,-0.05991693603364646,0.1456934752935526,-0.00016186052173372965,4639057.9284466775,1.4915944539499453,1.5018329307368798,1.0068641156179026,1.5071101842792618,36.3562278641076,2.193774343342542,28.406664879247547,43.9846874140203,15.578022534772753,36.42235509102098,-0.2463380025652321,0.2819469309872593,-0.00010840952800161056,13265879.50376422,1.2076288670543334,1.209825386132642,1.0018188693051586,1.2109398912878024,46.77195759499533,2.6892611526366537,1.0,394.0,100.0,3033.4431111043928,4492.049608404195,7611.929120783618,1.4741336858128362,False,0,0,0
T1_400doc_250RPM_02-02-2024.csv,400.0,250,19.922001249652084,1.5769031848492867,13.502147943004967,27.16847340390086,13.666325460895894,19.984312783919464,0.23374256641219784,0.165590451503546,3.2701319718067556e-05,3993727.574455269,1.3594900008651882,1.3637421794848712,1.0031277748398129,1.3658739489267304,21.398969566494344,2.3905859154975455,12.575017284154892,33.10424832105637,20.529231036901475,21.532087672288686,0.006582614613668868,0.11907606452404274,0.0001563877263183528,4636307.995271264,1.5374379310028907,1.5470019814827758,1.0062207717703742,1.5518989478920222,36.27892193494651,2.225325089536224,28.406664879247547,44.95831372961402,16.551648850366472,36.347107842523904,-0.16697511832892803,0.1703678577081753,8.659983955055824e-05,13211122.485160626,1.2369158482814835,1.2392406204966881,1.0018794910085713,1.240417586568366,46.65836160254453,2.667039192609431,4.0,394.0,100.0,2985.7095722946606,4267.57436809405,8403.26754998333,1.7652863569904598,False,0,0,0
T1_400doc_250RPM_02-02-2024.csv,400.0,250,20.054369359425188,1.633721403664541,15.454479938969016,27.16847340390086,11.713993464931846,20.12080455720008,0.16890826593367683,-0.07457421200510428,-2.336028958658334e-05,4048467.760290435,1.3502677453411684,1.3547408505833756,1.0033127542723586,1.3569892860404078,21.865374215707657,2.3235615718225056,11.597434924840927,33.10424832105637,21.506813396215442,21.988486259199004,0.023721545555095876,0.3260559040216404,1.710045319283738e-05,4834935.279709835,1.5055264801235249,1.514003281831551,1.0056304567338668,1.518333242837828,36.658246751215,2.0415947899203863,29.380291194841263,44.95831372961402,15.578022534772757,36.71505364505404,-0.0993008171862309,0.23944298691514554,4.466286263240584e-05,13479951.641591959,1.2245198975943876,1.2264174562064651,1.0015496347718036,1.2273746916151582,47.22039606179681,2.5631355653314327,938.0,394.0,100.0,3183.231459106976,3816.2392898369103,6966.638189101468,2.2834110594112076,False,0,0,0
T1_400doc_250RPM_02-02-2024.csv,400.0,250,20.140271966056286,1.5940763843235453,14.478313940986991,26.19230740591884,11.713993464931848,20.203258014136505,0.10434386833889703,-0.06858468916237959,2.6716523672153997e-05,4081716.343857709,1.296439781523936,1.3004942261982582,1.0031273682990167,1.3025366119039699,21.955116307162758,2.5016827373455266,11.597434924840927,34.08183068037033,22.484395755529405,22.0971841776136,0.017347404243840903,0.3750968058136772,4.819772476389199e-06,4882855.4857937675,1.5423608006534262,1.5523411583682336,1.0064708320586073,1.5574584905390898,36.64782894830141,2.1874617966011676,28.406664879247547,43.9846874140203,15.578022534772753,36.71305429592516,-0.14648474521768515,0.23679487968530966,-3.800972614483425e-05,13478483.557355486,1.1980666892893799,1.2001989933992787,1.0017797874934355,1.201277379538616,47.29403643954862,2.753117497555011,938.0,394.0,100.0,2936.9238568805135,3734.0613645632016,7611.012570456807,1.6762243774813654,False,0,0,0
T1_400doc_250RPM_02-02-2024.csv,400.0,250,20.373966107462333,1.5564971865189943,14.478313940986991,26.19230740591884,11.713993464931848,20.43333498085091,0.12276974181355818,0.10720419196760922,2.5791188441006916e-05,4175211.784396654,1.2818420209165537,1.2855772542158805,1.0029139576003727,1.2874569192786225,22.192962149169205,2.616895211367801,12.575017284154892,34.08183068037033,21.50681339621544,22.346715854946936,0.13394431854902814,0.32560606669735437,4.985162447854783e-05,4993757.095017367,1.5251382306731918,1.5357044477114195,1.0069280389316344,1.5410913376449833,36.59340323636855,2.2502835499331133,28.406664879247547,44.95831372961402,16.551648850366472,36.66252768801639,-0.11378989272425609,0.31538109627397093,-3.184862326110394e-06,13441409.364745684,1.2262742523426504,1.2285906680833654,1.001888986689796,1.2297617504734695,47.46566863034458,2.836921904158371,938.0,203.0,100.0,2510.044539299699,4560.2427009086605,7728.381136787537,1.8332606325328,False,0,0,0
T1_400doc_250RPM_02-02-2024.csv,400.0,250,20.058078790068603,1.7894866898068675,13.502147943004967,26.19230740591884,12.690159462913872,20.13774533957553,-0.07530419997156856,0.0015618543906397164,-0.00021480001244324816,4055287.87361596,1.3006573955647673,1.3058233383192956,1.0039717936269337,1.3084545542926678,21.97584104706585,2.630705609749757,11.597434924840927,33.10424832105637,21.506813396215442,22.132740493013358,0.13615574682772777,0.23862461521050315,-0.00017157544550509555,4898582.017310732,1.4957139325564488,1.5063927815166078,1.0071396332732603,1.5118385342722127,36.6232935654455,2.101342602011488,28.406664879247547,44.95831372961402,16.551648850366472,36.68352862405457,-0.016555313044211484,0.5545236777820892,-1.3620479021814773e-05,13456812.723118305,1.2255722231730295,1.2275879461598371,1.0016447198693756,1.2286031653249572,47.25858881992195,2.7738140085536216,1.0,203.0,100.0,4615.06659492818,4534.982231900772,5763.748479759397,3.0156571200062365,False,0,0,0
T1_400doc_250RPM_02-02-2024.csv,400.0,250,19.08386512140208,1.873139196511445,13.502147943004967,26.19230740591884,12.690159462913872,19.175571919016505,0.18020994312022673,-0.10966580966317219,-0.00023408209840916565,3677025.584213743,1.3659205324636916,1.3724844123188031,1.0048054624695275,1.3757952453376356,20.63371797378349,2.9204708256020666,10.619852565526962,33.10424832105637,22.484395755529405,20.83937300555918,-0.12899475574518388,0.07425789627933721,-0.0003477065448612316,4342794.672648287,1.5885433939027516,1.6043763108092064,1.0099669401334743,1.612686649750579,36.512689612429405,2.3267804558907574,27.433038563653827,44.95831372961402,17.525275165960192,36.58675183756444,-0.13257034225997316,0.3589103430188585,-4.198154971027249e-05,13385904.10023525,1.2288140234262148,1.231306545938747,1.0020283968647936,1.2325683494776878,46.16858391050261,3.0057104665300542,1.0,1.0,103.0,4887.6948932207815,6950.441849242102,7543.204141054433,3.564159510500192,False,0,0,0
T1_400doc_250RPM_02-02-2024.csv,400.0,250,18.584653828544923,1.707067466581684,12.52598120044917,25.216141407936814,12.690160207487644,18.662889306383164,0.07018886176918326,0.05005992560646,7.370678051670226e-06,3483034.3726231107,1.3511381326851828,1.3568259942085292,1.0042096817384931,1.3597063707217418,19.770903621347784,2.866076414446535,10.619852565526962,33.10424832105637,22.484395755529405,19.977563014994335,0.01673033925980462,-0.06328125441673738,3.4524645133365644e-05,3991030.2401806954,1.6570714003609792,1.6743922764011556,1.0104527035083721,1.683392041974823,36.25273136002507,2.9464008407448152,25.48578593246639,47.87919267639518,22.39340674392879,36.372267031029104,-0.28748604311760745,0.08321206378808288,-0.00010448371857591158,13229418.089764867,1.3163653680302507,1.3207058028513212,1.003297287308284,1.322929743125279,45.38081671616358,3.3060163990573566,938.0,394.0,103.0,3081.0784202724126,4826.096826916343,11586.946056696377,2.5861805173463375,False,0,0,0
T1_400doc_250RPM_02-02-2024.csv,400.0,250,18.619795804174448,1.6350548067187156,12.52598120044917,25.216141407936814,12.690160207487644,18.691447242258324,0.05252913328592746,0.1767261940970708,-4.164546877435831e-06,3493702.0001012627,1.3490737812386842,1.354265195662538,1.0038481323231168,1.3568938978222498,19.915976851821302,2.7329531694607327,10.619852565526962,33.10424832105637,22.484395755529405,20.10261592402211,0.07286656595331356,-0.05871351007769565,1.7155876421401053e-05,4041151.669887474,1.6467632096327145,1.6621955612500627,1.0093713240173676,1.6701478513086547,36.29897860333204,3.201209205445098,25.48578593246639,47.87919267639518,22.39340674392879,36.43986262353611,-0.21051884825432005,-0.19130975563575925,2.3042633533443212e-05,13278635.880221838,1.3139235230121458,1.3190231383535442,1.003881211693134,1.3216338304722324,45.49350143481374,3.419105470976001,938.0,394.0,103.0,3253.250280038048,4723.1788293311365,13249.806962782819,4.006288817736212,False,0,0,0
T1_400doc_250RPM_02-02-2024.csv,400.0,250,18.685394159089924,1.5574739847143648,13.502147943004967,24.239973920807245,10.737825977802277,18.750191468185434,0.1024643610168149,0.0310732699341707,9.818035616716167e-06,3515696.800936139,1.2927854076549912,1.297268535757121,1.003467805310598,1.299529909856313,20.082752432295557,2.7376563096289632,10.619852565526962,30.17150124311447,19.551648677587508,20.26849050438943,0.04171695066267137,-0.053807154654446965,3.254869632939355e-05,4108117.0732652447,1.4885914289759468,1.5023588696236156,1.0092486362474489,1.5094674951265727,36.58843771572116,3.166886123205404,26.459412248060108,45.93194004520774,19.47252779714763,36.72523576771915,-0.1978682577520295,-0.2050451093680481,-1.2872464981362904e-06,13487429.42194558,1.250691495507869,1.2553676219269647,1.0037388328263932,1.257758453588507,45.8234735555674,3.36654138796938,103.0,394.0,103.0,2197.113888139486,4845.009842210466,14048.171593375402,4.396596303130671,False,0,0,0
T1_400doc_250RPM_02-02-2024.csv,400.0,250,18.81776226841629,1.5622373619528405,13.502147943004967,24.239973920807245,10.737825977802277,18.882498837964032,0.043801824287355566,-0.07386390132367682,8.375469204462857e-06,3565487.6236571306,1.2837270177436362,1.2881432752230901,1.003440184259124,1.290375791346483,20.276607047701955,2.7533078588167657,10.619852565526962,32.1266659617424,21.506813396215435,20.462685491702665,0.034317955661011874,0.04058931440358382,1.3754570900882149e-05,4187214.9753233865,1.5700122046429006,1.58442020828053,1.009177001041789,1.591865870080414,36.48766738968078,3.168904706334543,26.459412248060108,45.93194004520774,19.47252779714763,36.625016431092604,-0.2119026576851804,-0.22619969759677616,-8.37798451343055e-05,13413918.285778033,1.2541138413309783,1.258834651025073,1.0037642593028753,1.2612499628439768,45.88304342662854,3.3776344364029134,937.0,394.0,103.0,2888.06249949871,4392.255444993187,13325.026818610566,2.8318257460141636,False,0,0,0
T1_400doc_250RPM_02-02-2024.csv,400.0,250,18.933535555925868,1.626453091198028,13.502147943004967,25.216141407936814,11.713993464931846,19.003265990491652,-0.017722420171964202,0.02943949604605489,-1.0458029520844391e-05,3611241.1830537673,1.3269372443954526,1.3318242297352962,1.0036829061513532,1.3343041887403797,20.464596182970762,2.905465059655152,7.687104741930963,32.1266659617424,24.439561219811434,20.669819160915228,-0.012748506541785158,0.03881760515880117,7.80029768633413e-06,4272414.241449383,1.5542790051347444,1.5698656193605234,1.0100281958221702,1.5779773403927064,36.170459932792745,3.0284050991077303,26.459412248060108,45.93194004520774,19.47252779714763,36.297016532961315,-0.20929652926629205,-0.08951144669885469,-8.921919241066138e-05,13174734.09194067,1.2654467069902826,1.2698743707034001,1.003498893859899,1.2721371533188153,45.76275713882956,3.407199832250242,938.0,203.0,103.0,2533.8819176289553,3786.787529094662,12385.451737241017,2.2484121573837146,False,0,0,0
T1_400doc_250RPM_02-02-2024.csv,400.0,250,18.934804571797706,1.699632531442471,12.52598120044917,25.216141407936814,12.690160207487644,19.010933036390107,0.03085627830286537,0.05042871379585989,-1.7890586813296997e-05,3614155.7491410873,1.326402095029681,1.3317349705047812,1.004020557186304,1.3344389069227398,20.555315849925158,3.086008826744213,7.687104741930963,33.10424832105637,25.417143579125405,20.785679208746767,0.03071347364379071,0.006073783835419011,-7.880909347911227e-06,4320444.601689276,1.5926469367970355,1.6104957259110615,1.011206996793603,1.6197930123006408,36.041259714772366,2.993556040865539,25.48578593246639,46.90556636080146,21.41978042833507,36.16536712930584,-0.19848162070070988,0.13108583907722604,-1.4232988851142214e-05,13079337.795974758,1.2969747049185218,1.3014408134457103,1.0034434815962499,1.3037226865115814,45.70839523171463,3.483736502934665,939.0,394.0,103.0,2428.4884439452726,3820.423936912094,10015.401442368897,1.7298496576851163,False,0,0,0
T1_400doc_250RPM_02-02-2024.csv,400.0,250,19.038863867033676,1.6603003644913503,12.52598120044917,25.216141407936814,12.690160207487644,19.11112070622156,0.03448031779988472,0.002118426696184006,6.765499890328015e-05,3652349.3464777046,1.3194485972624195,1.3244562062129803,1.0037952285226954,1.3269923961020984,20.744673571118234,2.938891975635152,10.619852565526962,34.08183068037033,23.46197811484337,20.95181537759208,0.0884383407007073,0.2293173463063196,9.845309894661779e-05,4389785.67616704,1.6266767373685802,1.6429195939636645,1.0099853008418622,1.651314751541839,36.250199937100035,2.8641604706879544,25.48578593246639,46.90556636080146,21.41978042833507,36.3631738257482,-0.15515405341309488,0.20300957573050882,7.558632365310394e-05,13222804.106815789,1.289919482429456,1.2939395214975424,1.0031165038770598,1.2959867981622082,45.993359444912244,3.332386519771606,938.0,394.0,103.0,3052.0134006681674,3828.0041418579954,9092.615154383337,1.6881801799929685,False,0,0,0
T1_400doc_250RPM_02-02-2024.csv,400.0,250,19.398483422998428,1.6778348278584392,13.502147943004967,27.16847340390086,13.666325460895894,19.470908782640826,0.075123482129428,0.1851544885898,9.141115121125137e-05,3791162.8882191963,1.3953366895808559,1.400546259801449,1.0037335578283677,1.4031803072465634,21.136195371044515,2.7320404862541583,10.619852565526962,34.08183068037033,23.46197811484337,21.31203415869765,0.1456224238774061,0.3646736886377355,8.214815728914236e-05,4542027.999814954,1.5991824349840957,1.6124865465172915,1.0083193206992223,1.6192987539145065,36.57626740266867,2.6813989388660633,23.53853330127895,47.87919267639518,24.34065937511623,36.674422113795806,-0.11593970214111368,0.34698158553184033,6.106460290684177e-05,13450132.373808749,1.3055200304951629,1.3090234755037313,1.0026835628153783,1.3108017524904152,46.56802560380838,3.12270996849483,938.0,394.0,100.0,3106.7214490949004,3657.032009180908,8903.46433330044,1.8368502382521845,False,0,0,0
T1_400doc_250RPM_02-02-2024.csv,400.0,250,19.680693013461777,1.6058733761106696,13.502147943004967,27.16847340390086,13.666325460895894,19.74610105287179,0.036948496734104073,0.3153875573664542,4.1137103078210914e-05,3899085.067902243,1.375890528016395,1.3804632481852837,1.0033234622055875,1.3827763995038524,21.517843603010892,2.545439135259912,11.597434924840927,32.1266659617424,20.52923103690147,21.667876077616594,0.14442885023410415,0.34220181545143635,7.241793619676026e-05,4694968.5371494945,1.4826864362091294,1.493024419846934,1.0069724679374799,1.498293281614171,36.656007402817195,2.506262464108134,23.53853330127895,47.87919267639518,24.34065937511623,36.74158720379928,-0.07508813389574497,0.4491614637106083,-2.768819023519852e-05,13499442.302543866,1.3031334876965852,1.306175878628708,1.0023346732785607,1.3077156241940204,46.91470330699338,2.8914018012625284,938.0,394.0,103.0,3017.072806895026,4368.6084392537605,8854.532516214507,3.044223626336758,False,0,0,0
T1_400doc_250RPM_02-02-2024.csv,400.0,250,19.64057258856208,1.5714099129837826,13.502147943004967,25.216141407936814,11.713993464931846,19.703335268963983,-0.07060920307319457,-0.04557656329531046,-4.00479778682181e-05,3882214.207211999,1.2797905057047074,1.2838801564584594,1.003195562660859,1.2859556270098904,21.47531875695896,2.4220189602472906,12.575017284154892,32.1266659617424,19.551648677587504,21.61146666834046,0.05964937215272319,0.17023374776284284,-6.423439337890005e-05,4670554.915567907,1.4865564866454017,1.4959808664694174,1.0063397387914153,1.5007950608057685,36.68414520913042,2.2537708288019203,27.433038563653827,44.95831372961402,17.525275165960192,36.75331267618369,-0.0941251676772254,0.17695795754857446,4.835169909549962e-05,13508059.926733248,1.223245211274444,1.22555162382315,1.0018854866771179,1.226716720756118,46.8951222025363,2.6325688140108685,937.0,394.0,103.0,3043.048860854686,3473.6556899294515,9045.268731322096,1.9997244940495076,False,0,0,0
T1_400doc_250RPM_02-02-2024.csv,400.0,250,19.484678878535437,1.5482811441213347,14.478313940986991,25.216141407936814,10.737827466949822,19.54609642616363,0.013115329274901529,-0.033353943648063655,-3.350741752339348e-05,3820498.8550088666,1.2900857981127878,1.294152270362291,1.0031520944230623,1.2962086775497625,21.34481148022568,2.4599469153239317,11.597434924840927,33.10424832105637,21.506813396215442,21.48609587506734,0.09281674582911201,0.28027848235913577,2.231593028503076e-05,4616523.159525857,1.5407288747822652,1.5509271820800525,1.006619144655953,1.55613388824345,36.832428496846816,2.400040026399452,27.433038563653827,46.90556636080146,19.47252779714763,36.91054024399606,-0.01559454359955552,0.15332443623665704,3.228816751278958e-05,13623879.811036529,1.2707905668877661,1.2734855743985762,1.0021207330153625,1.274844892642306,46.89046941029881,2.7155222405564694,937.0,203.0,103.0,3261.9045790021914,4106.495020704465,8037.868465025555,2.0631783804219896,False,0,0,0
T1_400doc_250RPM_02-02-2024.csv,400.0,250,19.30525956810634,1.5139554065036276,14.478313940986991,25.216141407936814,10.737827466949822,19.364532216525216,-0.023456663912220763,0.1115722163057149,-5.761129923170282e-05,3749851.0796484295,1.3021817994868978,1.3061798687024997,1.0030702849764734,1.3082045791589025,20.95641794959074,2.6577992681777305,9.642269460558891,33.10424832105637,23.461978860497474,21.12428342519232,-0.04692292075774144,0.2947092776907869,-0.00017302528237518654,4462353.5022785505,1.56711816702748,1.5796711251267472,1.0080102179678496,1.586174191849117,36.547642788396104,2.712701484993388,26.459412248060108,46.90556636080146,20.44615411274135,36.64817789106147,-0.17797331750446807,0.08611424939012124,-0.00014037783921963328,13430889.42734887,1.2798880888493442,1.2834087996420387,1.0027507958104835,1.285199768719766,46.42050158447299,3.0735050957378225,937.0,1.0,100.0,2698.792543333502,3700.1661822680585,12614.030240209806,1.4118854653892283,False,0,0,0
T1_400doc_250RPM_02-02-2024.csv,400.0,250,19.27167945911599,1.6053024938619076,13.502147943004967,26.19230740591884,12.690159462913872,19.338423546703915,0.0026205952726594834,0.18132807292726527,3.956724175256572e-05,3739746.2527171243,1.3544179205022695,1.3591087098290864,1.0034633249130944,1.3614856698580664,20.729227779534575,2.843199738528093,7.687104741930963,35.059413039684294,27.37230829775333,20.923304449560405,-0.018979563615464788,0.466382641454377,9.14556950829699e-05,4377846.690889942,1.675615490096302,1.691303381513205,1.0093624650223312,1.6994712418405271,36.37482410906069,2.7792801176209574,24.51215961687267,45.93194004520774,21.41978042833507,36.48084739883801,-0.29884195476329867,0.11566193832245464,6.995363905680487e-05,13308522.269373057,1.259069986588929,1.2627398529128955,1.0029147437100847,1.2646170386207447,46.172673687093415,3.270432063688902,937.0,394.0,100.0,2140.2291174407305,3460.7479685312896,11451.270178861505,1.5437535904549287,False,0,0,0
T1_400doc_250RPM_02-02-2024.csv,400.0,250,19.48877877751394,1.585650642251745,13.502147943004967,26.19230740591884,12.690159462913872,19.553178416772834,0.05241590338703146,0.31595595578323543,6.346756842402751e-05,3823267.86198151,1.3395421883662106,1.3439686347170916,1.003304447138227,1.3462063441929197,21.287622922123013,2.8046443682153837,7.687104741930963,35.059413039684294,27.37230829775333,21.47158400553297,0.05222123148221032,0.6937038334864605,0.00012959463229130007,4610289.197066594,1.632828441099171,1.6469388417834592,1.0086416921270611,1.65423695766486,36.786960140630754,2.4005539942071024,24.51215961687267,45.93194004520774,21.41978042833507,36.865201693025625,-0.36501173793010155,0.7899218409371063,0.00010743988167946446,13590430.958674591,1.2459430014158153,1.2485929761420125,1.00212688278933,1.2499462615783026,46.831134750867946,3.0403321723651455,937.0,394.0,100.0,3035.7807188199868,4487.08335585723,6410.261218665892,2.0942461607981735,False,0,0,0
T1_400doc_250RPM_02-02-2024.csv,400.0,250,19.815403919247405,1.5012459549277863,13.502147943004967,25.216141407936814,11.713993464931846,19.872190918469773,0.06243431175290273,0.1086024798284666,7.655317582782064e-05,3949039.7190011246,1.2689160199492762,1.272552480418705,1.0028658007403628,1.2743864826691795,21.869089033594367,2.5337213542865955,11.597434924840927,34.08183068037033,22.484395755529405,22.015376423319346,0.0390162605827815,0.3788512205740826,0.00011521167615184762,4846767.990604453,1.5480921163932422,1.5584476622695747,1.006689231064918,1.5637555760179596,37.030561452812776,2.1471482008719445,28.406664879247547,45.93194004520774,17.525275165960192,37.09275841599073,-0.1711007795005692,0.4176175853676156,-1.2565592996411257e-05,13758727.26907051,1.2382993879852955,1.2403792500888162,1.0016796116704094,1.2414315295386085,47.417134536723125,2.6587309367267298,936.0,394.0,100.0,2716.3638706953184,4546.646293786894,5850.569946164442,2.3484069050392447,False,0,0,0
T1_400doc_250RPM_02-02-2024.csv,400.0,250,19.786314173401028,1.5269764608141196,14.478313940986991,26.19230740591884,11.713993464931848,19.845147660836663,0.04715858721367771,0.1392140336121983,-8.625635508087946e-05,3938298.8568041087,1.3198343420547058,1.3237587949113565,1.0029734435084794,1.325740013871773,21.767420466734407,2.574632167173938,11.597434924840927,35.059413039684294,23.46197811484337,21.91915428505066,-0.13340503737255013,0.3075771777239842,-0.00016408546489947578,4804493.245718547,1.5994874886024038,1.6106370110901789,1.0069706844018627,1.6164172986309446,36.699333777574296,2.298108911119604,27.433038563653827,44.95831372961402,17.525275165960192,36.77121706287641,-0.2261573268176529,0.3235672540572483,-0.00015661281771781039,13521224.042851731,1.2226495971764602,1.2250444109447705,1.0019587081808563,1.2262598708823542,47.10102844770155,2.8097568767151166,937.0,394.0,100.0,2205.59370329615,4745.8217490679845,8811.815954786047,4.215812526474825,False,0,0,0
T1_400doc_250RPM_02-02-2024.csv,400.0,250,19.746193751479627,1.5589000499552248,14.478313940986991,26.19230740591884,11.713993464931848,19.807633302258083,0.13818757209302643,0.20188697700312463,6.890830252169147e-05,3923423.3703672346,1.3223340217497312,1.3264484151005653,1.0031114629761926,1.3285191813332013,21.395939071023104,2.6663932979115423,11.597434924840927,35.059413039684294,23.46197811484337,21.561443874427347,0.012202360729674023,0.31377684168509123,-2.038721526972783e-05,4648958.619500807,1.6260234353445144,1.638601274910428,1.007735337199029,1.6450827712865395,36.30696237016212,2.263348371072091,27.433038563653827,43.9846874140203,16.551648850366472,36.37744166921587,-0.23037054261803613,0.4191978389654514,-3.879849778497856e-05,13233182.623972028,1.209119866481485,1.211467017416139,1.0019412061613746,1.212658444240572,46.60666438418242,2.894010429177636,937.0,394.0,100.0,2559.7877741186066,4345.432103585154,7187.435568989151,2.184964608606525,False,0,0,0
T1_400doc_250RPM_02-02-2024.csv,400.0,250,20.15462160667337,1.5738502625253041,14.478313940986991,28.144639401882888,13.666325460895896,20.215978253773326,0.20928347720122437,0.2001360710101734,7.056042075765985e-05,4086857.7675703596,1.3921977481663383,1.3964360111114145,1.0030442966530138,1.3985626068681016,21.70495291997242,2.6082547266805394,11.597434924840927,35.059413039684294,23.46197811484337,21.861106421621724,0.010227070753215287,0.21024705116041353,0.00010127416283841957,4779079.739774706,1.6037346126730707,1.6152724757777932,1.0071943718203422,1.6212042576782493,36.49974038168937,2.3003905040381234,28.406664879247547,44.95831372961402,16.551648850366472,36.57215941671744,-0.09917607551404245,0.34520581190105215,6.781509340186101e-05,13375228.444017943,1.2293043245639796,1.231743383910972,1.0019840972640013,1.232976532665326,47.0736531661765,2.8614284416742013,937.0,394.0,100.0,3183.858322276235,4694.706803378336,8578.531928711776,2.233175127687828,False,0,0,0
T1_400doc_250RPM_02-02-2024.csv,400.0,250,20.278204222017894,1.5933582328484308,14.478313940986991,28.144639401882888,13.666325460895896,20.34070689351897,0.14847349571012589,0.04825679142338579,-4.10175574939394e-05,4137443.569280502,1.3836608309247322,1.3879256315667088,1.0030822587057886,1.3900703749554784,21.807599095140457,2.5438001692618393,11.597434924840927,33.10424832105637,21.506813396215442,21.955461680308783,-0.024337029425936293,0.15254129608362632,-9.440141596696163e-05,4820422.975955074,1.507791036375546,1.5180143479633768,1.0067803238918343,1.5232715664055003,36.63984520880036,2.304078323837585,28.406664879247547,44.95831372961402,16.551648850366472,36.712219135421776,-0.12428036017205021,0.3705402291321125,-8.241177206730277e-05,13477870.338472288,1.2246144414145752,1.2270333969319194,1.0019752792679384,1.2282573489377302,47.28254929106849,2.816774912637811,4.0,394.0,100.0,2668.95849600171,4290.9341399979585,9057.337415677124,1.827886088868848,False,0,0,0
T1_400doc_250RPM_02-02-2024.csv,400.0,250,20.400810672257926,1.5725054518296824,14.478313940986991,26.19230740591884,11.713993464931848,20.461325701951644,0.0938274817931915,-0.06628018013768244,6.200334985298286e-05,4186658.494813469,1.280088484365437,1.2838856174248257,1.0029663051466877,1.2857982640486096,21.790882428444856,2.6047577688385455,11.597434924840927,33.10424832105637,21.506813396215442,21.94600920542575,0.029990520275593634,0.14978022604654218,1.9906649923468923e-05,4816273.200446317,1.508440464559358,1.5191788781276494,1.0071188845835082,1.5246897048102028,36.43781774965141,2.244847099906202,28.406664879247547,43.9846874140203,15.578022534772753,36.50690209890136,-0.08706769955826488,0.35936429640435774,-7.293534671498447e-05,13327539.008587684,1.2048320970884019,1.2071164007740582,1.0018959518850608,1.2082703838673055,47.17209052990089,2.8001688205503403,937.0,394.0,100.0,2169.483437779302,3784.128687116949,7578.663952995445,2.5107290702466494,False,0,0,0
T1_400doc_250RPM_02-02-2024.csv,400.0,250,19.658045963946655,1.8550856891022431,13.502147943004967,26.19230740591884,12.690159462913872,19.745382093911257,0.012096756891888816,-0.09446198612229129,-0.00030410349428397173,3898801.140345514,1.3265029403505733,1.3323962846539368,1.0044427676140741,1.33539040598035,21.256340287594316,2.7603331014027375,7.687104741930963,33.10424832105637,25.417143579125405,21.43481843293068,0.03151084134006949,0.09385414738838094,-0.0002260571489318015,4594514.412527049,1.5444146832705492,1.5573823091445689,1.0083964663211817,1.5640684010727484,36.51006082523901,2.1616775028662247,28.406664879247547,43.9846874140203,15.578022534772753,36.573998839189706,-0.012363424190965084,0.2136439054871473,3.5560959690613306e-05,13376573.910890501,1.2026217753058468,1.2047278591114854,1.0017512436984628,1.2057885343890342,46.679296347789766,2.8341204723030717,1.0,1.0,100.0,7073.017184932886,5173.955535504241,6368.7382225712145,2.292338599900424,False,0,0,0
T1_400doc_250RPM_02-02-2024.csv,400.0,250,18.736252408180444,1.5613555882102008,13.502147943004967,25.216141407936814,11.713993464931846,18.80119638682291,0.17417552938681247,0.17272070258350025,-1.7810744608553788e-05,3534849.855758828,1.3411987667768799,1.3458476571828837,1.0034662203106375,1.3481861561110873,20.676633812662956,2.6530879638003673,7.687104741930963,33.10424832105637,25.417143579125405,20.846152200505,0.0242640228212212,0.2730646433801378,2.52767491212e-05,4345620.615666194,1.5880267975907043,1.6010463125183554,1.0081985486311715,1.607763869263329,36.72640059003897,2.304753862306279,28.406664879247547,45.93194004520774,17.525275165960192,36.7986465874199,-0.04039146887278561,0.4291444138416529,7.798927232736657e-06,13541403.906658305,1.2481964502713578,1.250651828310818,1.0019671407004291,1.2518909301369248,46.197451065917605,2.8254119735856555,936.0,394.0,100.0,2541.3255534148616,5042.76289810678,6574.570454738013,2.7286049727872035,False,0,0,0
T1_400doc_250RPM_02-02-2024.csv,400.0,250,18.45677608221362,1.5517922205531642,12.52598120044917,24.239973920807245,11.713992720358075,18.521896297213793,0.04854682607763551,-0.031026121670292284,-9.556113103725559e-05,3430606.42444742,1.3087198811524288,1.313337378794272,1.0035282551356806,1.3156721607088124,20.32939650755733,2.8140462004222053,9.642269460558891,32.1266659617424,22.484396501183504,20.523236060124503,-0.015481300275984324,0.13157019404667025,-0.00012352277333691505,4212032.183795948,1.5653801314580553,1.580305935289299,1.0095349388505022,1.5880624955143696,36.42593949434254,2.6862150734214834,27.433038563653827,45.93194004520774,18.49890148155391,36.524852080004116,-0.2457005443953969,0.285766247821742,-0.00010954620825887374,13340648.194661807,1.2575530749473898,1.2609678894443233,1.0027154436380958,1.2627096094208448,45.69719231669935,3.177309342999458,936.0,394.0,100.0,3236.623002068051,4870.419940344587,9044.036346322446,3.576650403211765,False,0,0,0
T1_400doc_250RPM_02-02-2024.csv,400.0,250,18.210587017522556,1.5459869906523784,12.52598120044917,24.239973920807245,11.713992720358075,18.276092451561613,0.07485729221526194,0.03041465038467006,5.434864771931583e-05,3340155.552980273,1.326321476270276,1.331092396828455,1.0035971072198842,1.3335028260123858,19.944913297262666,2.8573663183649742,9.642269460558891,32.1266659617424,22.484396501183504,20.148551032584248,0.07644331217630326,0.0941971556342378,6.864584292250835e-05,4059641.087126517,1.5944901402481566,1.6107698982151812,1.0102100085513799,1.619191671173635,36.1256731313356,2.7563309030387493,27.433038563653827,45.93194004520774,18.49890148155391,36.23067235422425,-0.2559025869232572,0.08245568843697182,4.820023543606516e-05,13126616.192391492,1.2677639431069623,1.2714486973909458,1.0029064987247966,1.2733301500057284,45.190401500248534,3.235567260336795,935.0,394.0,100.0,1944.1681752477803,4615.73829235218,10270.661378486659,2.3523155351679725,False,0,0,0
T1_400doc_250RPM_02-02-2024.csv,400.0,250,18.271695009442972,1.5586910527191236,13.502147943004967,26.19230740591884,12.690159462913872,18.338057593865546,0.13319483636273421,0.22900556268040528,3.504469170260279e-05,3362843.563159298,1.4283032579568677,1.4334908388292615,1.0036319884054696,1.4361064795273593,20.117945390669107,2.840476543369804,7.687104741930963,34.08183068037033,26.394725938439368,20.31748098892622,0.118636330920917,0.4689736812441989,6.197443031837643e-05,4128000.3373537837,1.6774633971084403,1.6941009640168228,1.0099182890887883,1.7026914211968411,36.32818740542468,2.8563576399628707,25.48578593246639,46.90556636080146,21.41978042833507,36.440307066914656,-0.1447198629777965,0.24672756997997647,7.140586956825875e-05,13278959.791310303,1.2871891083318712,1.2911617592513664,1.0030862993586418,1.293183996229604,45.45608616314422,3.2748434941454745,936.0,394.0,100.0,2149.28802423725,4441.914980672519,10820.453308690565,2.3848294531678333,False,0,0,0
T1_600doc_250RPM_02-02-2024.csv,600.0,250,22.891791716963766,4.51996149370328,11.549815202467144,33.02546939179301,21.475654189325866,23.333756232493112,-0.4690997825046516,-0.8100713900892695,0.0014022787798780064,5444641.799174111,1.415351607462318,1.4426773491617857,1.0193066807960616,1.4579663921984698,18.470718886905786,2.8594153678862244,4.754357663989067,34.08183068037033,29.327473016381262,18.690738681100918,0.4532366271583487,1.7610466373856886,0.00013362563229399416,3493437.124452021,1.8234608734234816,1.8451816027870758,1.011911815427558,1.8562819974273996,44.95130393368292,7.5210194636000125,28.406664879247547,64.4308430120349,36.024178132787355,45.57615011286263,-0.3196993753880274,-0.8546969947704595,0.002355409986843044,20771854.591101885,1.4136964805601482,1.433347586692709,1.0139005128772582,1.4439142716310138,53.86009824394507,8.371569065915107,1.0,393.0,1.0,24982.834712103737,3789.0540540251814,41823.39754079967,3.4097978328771443,False,0,0,0
T1_600doc_250RPM_02-02-2024.csv,600.0,250,26.60942293507707,1.7907567487453098,18.382977932915093,34.00163538977504,15.618657456859946,26.66961189576973,0.17660360846586115,0.6526137471231892,0.000104978073597824,7112681.986709823,1.2749205171286462,1.2778043128832157,1.0022619416001433,1.2792510765334526,18.885311704779028,3.723546715006061,4.754357663989067,37.01457775831222,32.26022009432315,19.248890833642758,0.28062711053991773,0.538663988869855,2.690075148136513e-05,3705197.9832549617,1.92294600651062,1.9599664721946572,1.0192519527634656,1.979454362977917,51.20714547756634,3.3333443073306044,41.06380846723914,64.4308430120349,23.367034544795757,51.31552330661607,0.38813919482898496,0.5241289482889426,0.00017724697299082833,26332829.32231857,1.2555819147951255,1.2582393025649479,1.0021164591003653,1.2595624150166729,60.82759111999304,3.8826650341330904,1.0,1635.0,1.0,3154.915063029233,3639.254260289949,6180.271636314296,1.3374594549236254,False,0,0,0
T1_600doc_250RPM_02-02-2024.csv,600.0,250,26.85902865089992,1.655374865786485,20.33530992887914,34.00163538977504,13.666325460895898,26.909992307991104,0.27200318525353273,0.7426911669949932,1.2839096730562448e-06,7241476.860161403,1.263531962425646,1.2659294508268006,1.0018974497459898,1.2671275538786293,19.22560816141349,3.7219237284998066,5.731940023303032,37.01457775831222,31.28263773500919,19.58256176849645,0.2556682105278776,0.6675427601172856,9.484714128637742e-05,3834767.254169788,1.8901805696259628,1.9252747402083152,1.018566570382901,1.94377458188553,51.22681265606589,2.9432835569131033,41.06380846723914,64.4308430120349,23.367034544795757,51.31129751814963,0.4084613408608029,0.7931325600204184,-0.00011116032664719735,26328492.529960684,1.2556853193830204,1.2577562348963651,1.0016492312854006,1.2587866404114603,61.059292130632606,3.4980721741059777,949.0,205.0,99.0,2793.703181203142,3786.2889350636806,3931.7950097162616,1.2357824681327079,False,0,0,0
T1_600doc_250RPM_02-02-2024.csv,600.0,250,26.88304233951338,1.6282680098138134,20.33530992887914,34.00163538977504,13.666325460895898,26.932308147276423,0.19251077548444417,0.7485851812972633,-1.1359411246694719e-06,7253492.22139852,1.2624850125670908,1.2647986399886955,1.0018325979307272,1.265957554475031,19.362665193835465,3.4837184496373794,2.7991925725340843,37.01457775831222,34.21538518577814,19.67356342010545,0.26945918007218633,1.0639851469120627,-1.970964129504866e-05,3870490.9764491124,1.881437387214005,1.9116468413706103,1.0160565822503074,1.9274933036975843,51.22496273487553,2.748379978884818,40.09018215164542,64.4308430120349,24.340660860389477,51.298639355227756,0.3921139634837741,1.2246754989320605,0.00012194029061548205,26315503.996977217,1.2559951652103394,1.2578016570848258,1.0014382952454948,1.2587011581011327,61.100708259855715,3.263766172152153,949.0,393.0,99.0,2049.289143631211,3864.3195087718195,4588.880951476013,1.3406435296025148,False,0,0,0
T1_600doc_250RPM_02-02-2024.csv,600.0,250,27.08139929770364,1.6431063188481385,20.33530992887914,34.00163538977504,13.666325460895898,27.13119949977704,0.2820900571564458,0.7454683090869514,0.00011401432561395645,7361019.86296702,1.2532300825864504,1.2555346574228976,1.0018389080093666,1.2566858547500779,19.426110299916054,3.3796841787901974,2.7991925725340843,36.03699539899826,33.237802826464176,19.71791131263323,0.17861217162300214,0.659985519762504,9.02332641467249e-05,3887960.265328695,1.8276274209585992,1.8550803450937876,1.0150210725776863,1.8694996170154872,51.84876537965506,2.9033272092730305,40.09018215164542,64.4308430120349,24.340660860389477,51.929989218934196,0.2976184561468011,0.49886823033788374,0.00020367494054557628,26967237.802786224,1.2407251374614723,1.242668799155571,1.0015665530063134,1.2436386595343025,61.72517662887624,3.4094520442768084,948.0,203.0,99.0,3064.548311099906,3323.964629343679,6640.536203330464,1.5136725432032792,False,0,0,0
T1_600doc_250RPM_02-02-2024.csv,600.0,250,27.539904507013865,1.7104701926887333,20.33530992887914,34.97780138775706,14.64249145887792,27.592970998707614,0.34662979811883565,0.6308496486603969,8.653064918141021e-05,7613720.485355194,1.2676344779761242,1.270077075933539,1.001926894542435,1.2712947706980327,19.856148854753787,3.373878759862175,6.709522382616997,35.059413039684294,28.3498906570673,20.140747385049774,0.0581790467259779,0.27790884794466253,0.00012675421178522786,4056497.0522838933,1.740720558647613,1.765670336989374,1.0143330175643728,1.7788315100172365,52.32778975892685,3.3352397781445826,39.1165558360517,66.37809564322234,27.261539807170635,52.43397186397544,0.20471860545861303,0.07720166636692216,0.00010326987757782343,27493214.05432168,1.2659368207966553,1.2685056248128381,1.002029172367833,1.2697915088447755,62.47126358908062,3.699241108617611,948.0,205.0,99.0,3230.121634463197,3317.9330629100873,10717.143699608952,1.420930903338797,False,0,0,0
T1_600doc_250RPM_02-02-2024.csv,600.0,250,27.667587018358596,1.812641373346546,20.33530992887914,34.97780138775706,14.64249145887792,27.726901019890647,0.3860282837825162,0.800258534817738,1.8980302431889998e-05,7687810.4016681295,1.2615113878995992,1.2642158264306835,1.0021438082581142,1.2655629770619752,20.150694450857994,3.369895737581081,6.709522382616997,37.01457775831222,30.305055375695225,20.43053313386624,0.1769115706973262,0.7905698322765535,2.6730323523332093e-05,4174066.841340063,1.8117284319397318,1.8368884431541852,1.0138872972189965,1.850046897001999,52.40314850972041,3.9545229512953317,39.1165558360517,66.37809564322234,27.261539807170635,52.55214767737028,0.19623839429000212,-0.3231423705092844,1.282772266829903e-05,27617282.255041346,1.2630900653334425,1.2666814405418727,1.0028433247216477,1.2684818651701302,62.69792355942266,4.109298132497442,948.0,393.0,99.0,3329.7362273710974,3792.9735107046945,16769.06120477216,2.526556498062919,False,0,0,0
T1_600doc_250RPM_02-02-2024.csv,600.0,250,27.64689228207618,1.912563702759756,20.33530992887914,34.97780138775706,14.64249145887792,27.712967231493597,0.36712215279106764,0.5950397928252138,-4.945084422613325e-06,7680085.527738377,1.2621456625549485,1.2651621394146206,1.0023899593756602,1.2666657397892735,20.26947069550961,3.0708593563278948,7.687104741930963,37.01457775831222,29.32747301638126,20.500771191895915,0.28254977843601115,0.9704340976713257,2.1888783802019343e-05,4202816.194624694,1.805521236827633,1.8261245354824303,1.0114112746139712,1.836712140003488,52.27131957758508,5.0739188067249135,38.14292952045798,66.37809564322234,28.235166122764355,52.51700203209687,0.1340493665778762,-0.757027227296958,-3.8635373861651244e-05,27580355.02439267,1.2639353556902195,1.2698760272294045,1.00470013874716,1.2728728484279186,62.63530154063018,4.810891350873041,99.0,393.0,99.0,4067.0296544069975,3490.4414531742955,22724.830331594196,2.808662642358349,False,0,0,0
T1_600doc_250RPM_02-02-2024.csv,600.0,250,27.71288106824697,2.1689942033129226,20.33530992887914,35.953967385739084,15.618657456859943,27.797631427098363,0.1946247813266386,0.2451852212619694,-4.233933149095843e-05,7727083.129568065,1.293418379189299,1.2973738564820183,1.0030581576358908,1.2993600334568949,20.353249531664844,3.273707168623398,7.687104741930963,37.99216011762619,30.30505537569523,20.614847201085713,0.26550894832402194,0.5809346753082099,-3.552066595809433e-06,4249719.251241115,1.842951332456409,1.8666385462684656,1.012852869956411,1.878858461380206,52.14221679111294,7.015412124310021,33.274797942489386,72.21985353678464,38.945055594295255,52.61204024902795,0.0895469619732097,-0.8576274847822516,-8.026400668442587e-05,27680267.79165337,1.3726868069542115,1.3850552964808682,1.0090104235459947,1.3913842968024606,62.656870178830296,6.310597169797864,98.0,98.0,98.0,5792.674793204434,4155.398943180944,29671.570373861345,2.3349379443745675,False,0,0,0
T1_600doc_250RPM_02-02-2024.csv,600.0,250,27.684767467550515,2.279795074306711,20.33530992887914,35.953967385739084,15.618657456859943,27.778477555711657,0.19452158261522376,0.1885923432598866,4.377445749553095e-06,7716438.153131763,1.2943102196162808,1.298691326480562,1.0033848970655426,1.300892894262488,20.558737380726217,3.3895448545968727,7.687104741930963,37.99216011762619,30.30505537569523,20.83628318609136,0.2214683008158612,0.6080022036477026,6.308445979199184e-05,4341506.970109936,1.8233655099766894,1.847981197193743,1.0135001386624716,1.860764698476726,51.961414383118964,8.01373417523132,33.274797942489386,76.11435879915952,42.83956085667013,52.57574079483307,0.09690392717339452,-0.9655649065477823,-5.384209341196804e-05,27642085.201254737,1.4477087274182494,1.464824614625719,1.0118227422984407,1.4736424960892363,62.61120979668761,7.059705393627424,98.0,98.0,98.0,7376.4785250487585,5582.873723894379,37158.449156453804,2.545585256457771,False,0,0,0
T1_600doc_250RPM_02-02-2024.csv,600.0,250,27.675298664815816,2.261385485464441,20.33530992887914,35.953967385739084,15.618657456859943,27.76753536957549,0.29402118390186577,0.24869523258832293,3.221676114935069e-05,7710360.205006258,1.294820260682313,1.2991356596071033,1.0033328169598739,1.3012951285409242,20.822977908405782,2.9902272508862753,7.687104741930963,36.03699539899826,28.349890657067295,21.03658403795393,0.27995356177163033,0.7821325020340697,4.5334251602454925e-05,4425378.679858981,1.7130630778257907,1.7306360097731703,1.0102581931598706,1.7396293232082967,51.85090774921592,8.722302624915745,29.380291194841263,77.08798511475324,47.707693919911975,52.57941800265872,0.14867985252795107,-0.6154604576750375,1.8463502505627084e-05,27645951.974983122,1.4661247317506485,1.48672392559837,1.0140500964219632,1.4973904357225714,62.61644524280685,7.572969770136861,98.0,98.0,98.0,8006.218218656661,5853.265605550375,39880.9392372962,2.426870248392153,False,0,0,0
T1_600doc_250RPM_02-02-2024.csv,600.0,250,27.7104405703065,2.7763222894477777,17.406811934933067,36.93013338372111,19.523321448788046,27.849173812796902,0.1535387831055732,0.12347324168780505,2.2685403713425527e-05,7755764.820553728,1.3260764442050141,1.3327154900342546,1.0050065332645437,1.3360735990530752,20.860712624385176,3.452653375511547,9.642269460558891,37.01457775831222,27.372308297753328,21.14450629663919,0.34401457668636737,0.5886513341984889,3.1791175881743646e-05,4470901.465286143,1.7505529445346046,1.7743678475798543,1.0136042175242983,1.7865877212502457,52.00659058787066,12.906452280534953,20.617654354497787,92.66600616425276,72.04835180975498,53.58415787379815,0.06604923793322437,-0.5710523341087863,6.374667877498326e-05,28712619.75044124,1.7293545301673026,1.781812749437664,1.030333987829139,1.8107716745989282,63.00944478438889,11.123779555131334,95.0,95.0,95.0,9984.137351647669,10525.538757886896,68212.25525694633,3.132922134916829,False,0,0,0
T1_600doc_250RPM_02-02-2024.csv,600.0,250,27.990600113443598,3.84853396992463,15.454479938969016,39.85863137766719,24.40415143869817,28.253936158142157,0.16107701293105045,-0.22301670969347187,0.00011139190062676788,7982849.084283727,1.4107284434484295,1.4240006007775265,1.0094080171068602,1.4307928116638826,20.887987215942648,4.708294097921288,3.776774931848049,43.85765427350998,40.08087934166193,21.412053690524502,0.42371661725866744,0.8249544142088161,4.987454313450751e-05,4584760.43245904,2.048269395705763,2.0996591878434248,1.025089371664392,2.1268731113317423,52.1576972852411,20.518446899588586,6.013258042489179,103.37590157687664,97.36264353438746,56.04847945546857,0.07710047896691703,-0.9017397616106009,-9.483253150830196e-07,31414320.49270083,1.844401535620792,1.9819874526195504,1.074596509676213,2.069976255958543,64.0292970583278,17.275477393136594,95.0,95.0,95.0,18553.503391177685,16958.42070360077,114946.5771501856,5.910853197526892,False,0,0,0
T1_600doc_250RPM_02-02-2024.csv,600.0,250,28.37218333705348,5.372245966602397,10.57364920448512,42.78712937161326,32.21348016712814,28.876319260547234,0.012624473090052116,-0.24933644700787738,4.3339547805874555e-05,8338418.1403705105,1.4817376475703365,1.5080661527988282,1.0177686686112506,1.5221351762484685,21.04938610253766,5.902488786592312,3.776774931848049,48.74556905269623,44.96879412084819,21.86129065653612,0.4474769792726002,0.3294066295867486,3.161127467501631e-05,4779160.291695535,2.2297662941562058,2.315771529641883,1.0385714124888696,2.362641769240013,51.8784611005734,29.260449382140074,-7.617511768266558,117.00666999518872,124.62418176345527,59.56130139787485,0.07820081895103374,-1.1916068615820252,-0.00012938167751320198,35475486.24208489,1.9644747050366418,2.2532404326293864,1.1469938639842951,2.4942001790209583,65.53695049317685,23.75320162567524,95.0,95.0,95.0,22127.293259703598,19944.707330634013,139590.28561780642,8.740666906313358,False,0,0,0
T1_600doc_250RPM_02-02-2024.csv,600.0,250,28.462380975912954,7.810362618366349,1.7881544780731202,50.59646033376456,48.808305855691444,29.514553953065025,-0.1824806312368119,-0.10248286731808776,-7.266935873397367e-06,8711088.950483862,1.7142884969301806,1.7776608491251369,1.0369671454416445,1.8158610020965291,21.145189181132405,7.315574885072637,0.8440276674926279,48.74556905269623,47.90154138520361,22.374911427869034,0.41949536001328347,0.0012910179583971448,-1.6812163396716182e-05,5006366.6140498435,2.178581542538813,2.305279401150561,1.058156124128409,2.378815127703691,51.769415143258335,39.25669864847222,-21.248281671851878,136.4791963070631,157.72747797891498,64.97046046513742,0.10857146281011021,-1.2576327179626765,9.58107085914637e-05,42211607.330519855,2.100634585779127,2.5799567223527955,1.228179684281399,3.0942537086396698,68.35664636434117,30.33603776576233,94.0,94.0,94.0,26646.935108215333,24038.128745398506,175599.651043422,10.695558764612617,False,0,1,1
T1_600doc_250RPM_02-02-2024.csv,600.0,250,29.104502958021477,13.007647368352648,-6.997340248338879,59.381954315602776,66.37929456394166,31.879005356078668,-0.29281489945128963,-0.3731911819232323,0.00023477873992230652,10162709.824928924,1.8627292053915936,2.033624640369701,1.0917446478443875,2.1730772383017616,21.886978701869204,10.775838990121121,-4.043884688317776,58.521392645835874,62.56527733415365,24.395871426064918,0.37997292555686973,-0.27917615079584834,0.0002696854148306901,5951585.426370907,2.3988236215784746,2.6727942159218703,1.1142103954116966,2.870968073096564,53.124605788392984,55.53853437074565,-55.325205688178535,175.42424893081187,230.7494546189904,76.85540020208504,0.15621664754668943,-1.1360213160163009,0.0005169578241583029,59067525.40222653,2.2825233941863297,2.8923728496100116,1.267182127016525,3.556705636173151,77.44131178000463,39.00032429537929,284.0,95.0,95.0,43949.039901416174,35891.32198229185,317916.8897119677,16.147781544023253,False,0,1,1
T1_600doc_250RPM_02-02-2024.csv,600.0,250,30.750709477372748,22.56717401395623,-36.28232242152095,80.85760627120733,117.13992869272829,38.142934815480096,-0.4248742142913578,-0.474997994679649,0.0003728603316251469,14548834.763379633,2.119858019902331,2.4428452972410386,1.1523626933060303,2.748478480188205,23.402231489388523,17.11743796756331,-19.685203555822373,83.93853398799897,103.62373754382133,28.994329122369873,0.455018002359333,-0.3380729605302957,0.00032870313113235445,8406711.212563058,2.8949983161789463,3.5273929776661617,1.218443878862735,4.127357792071176,56.44457429901743,79.5585811762741,-91.34938530623911,222.15832396149636,313.5077092677355,97.54772066316617,0.13739882904325798,-1.1704180457036446,0.0007848667459537047,95155578.06579095,2.277432239843026,2.837745374698327,1.2460284547890308,3.376941840208955,96.89612447549936,49.216394278755295,190.0,190.0,95.0,77816.4261174252,79147.70285919482,528053.1120228595,46.7014355095116,False,0,1,1
T1_600doc_250RPM_02-02-2024.csv,600.0,250,31.67455300819501,32.99896671682423,-46.04398537963629,92.57159824699164,138.61558362662794,45.74067241140021,-0.42617234315864033,-0.9106287384209466,4.1245542846692716e-05,20922091.126470286,2.023835535568548,2.339213542734003,1.1558318359484965,2.6329807009356494,23.75093511405709,22.214941145482907,-20.66278591513634,94.69194590568544,115.35473182082178,32.52092447777921,0.5687953549399728,-0.4564500410575407,-6.688792726889024e-05,10576105.288894191,2.911723680253501,3.7863184945586004,1.300370127919884,4.723441105641785,57.58001763949733,99.14078860589223,-104.00652740895748,243.57810290455816,347.5846303135156,114.64883076928014,0.09655926559529475,-1.3644563778995995,-0.0002230027405062998,131443543.96763036,2.124558107310627,2.572371453240109,1.2107795236988586,2.980384112966762,115.90420695523136,53.48260323112914,285.0,190.0,95.0,127889.94071255652,108902.14117867913,676609.6838535687,30.35475602982211,False,1,1,1
T1_600doc_250RPM_02-02-2024.csv,600.0,250,32.28104488659107,38.03254853445857,-46.04398537963629,94.52393024295569,140.56791562259198,49.88527445044333,-0.40326615462435345,-1.1150353372591386,0.00022749836621284154,24885406.069960542,1.894826304641402,2.1673517841763683,1.1438261010349136,2.406426336992355,23.62111212984787,23.54722289936726,-20.66278591513634,99.57985770225524,120.24264361739158,33.35309047934437,0.775337631219919,-0.12896816577021086,0.00013874698052714096,11124286.445233319,2.985626107539427,3.9783094356715516,1.3324874891820377,4.998852614430711,56.67474004801032,106.1075943466699,-104.00652740895748,243.57810290455816,347.5846303135156,120.29483670360501,0.10674044920813973,-1.4175707417471506,3.397796838592975e-05,144708477.37546998,2.0248425417020295,2.4288417316457402,1.1995212870251726,2.7911063462719565,123.01332830990303,54.21750683299994,284.0,190.0,95.0,138667.07634363128,96811.40980817926,705828.5330918921,31.458008710714758,False,1,1,1
T1_600doc_250RPM_02-02-2024.csv,600.0,250,32.87504192749562,38.40330106451369,-47.02015137761832,94.52393024295569,141.544081620574,50.55276366714558,-0.4074216515202229,-1.0995904915136656,9.824376405930667e-06,25555819.14386274,1.8698073732492517,2.1386094351995237,1.1437592266433103,2.373693612037732,24.393891075575738,22.76385925256484,-16.75245647788048,99.57985770225524,116.33231418013571,33.36547931436975,0.904049867261926,0.11630491688042044,0.00015676832698262636,11132552.098776355,2.9845175237560118,3.956267386756333,1.3255969701184316,4.908978926069292,57.3173334954858,106.25045653651252,-99.13839583098888,243.57810290455816,342.716498735547,120.72462977060677,0.10453794492185738,-1.4250677861332204,0.0001756185356834574,145744362.33250073,2.0176338777546032,2.417216437484985,1.1980451280759974,2.7717539408609744,123.6484692442378,54.35374330320554,284.0,190.0,95.0,164144.140258858,82591.6721981098,693647.1717326215,22.773848152263803,False,0,1,1
T1_600doc_250RPM_02-02-2024.csv,600.0,250,33.137044887133754,39.04486454432923,-53.85331336349249,97.45243419349194,151.30574755698444,51.210987015843926,-0.39486739413215866,-1.0867743278745063,0.0001536189900121535,26225651.91136935,1.9029594989712186,2.17971982820036,1.1454367943084252,2.4216614929309497,24.901451883172214,22.219085428083776,-15.774874118566512,96.64711062431336,112.42198474287987,33.373193781093626,0.923811392469002,0.1379378543841976,5.1785202809055445e-05,11137700.63150426,2.895950302456976,3.8011768598804223,1.3125835953246283,4.670110577380801,57.643498319035224,107.50745180733979,-101.08564846217632,247.47260816693304,348.55825662910934,121.98616762799011,0.11243867635203846,-1.4219404804534965,2.142097274276786e-05,148806250.92564103,2.0286940148954207,2.432145865584682,1.1988726972756705,2.789006376135846,124.90416244620397,54.91730647495153,284.0,190.0,95.0,171789.7662058274,79758.1894788346,698321.737530973,24.7442643872079,False,0,1,1
T1_600doc_250RPM_02-02-2024.csv,600.0,250,33.63264438903838,40.20775964188541,-56.78181135743857,101.35709818542004,158.1389095428586,52.419640441528635,-0.40124411602691473,-1.0735380900100386,0.00010925527095136243,27478187.04019144,1.933571030470508,2.211954651201949,1.143973826843951,2.4548477477789845,25.0417349706361,22.19264574696535,-15.774874118566512,105.44535185813903,121.22022597670555,33.46045450363576,0.9393615630305616,0.18289720812918686,7.287715513879474e-05,11196020.155898783,3.1513424854011327,4.1276324357003835,1.309801284634088,5.049166553707284,58.08007236913085,109.18910884508723,-103.03290109336376,248.4462344825268,351.47913557589055,123.6752048584832,0.11409872592983414,-1.4205667570874951,0.00021245151137001507,152955562.96787786,2.008860504955818,2.4077823443553608,1.1985811550455647,2.7605291736556348,126.79720604203553,55.5467870927779,284.0,190.0,95.0,181774.24665980903,73820.2916189958,704592.5832943158,26.344024837687243,False,0,1,1
T1_600doc_250RPM_02-02-2024.csv,600.0,250,34.077385640856626,40.6074081187644,-56.78181135743857,101.35709818542004,158.1389095428586,53.011600676074224,-0.41163623274228495,-1.06126608536699,8.804405264214223e-05,28102298.062395535,1.9119795835775553,2.1853822056984398,1.1429945301033568,2.423162887565261,25.396401896369046,21.80032261940187,-14.797291759252548,105.44535185813903,120.24264361739158,33.469856521830245,0.97047787807116,0.2182782428322847,1.868749986009547e-05,11202312.955919024,3.150457241708335,4.0961250550781765,1.300168432965957,4.954646305384275,58.49211109726678,109.42328309872346,-104.00652740895748,248.4462344825268,352.4527618914843,124.07571053481169,0.10823663608177422,-1.4216859902021541,-5.268423280643413e-05,153947819.4471838,2.0023760767650063,2.39821165394321,1.1976829336763286,2.748760576928303,127.44160005347364,55.5327076807921,284.0,189.0,95.0,200085.95988889778,71295.17240051494,688780.0416416988,31.481784047231518,False,0,1,1
T1_600doc_250RPM_02-02-2024.csv,600.0,250,34.26656662035865,40.704301237438436,-53.85331336349249,99.40476618945598,153.25807955294846,53.207496907631445,-0.41944116143564625,-1.0498442294022776,-3.708302248738305e-05,28310377.271756098,1.8682473705166642,2.1343198314299188,1.1424182177971818,2.365190069551473,25.536587224991155,21.530352204739444,-11.864543935656547,97.62469298362733,109.48923691928387,33.40169686048465,0.9868430464004224,0.2232979101203969,-6.668116041003938e-05,11156733.531597102,2.9227465116935627,3.785492730873993,1.295183388545221,4.55345048126665,57.774548416500515,109.53023532037035,-104.00652740895748,247.47260816693304,351.4791355758905,123.83364201244454,0.11799618527791368,-1.422431626106937,-0.00016273865312372952,153347708.94066268,1.9984279243120664,2.3942155622420627,1.198049493361759,2.7444558915413886,127.26675589947037,55.53966886133018,284.0,189.0,95.0,211110.43510286152,74549.93105627016,677949.707228599,30.675758953789924,False,0,1,1
T1_600doc_250RPM_02-02-2024.csv,600.0,250,34.64395245230592,39.698302239853405,-53.85331336349249,99.40476618945598,153.25807955294846,52.68926496208106,-0.4279197992363995,-1.0100616208240658,0.00015186901009946077,27761586.422443833,1.8866227543882936,2.1605995842786796,1.1452207810242478,2.4015712562419447,26.091072002994064,20.67559652936695,-11.864543935656547,97.62469298362733,109.48923691928387,33.29000345615169,0.9572545443590148,0.2162354139937639,0.0001892041264926758,11082243.301105915,2.932552804093722,3.7177484541684724,1.2677515811407214,4.386856794270409,58.02330998548196,107.97190235272983,-103.03290109336376,246.49898185133927,349.53188294470306,122.57502273847945,0.11516377525186927,-1.4243710743740643,0.0001349123540796355,150246361.99338752,2.011004985716041,2.4123687312842215,1.199583665092342,2.7682217323415355,125.96886012010998,55.14404275834239,284.0,189.0,95.0,212230.99323956762,77075.4084003254,645274.7108144944,24.257032041828793,False,0,1,1
T1_600doc_250RPM_02-02-2024.csv,600.0,250,34.96218261840007,38.57729730628287,-48.97248337358237,101.35709818542004,150.3295815590024,52.06305869711936,-0.4212350079882275,-0.9941488744421219,-7.047789681724328e-05,27105620.808996957,1.9468141273656692,2.237731200207148,1.1494323822455166,2.4966525017552583,26.479074488055765,19.89294082385937,-8.931796857714653,94.69194590568544,103.6237427634001,33.11903501561566,0.8900122612864401,0.028728669611551183,-7.759799137699525e-05,10968704.803655762,2.8591396416302013,3.5623785905294914,1.245961735712329,4.144847534380129,58.2279663133628,106.13752678439793,-101.08564846217632,248.4462344825268,349.5318829447031,121.06060735391551,0.1132262664530061,-1.4256812293245764,-0.00013343469766596548,146556706.52898902,2.0522467209850093,2.4663390799697065,1.2017751349048067,2.836495062515894,124.49723258740288,54.438426614316135,284.0,189.0,95.0,206373.77819945992,76629.87000631618,620568.2491338454,16.514646254539784,False,0,1,1
T1_600doc_250RPM_02-02-2024.csv,600.0,250,34.47370910981528,38.88282752231208,-55.80564535945654,101.35709818542004,157.16274354487658,51.964515738319264,-0.4270435073362505,-1.0027653994940466,-9.0782191856715e-05,27003108.95918031,1.9505059701860763,2.2368163658837923,1.1467877566508564,2.489934046835091,25.63590961989519,20.344153317280597,-8.931796857714653,91.75919286251067,100.69098972022533,32.72742636133269,0.8727641539880039,-0.06800423265828437,-0.0001376097029557207,10710844.362364538,2.803739953439289,3.5605096962438263,1.2699143841340292,4.227660330608641,57.45734100196133,106.8428454209696,-102.05927477777004,249.41986079812048,351.4791355758905,121.31257005217914,0.12050450938138546,-1.4230615261834092,-0.0001156108937395743,147167396.5266487,2.0560100300475015,2.4716181223936253,1.2021430276468648,2.844891694523975,124.48064605690443,54.70560978615481,284.0,189.0,95.0,208724.33424664102,83773.78214996002,617854.5073400994,24.566139663992697,False,0,1,1
T1_600doc_250RPM_02-02-2024.csv,600.0,250,34.56205218750774,36.37366824679643,-55.80564535945654,99.40476618945598,155.21041154891253,50.17548398510986,-0.45556268807202854,-0.9161464680062341,0.00022226128330185386,25175791.931400158,1.9811421494002026,2.280452291641461,1.1510795892823116,2.5559175325770718,25.756934333594334,19.186577871747897,-8.931796857714653,92.7367811870575,101.66857804477216,32.11766549258736,0.8108466077118265,-0.09991595186346958,0.0003104483008648511,10315444.36693737,2.887407280845515,3.58799072512758,1.2426340921592864,4.1850996449867734,57.61292650829337,104.29706970573112,-102.05927477777004,249.41986079812048,351.4791355758905,119.15170183447718,0.11700868693739702,-1.421805263978097,4.256989175340434e-05,141971280.5005215,2.093296671033779,2.5243618385149733,1.2059264572700592,2.9158133778328117,121.67571258456633,54.23350114941791,284.0,189.0,95.0,181198.0288179782,85752.00702276113,563285.5116592188,18.052375083805384,False,1,1,1
T1_600doc_250RPM_02-02-2024.csv,600.0,250,34.943245088895836,33.57502415784858,-46.04398537963629,98.42860019147396,144.47258557111024,48.459391499922475,-0.44397408767381896,-0.8971204184124812,6.593667042722085e-05,23483126.245427586,2.031156338222518,2.3532737197174054,1.1585881773023807,2.662602044056959,26.344950189867838,17.89816391180194,-7.954214498400688,92.7367811870575,100.69099568545819,31.849657328146357,0.7807370278151303,-0.1413933947640622,2.1945120857514484e-05,10144006.719203468,2.911704205530137,3.515690582784886,1.2074339749578993,3.986916056499565,58.22553226885035,100.39908233580526,-94.27026425302029,237.73634501099585,332.0066092640161,116.06114053318078,0.11502180655754515,-1.4285750747852852,0.0001488143027951828,134701883.41862738,2.0483716075754854,2.4810641537801654,1.2112373285220583,2.878265192289585,118.41564109023614,53.01544665014364,284.0,189.0,95.0,166270.75794690585,78864.42146430266,546037.5691723475,21.77063987906264,False,0,1,1
T1_600doc_250RPM_02-02-2024.csv,600.0,250,34.8900440470503,33.18878577885025,-46.04398537963629,98.42860019147396,144.47258557111024,48.15403072515865,-0.4383340392849489,-0.889098629999435,-2.6034329567120087e-05,23188106.75079523,2.044036578230797,2.3709701461515835,1.1599450672275942,2.6880534049490343,26.120301744319804,17.78603026720377,-12.842127040624618,89.80402814388276,102.64615518450738,31.600839164177344,0.7782519078594733,-0.1322862550567856,-6.739586778754556e-05,9986130.358802047,2.841824157811747,3.4316647452284847,1.2075570319139397,3.8925503755045,57.66988364180522,99.6600831672652,-93.29663793742657,234.8154660642147,328.1121040016412,115.14316156926373,0.12645382356427817,-1.4261082391585111,-0.0001679398706781688,132579476.5616557,2.03933488419078,2.4752135796133263,1.2137357129530524,2.8773775040817333,117.43331193153332,52.77109640623827,284.0,189.0,95.0,164447.13940211953,81409.5469061783,541268.7513949199,36.276361088696596,False,0,1,1
T1_600doc_250RPM_02-02-2024.csv,600.0,250,34.134198653934604,34.34984830461848,-47.99631737560034,95.50010219752788,143.4964195731282,48.42577409083486,-0.43131508922506445,-0.8889136682327643,-0.00021256529775556785,23450555.962965727,1.9720924237244644,2.2834111520372593,1.1578621389989638,2.575412456679536,25.56845643247015,18.503197690095206,-12.842127040624618,93.71436354637146,106.55649058699608,31.5612783185008,0.8198095888336018,0.013752094743971988,-0.0001364885447984262,9961142.890978687,2.969282885206755,3.6540289203542917,1.2306099019931733,4.224828227778285,57.259694819041506,100.756337840745,-95.243890568614,244.55172922015188,339.79561978876586,115.89008700423047,0.11867775717099571,-1.4295092945855994,5.489297424140211e-05,134305122.65848106,2.110204035063195,2.55312196023489,1.2098934121118912,2.960454951694116,118.23577933093026,52.839214956792425,284.0,189.0,95.0,176944.09440124556,84961.64307536854,554363.7327948953,21.677263130363457,False,1,1,1
T1_600doc_250RPM_02-02-2024.csv,600.0,250,32.22657491163307,35.95783022512827,-54.82947936147452,99.40476618945598,154.2342455509305,48.28579175113779,-0.4230661045541821,-0.9085908532526199,-0.00033303594844273865,23315176.850342467,2.058675286961897,2.373135447755301,1.152748790829209,2.65395441073323,24.187718973388804,19.448131388425754,-14.797291759252548,93.71436354637146,108.511655305624,31.036680937837147,0.8336412778366293,0.005345158329869815,-0.000283245664145626,9632755.636371037,3.01947117779992,3.8450914977184643,1.273432091681735,4.612150896549069,57.390647566518616,102.88625881194221,-100.1120221465826,244.55172922015188,344.66375136673446,117.81030803975646,0.10712517983411333,-1.4312875716459446,-5.165943960411529e-05,138792686.80422306,2.075809267365849,2.5009485338545345,1.2048065172327593,2.8873157138489307,119.60657076987778,53.55679375918499,284.0,189.0,95.0,185842.60117579435,87786.00539489293,557039.9655306083,38.02552919710678,False,1,1,1
T1_600doc_250RPM_02-02-2024.csv,600.0,250,31.16723952125774,35.01762467743137,-54.82947936147452,99.40476618945598,154.2342455509305,46.878895650653945,-0.44560206106848566,-0.8752532446033969,-2.940806282734864e-05,21976308.57424901,2.120458786619674,2.4430641582228394,1.152139420788954,2.7350512776612517,23.552779196677015,18.67058687359662,-14.797291759252548,91.75919286251067,106.55648462176322,30.05535263629325,0.7231799740136597,-0.2508412240597129,9.140952257887189e-05,9033242.220919397,3.0530066964413898,3.8642077450698173,1.2657056237622966,4.633294805363278,56.407674325822875,102.7212418903012,-100.1120221465826,236.76271869540213,336.8747408419847,117.18992814373541,0.11976191001110657,-1.4298624633966062,-0.00012559639436807393,137334792.5833387,2.020333337904335,2.43653071167808,1.2060043092717863,2.813692853716006,118.15458152125794,53.60904031399111,284.0,189.0,95.0,162633.36336325968,87164.6571050719,524137.8358872587,26.487820777361524,False,1,1,1
T1_600doc_250RPM_02-02-2024.csv,600.0,250,31.466629686476068,33.463409243601326,-47.02015137761832,92.57159824699164,139.59174962460997,45.93417618756822,-0.47269680415233695,-0.8462089427167645,5.8265787686304114e-05,21099485.420305595,2.015309861419601,2.323112791930428,1.152732310005176,2.6088715016569144,23.788278813636957,18.01086623068544,-14.797291759252548,89.80402814388276,104.6013199031353,29.83745148793667,0.7114061378369649,-0.29333692838094017,3.780203440429076e-06,8902735.11294974,3.0097754220125226,3.757256883650466,1.248351241149458,4.434267474569319,56.05103497195328,100.98432922597434,-94.27026425302029,233.84183974862097,328.1121040016412,115.49698381623263,0.12457292453320261,-1.4271515944187418,0.00012355629391406765,133395532.70647103,2.0246575453492963,2.447781330231448,1.2089853594520616,2.83356614940306,116.27738390943219,53.097507617129786,284.0,189.0,95.0,143285.36145820536,85240.53238640774,495819.40752702026,36.565128335202516,False,1,1,1
T1_600doc_250RPM_02-02-2024.csv,600.0,250,31.58952900881547,31.873728065501048,-47.02015137761832,88.66693425506354,135.68708563268186,44.87574939532824,-0.4918271275272322,-0.797657026129015,3.161286952471308e-05,20138328.837923035,1.9758318345608317,2.280376225466954,1.1541347727975104,2.573216523103257,24.210594422416452,17.454993290549606,-10.886961576342582,89.80402814388276,100.69098972022535,29.8467698932376,0.7274239414561396,-0.17130692433510442,0.00017418930888776855,8908296.730598744,3.0088357455467807,3.6974768112956307,1.2288729342464344,4.287264777492862,56.94112411727154,98.74131217216949,-93.29663793742657,227.02645553946493,320.3230934768915,113.98306165926738,0.11337803973924701,-1.4306483666449747,8.998535598839065e-05,129921383.45220348,1.9917560752853016,2.4137638224061955,1.2118772235000939,2.8029361630189493,114.56452229717553,52.64761279386272,284.0,189.0,95.0,125588.73284651194,83964.19385053946,473653.2136789825,21.859675681214615,False,0,1,1
T1_600doc_250RPM_02-02-2024.csv,600.0,250,31.65649400875796,29.758062179099102,-43.11548440739513,88.66693425506354,131.78241866245867,43.44739206881878,-0.49786930658927253,-0.7504391552826744,7.840412432533151e-05,18876758.775816567,2.0407884117559685,2.3615250246514767,1.157163090033197,2.6837797935297174,24.976334759330754,16.272349980270064,-8.931796857714653,89.80402814388276,98.73582500159742,29.80950640132354,0.6949782604205766,-0.11322177986492221,0.0001576684351774222,8886066.71890549,3.0125969526250014,3.5899434718501393,1.1916441290701274,4.045056218693759,56.941708057078834,95.6819365216147,-88.42850635945797,226.0528292238712,314.48133558332916,111.34357230205927,0.11467730224014332,-1.431752836057248,-5.541073894904557e-05,123973910.92983902,2.030227920212781,2.468761513242895,1.2160021486573551,2.8750823445987304,111.82484207469199,51.66118792116865,284.0,189.0,95.0,108346.75693945766,76709.11274646266,450033.72762995574,20.950466047439846,False,0,1,1
T1_600doc_250RPM_02-02-2024.csv,600.0,250,31.90697823380924,28.499211103249884,-39.21082041546703,81.83377226918935,121.04459268465638,42.781541504723485,-0.510402402677065,-0.7270697480110844,3.0587392343105314e-05,18302602.93520378,1.9128289769585356,2.2112264592205713,1.155997993472735,2.5128813811467716,25.271564665994532,15.551771355720168,-8.931796857714653,89.80402814388276,98.73582500159742,29.673381556003044,0.6886424649316453,-0.09094159482339581,4.95443282023887e-05,8805095.729681417,3.0264170591543196,3.549724910176406,1.1729133297868457,3.941381786569876,56.026499042117656,93.60403998909683,-82.58674252480269,231.89458711743356,314.48132964223623,109.09026032234429,0.12584794830438012,-1.4294362781774586,-4.5006723076218634e-05,119006848.97196847,2.125713023621193,2.590415964209539,1.2186103841038314,3.0196331702966446,109.6936412146587,50.78149112378541,284.0,189.0,95.0,100334.07718817168,72680.40028627348,435460.26686955476,25.073419147096853,False,0,1,1
T1_600doc_250RPM_02-02-2024.csv,600.0,250,31.837963294838765,28.638484326986617,-39.21082041546703,81.83377226918935,121.04459268465638,42.82310931390385,-0.5100632546288227,-0.7345659190805836,-0.00010646390996120167,18338186.91310559,1.9109722199135009,2.2085655189514473,1.1557287415990887,2.5078408841905113,25.1393955207439,15.618039810658871,-6.976632139086723,89.80402814388276,96.78066028296948,29.595816844204922,0.6677168564567145,-0.23765301110634018,-0.00014070033353088168,8759123.746757237,3.034348692472972,3.5691928134039013,1.1762632364097336,3.9715136305663163,55.80694626582521,93.47929898029736,-83.56036884039641,231.89458711743356,315.45495595782995,108.87054050276653,0.12419204212555342,-1.4289524468074417,-7.361179093283497e-05,118527945.89364527,2.1300030848247773,2.5942367645370465,1.2179497687208556,3.023335563149326,109.55850459827539,50.59110322517664,284.0,189.0,95.0,102106.75261489587,74489.82700606831,434471.24726128153,48.37526919814777,False,0,1,1
T1_600doc_250RPM_02-02-2024.csv,600.0,250,31.27647255604437,30.049397179757477,-44.09165040537715,83.78610426515341,127.87775467053056,43.37261816418065,-0.5006270513055097,-0.7613262358359538,-0.00012814390060453729,18811840.064158134,1.9317741886826723,2.2331707399929277,1.1560205913693182,2.5320274923123676,24.488912160667404,16.329270313185628,-9.909379217028617,83.93853398799897,93.84791320502758,29.433856148557382,0.6276235978475078,-0.4009413693051185,-0.00021598191700213597,8663518.877739692,2.8517681667107344,3.4225763745995557,1.2001594009470968,3.8898699439976365,56.2407943484626,95.40176377027495,-88.42850635945797,228.00008185505865,316.4285882145166,110.74530906284659,0.11186230139376686,-1.4309150891245423,-5.500683455333357e-05,122645234.7942541,2.0587786858373516,2.499338207632796,1.2139907144104995,2.9056838216527616,111.3554014811624,51.10806134637006,284.0,189.0,95.0,117332.39458624934,79814.42507345439,454761.6584558456,41.11302565357184,False,0,1,1
T1_600doc_250RPM_02-02-2024.csv,600.0,250,31.482736446914416,30.26966753201254,-44.09165040537715,83.78610426515341,127.87775467053056,43.673967837654125,-0.5199125811686021,-0.733681250433527,0.00022576049972226921,19074154.666844472,1.9184449779467037,2.213700095421392,1.1539033544713373,2.505327521494733,24.662139771785355,16.278306151377297,-10.886961576342582,84.91611634731294,95.80307792365552,29.55003196751308,0.626300478307331,-0.33104434580902975,0.00025567848319420114,8732043.892810449,2.8736387304307693,3.4371616342465185,1.1961008173533612,3.8950958666298194,56.209151502692976,95.67905917257728,-88.42850635945797,228.00008185505865,316.4285882145166,110.96824355103689,0.11455488507253338,-1.4302460228466545,3.4799919672173778e-06,123139510.76802239,2.0546426126876205,2.4950431974807223,1.2143441307376692,2.9015969856479478,111.69780652509024,51.1680657270845,284.0,189.0,95.0,108083.84449152651,78717.64455769998,445243.9307655006,30.769260208070417,False,0,1,1
T1_600doc_250RPM_02-02-2024.csv,600.0,250,32.06316479316062,28.90894735825907,-40.186986413449056,82.80993826717138,122.99692468062042,43.171446280104725,-0.5215258895079417,-0.706220080724671,-1.630898698733188e-05,18637737.73915968,1.9181645602022324,2.2151284711862305,1.1548167019375486,2.5132783069570936,25.324647397705576,15.56006154812498,-10.886961576342582,84.91611634731294,95.80307792365552,29.722942001079794,0.6607617488614866,-0.200362001469645,-2.813924078235188e-05,8834532.811995532,2.8569216447089274,3.350106884866354,1.1726281996815753,3.719155583722189,55.77559548095544,93.27673308575991,-86.48125372827053,221.18469764590265,307.6659513741732,108.68056857786158,0.12606809210742637,-1.4275272022574532,3.4242126536697165e-05,118114659.86407275,2.0351816386334067,2.480713093456282,1.218914836084136,2.894201179878098,109.67235180971909,50.30574808158609,284.0,189.0,95.0,98443.993607292,73858.82231143487,429163.83566194674,20.69462443711628,False,0,1,1
T1_600doc_250RPM_02-02-2024.csv,600.0,250,32.13120355634196,29.579147882639198,-43.11548440739513,85.73843626111746,128.8539206685126,43.67310650093626,-0.4836788592174665,-0.7356526275576036,5.56500615244361e-06,19073402.31442121,1.96318611453205,2.2726213159619726,1.157618882458162,2.580223610557947,25.227377947417356,15.923884737199824,-7.954214498400688,85.89369870662689,93.84791320502758,29.83271196565048,0.6538989073799762,-0.2978945569702489,-8.893634234446796e-05,8899907.032254651,2.8791783598328338,3.4022325919178,1.1816678811504178,3.8023213188117237,56.261435148079286,93.83920988960617,-85.50762147158385,229.9473344862461,315.45495595782995,109.4127341657592,0.12396066527753996,-1.4273138563712051,0.00010163809751441773,119711463.97627091,2.10165056416448,2.5607693858340546,1.2184563073890922,2.9867926277213854,110.51498080840337,50.546180362248066,284.0,189.0,95.0,116266.01408397805,76253.45969926151,452477.28593077423,26.890619592909214,False,0,1,1
T1_600doc_250RPM_02-02-2024.csv,600.0,250,32.23497001429668,29.770108644970605,-43.11548440739513,85.73843626111746,128.8539206685126,43.8788406929349,-0.4932671751752598,-0.7375000964407317,2.8238771008144505e-05,19253526.605559595,1.953981347436158,2.261233496148556,1.157244156458068,2.570694244134878,25.670907098044985,15.881007460141332,-7.954214498400688,86.87128106594086,94.82549556434155,30.186120472586754,0.6224246701636196,-0.32750714203877473,0.0001811666990685197,9112018.69185521,2.8778551104250782,3.380181232586892,1.1745487882076233,3.7604503953004946,57.01628768292426,93.8963255995251,-85.50762147158385,229.9473344862461,315.45495595782995,109.85161365330057,0.11638123650903391,-1.4282937303181904,-2.1813717484926675e-05,120673770.22234014,2.09325404369549,2.5503170986979273,1.2183504942360104,2.9743537805498286,111.03065158633846,50.755551029307284,284.0,189.0,95.0,110195.74244443787,75031.04152880695,442272.2136068666,22.485683625245937,False,0,1,1
T1_600doc_250RPM_02-02-2024.csv,600.0,250,32.664775940045956,28.437575809014312,-35.30615642353893,81.83377226918935,117.13992869272829,43.309159598251746,-0.518295861799424,-0.714496059469889,0.0001424483556896659,18756833.05106841,1.889525749940729,2.1819808380052472,1.1547769793947988,2.477822102971342,26.507717663738614,14.957490543322566,-7.954214498400688,86.87128106594086,94.82549556434155,30.436583564750894,0.6135733608999423,-0.2998845939763273,0.00015218396614115448,9263856.190940643,2.8541731985500474,3.274962626792985,1.1474295352702155,3.570250098453362,56.86099406859792,91.8624914054833,-79.66586357802153,222.15832396149636,301.8241875395179,108.03652148089377,0.12256846421621914,-1.4305829960786811,6.628395032203571e-05,116718899.73691621,2.0563261470870757,2.5127146692925924,1.221943645881283,2.9372564719416165,109.36254458362762,50.13773768416949,284.0,189.0,95.0,98881.81179388556,69779.58373311312,428325.1381405021,20.76131164919074,False,0,1,1
T1_600doc_250RPM_02-02-2024.csv,600.0,250,32.97470866647256,28.18374414686874,-39.21082041546703,81.83377226918935,121.04459268465638,43.37804566569243,-0.5065097532170623,-0.7092836041620463,-2.080180414981903e-05,18816548.45774898,1.8865251076516671,2.1781942340028233,1.1546065436225357,2.4695026571009624,26.66755238926384,14.676332180236674,-5.999049406945705,81.98336926937104,87.98241867631674,30.43933436688099,0.6490611387520756,-0.24156849275325376,-1.1654311412309287e-05,9265530.76698782,2.6933364666006523,3.0735909370900543,1.1411834262836584,3.33216500093901,56.39540592481493,91.5478068329813,-79.66586357802153,222.15832396149636,301.8241875395179,107.5241495913988,0.13185459730618165,-1.426175700903805,9.699759926668582e-06,115614427.45353505,2.0661249105965265,2.527737183754759,1.2234193444891759,2.9575719710960353,108.96946509056627,49.95304140593492,284.0,189.0,95.0,99483.63278079638,69084.39908008784,427759.15839378035,19.313279060910503,False,0,1,1
T1_600doc_250RPM_02-02-2024.csv,600.0,250,32.98661789164793,29.02165613897698,-39.21082041546703,82.80993826717138,122.02075868263842,43.936015806836735,-0.5026226573381385,-0.7163733820234359,5.491074695603402e-05,19303734.849786077,1.8847848797042175,2.1788813705998433,1.1560371658657294,2.4754718169647925,26.248951596618763,15.367351851606163,-5.021467047631741,81.98336926937104,87.00483631700278,30.41649162629869,0.6417554264549278,-0.3092977564431907,-0.0001189838961551444,9251629.628526982,2.695359158335231,3.1221293028993102,1.1583351677806346,3.4284953017764206,57.12377601565238,93.17003770574784,-85.50762147158385,228.9737081706524,314.48132964223623,109.28761005885754,0.12449631367999035,-1.4253199453663536,0.0002700332409889916,119437817.12376899,2.0951479133575814,2.5585215468214777,1.2211651170352533,2.98961972615073,110.6009802514629,50.66301735609234,284.0,189.0,95.0,112130.98580757665,73299.67612484546,450202.3598782556,15.523855687430125,False,0,1,1
T1_600doc_250RPM_02-02-2024.csv,600.0,250,32.90959836828192,30.868736515527583,-45.06781938165427,91.5954322490096,136.66325163066386,45.12117639010191,-0.47356124894238943,-0.747913592587456,-1.3608252543865027e-05,20359205.588266898,2.0299876815512863,2.352531651401765,1.158889619272958,2.675077779301958,26.01648249986713,16.223935798992493,-5.021467047631741,85.89369870662689,90.91516575425864,30.660617320525738,0.6405859432713001,-0.41053343446857227,4.263421085952177e-06,9400734.544757228,2.8014340940593323,3.299562870851232,1.1778120634171698,3.674600368884789,58.002376701514024,95.67333640090794,-89.40213267505169,233.84183974862097,323.24397242367263,111.88236233252154,0.11760577896606783,-1.4259234746014715,3.26984416272904e-05,125176630.01105633,2.0900688443959385,2.546043512293123,1.2181625113066399,2.9688256546313134,113.26227167912148,51.62668717333041,284.0,189.0,95.0,132753.07410163415,76941.62802680756,478807.6596002862,15.248660108765876,False,0,1,1
T1_600doc_250RPM_02-02-2024.csv,600.0,250,32.76444247224544,30.695264331714757,-45.06781938165427,91.5954322490096,136.66325163066386,44.89663620930772,-0.4662099088060531,-0.7417953741725465,-7.494056932925408e-05,20157079.429109212,2.040140197185208,2.364068025958949,1.1587772395351386,2.68290457148301,26.203200743545047,15.886156495469674,-5.999049406945705,85.89369870662689,91.8927481135726,30.642742981088897,0.6304389211546451,-0.33585452201903454,-5.199168351724206e-06,9389776.974050729,2.8030682096454616,3.276305667626983,1.1688283775446824,3.6297672012950284,57.07597110362727,94.83572616787528,-89.40213267505169,233.84183974862097,323.24397242367263,110.68641034567125,0.12692842253014072,-1.4224788800963415,-0.00020251687020028482,122514814.35210319,2.112651761118081,2.576564021645397,1.2195876618500527,3.0069208750074083,112.2317768229973,51.09007092067145,284.0,189.0,95.0,115531.66487126754,74298.84299721199,451808.97351636627,12.663429050096912,False,0,1,1
T1_600doc_250RPM_02-02-2024.csv,600.0,250,32.228039223956046,30.673859533144714,-47.02015137761832,86.71460225909948,133.7347536367178,44.49193377321267,-0.48335735415485886,-0.7411084274852309,-0.00024428567937775464,19795321.708799426,1.9489960292826802,2.2539849135480434,1.1564851234600066,2.549561994054878,25.332859094584943,16.16534963607576,-5.999049406945705,82.960951628685,88.9600010356307,30.051161021875174,0.6201496516295752,-0.38722400765595477,-0.00037097659885027733,9030722.787626699,2.7606571196465635,3.270828260422614,1.1848006176302568,3.67001456366984,56.24167062458579,94.83796815860353,-90.3757589906454,230.9209608018398,321.2967197924852,110.26044494330999,0.12769065120686496,-1.4196146960424587,-8.592735782606232e-05,121573657.19096693,2.094322772963296,2.5513737675551864,1.2182333117379038,2.97513385113412,111.60771505139205,50.82999222650527,284.0,189.0,95.0,122412.65432231764,76310.08768333602,456335.8241723139,13.758466239359292,False,0,1,1
T1_600doc_250RPM_02-02-2024.csv,600.0,250,32.140769974531665,31.054347536173765,-47.02015137761832,86.71460225909948,133.7347536367178,44.692299062066816,-0.48287599003955783,-0.7474127231170322,0.00017880779875365435,19974015.95453218,1.9402582565437914,2.2454449678917037,1.1572917988204032,2.545746097391521,24.911716572202835,16.216996670124303,-5.999049406945705,84.91611634731294,90.91516575425864,29.72515102690966,0.651071806066748,-0.3636559671183752,0.00019574000435383074,8835846.035725884,2.856709332458559,3.404069105836158,1.1916049936051867,3.830065711584641,56.68116560024721,95.48883005080762,-90.3757589906454,230.9209608018398,321.2967197924852,111.04445595469711,0.11757122355517964,-1.425012330343159,-3.738447803379385e-06,123308711.98274666,2.0795361534847703,2.528549794510713,1.2159200936581511,2.943542544453743,112.27618345569158,51.048173580691014,284.0,189.0,95.0,110293.75137291434,77908.12796848695,443839.607206257,28.03463222611037,False,0,1,1
T1_600doc_250RPM_02-02-2024.csv,600.0,250,32.90842698347323,29.381446725434426,-40.186986413449056,85.73843626111746,125.9254226745665,44.11614192340634,-0.5061002812992379,-0.7135683301106668,9.002373040455094e-05,19462339.782061305,1.9434708594866479,2.2461312094362196,1.155731869336861,2.5498526770078938,26.013940765367234,14.927838982280678,-5.021467047631741,84.91611634731294,89.93758339494468,29.99275730613866,0.6793670724343234,-0.16455412280404458,0.0001886459723324962,8995654.908249341,2.831220733744711,3.2629342424222734,1.1524831686671626,3.563833205957693,57.033618145047456,92.94228780764186,-86.48125372827053,224.10557659268375,310.5868303209543,109.0463317202079,0.11467293226520846,-1.4287096452014296,5.5787680660625193e-05,118911024.6163362,2.055140902563288,2.5057247577574295,1.2192471837975432,2.9235231069039878,110.49649524997221,50.27351656824447,189.0,189.0,95.0,98473.26490300611,69681.33111495343,419910.6704418764,20.20811139051764,False,0,1,1
T1_600doc_250RPM_02-02-2024.csv,600.0,250,32.727250559412134,28.620183751152965,-36.28232242152095,83.78610426515341,120.06842668667437,43.47629063211697,-0.48438091793072763,-0.7335078575000353,-0.0002268276476624346,18901878.47128302,1.9271677285931708,2.22669808802654,1.1554251635647854,2.5178425523333225,26.022054702826946,14.672948242779434,-3.0663021425902843,81.00578691005707,84.07208905264736,29.873780160739653,0.672310278796071,-0.20683934826787853,-0.00019806103717379348,8924427.41092202,2.7116014938248587,3.1124615646844926,1.1478314832664438,3.388436326621714,56.5121437372745,91.52901432889877,-79.66586357802153,224.10557659268375,303.77144017070526,107.56943271116627,0.12189155531071945,-1.4289256356899587,-3.6458425379238414e-05,115711828.5380213,2.083357427331867,2.544707689449099,1.2214455647718971,2.9743744880812173,109.01785203864523,49.68824185763358,189.0,189.0,94.0,96134.14027228428,70216.05356925298,407038.3625885943,43.219435355861954,False,0,1,1
T1_600doc_250RPM_02-02-2024.csv,600.0,250,32.38461626257843,29.45663473774593,-40.186986413449056,84.76227026313543,124.9492566765845,43.77735374080347,-0.4661869960904356,-0.7521507993478491,-1.0653195806917007e-05,19164567.005474396,1.936212745178593,2.2425797180029785,1.158230015574103,2.5418949179038464,25.43374560603389,15.240313107520388,-5.021467047631741,81.00578691005707,86.02725395768881,29.65033826396768,0.6274279511277483,-0.3970846864543214,-6.223466898432547e-05,8791425.591677058,2.7320358435336525,3.1837888746987857,1.1653539913227602,3.5128297570473785,56.09932620501875,92.44164916412772,-81.61311620920897,217.2901923835277,298.90330859273666,108.1322935151233,0.12403029121098579,-1.4298778703559472,-7.030916415745572e-05,116925929.00840777,2.0094847276418646,2.451723354281736,1.220075634592575,2.864060488305466,109.58182682649554,49.79975291026924,284.0,189.0,95.0,107601.69170883595,75401.11023244383,431472.7304830078,22.319455510988853,False,0,1,1
T1_600doc_250RPM_02-02-2024.csv,600.0,250,32.813641250931575,29.495757878779603,-40.186986413449056,84.76227026313543,124.9492566765845,44.12181756215883,-0.482363396387487,-0.7409170252819086,0.00016923122535276457,19467347.849884275,1.921096522003481,2.224668329562188,1.1580200703513412,2.5287331868495695,25.96946078136566,15.189836985509075,-6.976632139086723,84.91611634731294,91.89274848639965,30.085611858847557,0.6311617997570368,-0.33184597063664345,0.00024434112606868096,9051440.409212288,2.8224826121440794,3.2680544517585624,1.1578652203905015,3.5863131325783146,56.728386193608955,92.4752680694134,-81.61311620920897,228.9737081706524,310.58682437986135,108.48863997968228,0.11635626256852429,-1.4323255804346136,7.266988703022792e-05,117697850.04641114,2.1105777361900246,2.574289483386703,1.2197084425015126,3.005906093320556,110.13871788736066,49.9111876504572,284.0,189.0,95.0,102862.98809978108,73722.10454012237,429289.32890649926,19.10419251528656,False,0,1,1
T1_600doc_250RPM_02-02-2024.csv,600.0,250,32.991889177426856,28.797703992039253,-36.28232242152095,82.80993826717138,119.09226068869233,43.79237955065618,-0.4892437045256737,-0.7370425124820139,4.059415277116084e-06,19177725.067087293,1.8909668558060935,2.188840344008222,1.1575244363948138,2.4909709263441373,26.433421401038025,14.804754506595126,-6.976632139086723,84.91611634731294,91.89274848639965,30.29697217487919,0.6502788465601687,-0.28324066258086456,-5.100110946125445e-05,9179065.229654038,2.8027921687079127,3.2114646582046804,1.145809059287177,3.4915058607684,57.260570338167355,91.68015579209901,-80.63948989361525,228.9737081706524,309.61319806426764,108.09266340282191,0.11544266437652796,-1.4327460669968808,5.95812693841643e-05,116840238.81515756,2.1183094297283707,2.587965224594118,1.221712554490196,3.0265538280508637,109.6488801062075,49.968249945784805,189.0,189.0,95.0,96530.40688400247,70524.85467549926,418145.7063624568,35.671913530615484,False,0,1,1
T1_600doc_250RPM_02-02-2024.csv,600.0,250,32.37417128803809,29.35040781179136,-36.28232242152095,82.80993826717138,119.09226068869233,43.69820826196074,-0.5000929586686501,-0.7550258877037304,-0.00015480603788440157,19095334.053056933,1.8950419607766247,2.1940114132064337,1.1577640277196215,2.499489818673894,25.29776387264626,15.41609058587509,-7.954214498400688,81.98336926937104,89.93758376777173,29.62486634413855,0.6145127990677152,-0.41326900242739617,-0.00034541903677959203,8776327.05908073,2.76738359987882,3.2382350110110067,1.1701431674137277,3.589357818097241,56.22765019824139,93.15254844586515,-85.50762147158385,228.00008185505865,313.5077033266425,108.80692040846964,0.12058400955342537,-1.4267969294290306,-0.00021491709167726443,118389459.28775047,2.095455702625611,2.5537004675963795,1.2186850165320062,2.979087616799505,110.03370598543971,50.18660764684761,284.0,189.0,95.0,103712.27677993255,74753.13680068513,431702.23504414654,25.350360401451116,False,0,1,1
T1_600doc_250RPM_02-02-2024.csv,600.0,250,32.34332444356288,30.157028066786516,-41.16315241143108,84.76227026313543,125.9254226745665,44.22145381918737,-0.4991966840839918,-0.7636777992221626,0.00012873471045819963,19555369.778825212,1.916768060356209,2.217302974724998,1.1567925303977251,2.518756743540061,24.68403761433178,15.971829406677568,-7.954214498400688,84.91611634731294,92.87033084571362,29.400698079157177,0.5976151119424152,-0.5060434810777035,5.2637144518583804e-05,8644010.475417566,2.8882346983288776,3.4353650496848154,1.1894341729474083,3.8656534647633407,55.95484021191375,94.71423279538142,-86.48125372827053,228.00008185505865,314.48133558332916,110.00786352419769,0.1217695513114404,-1.4255444572215223,0.00014763544022948974,121017300.37158504,2.0725798552110506,2.5207416276568413,1.2162337780708354,2.9354672457689044,111.21607183472118,50.52379071523557,284.0,189.0,95.0,103611.71180569187,78074.44458111144,434238.76046649343,25.802274486229045,False,0,1,1
T1_600doc_250RPM_02-02-2024.csv,600.0,250,32.97890616983054,29.857616443090865,-41.16315241143108,84.76227026313543,125.9254226745665,44.48691393905872,-0.5004371036122774,-0.7396764339655078,6.558388811183039e-05,19790855.118212163,1.9053304164736784,2.2030961474490667,1.1562803639730284,2.502320713040881,25.4927915674409,15.455804351703087,-5.999049406945705,86.87128106594086,92.87033047288656,29.812150376299762,0.6345995433356294,-0.31078001010017964,0.00012000912109311879,8887643.1005911,2.913955550653679,3.4046721666742568,1.1684022310877378,3.766332602285757,57.22279382464735,93.7366969653299,-86.48125372827053,227.02645553946493,313.50770926773544,109.8226592788036,0.11544033266832193,-1.4263776852803292,7.244606654791215e-05,120610164.91068186,2.0672095998251097,2.5202818710987342,1.2191709400497925,2.942606762735235,111.22066291402545,50.584883650288624,284.0,189.0,95.0,102092.16621303144,73054.11819394505,430006.13034105353,43.28016020044241,False,0,1,1
T1_600doc_250RPM_02-02-2024.csv,600.0,250,33.33413301914166,27.715709082998014,-35.30615642353893,83.78610426515341,119.09226068869233,43.35118169221237,-0.5175742625420594,-0.6727351461945923,7.474820324159408e-05,18793249.541112088,1.9327294203886671,2.225185855923033,1.151317837069792,2.5101573495557252,26.23135508974958,14.16570501504244,-5.999049406945705,86.87128106594086,92.87033047288656,29.811930303449486,0.7029701057111125,-0.000302607285953993,0.00015114427642249798,8887511.884177297,2.9139770615889686,3.3106765562140503,1.1361367938870337,3.574605138701942,57.1741122587105,89.66811381559114,-79.66586357802153,227.02645553946493,306.6923191174865,106.34495638166128,0.11598051796046847,-1.422763711049901,-0.00011648147967400817,113092497.47817439,2.1348116851417944,2.6128024174774382,1.223902996063981,3.05747433268524,107.95079520135802,49.23364404287816,283.0,189.0,94.0,96312.233321303,64643.32887561855,416246.44193520345,20.972784076634575,False,0,1,1
T1_600doc_250RPM_02-02-2024.csv,600.0,250,33.266679959719404,25.946344871149762,-31.401492431610823,78.90527427524329,110.3067667068541,42.18868103786887,-0.4930552442798142,-0.6885925166655311,-7.182643929765335e-05,17798848.07715036,1.8702948832275021,2.1485343523634177,1.1487677005541326,2.407463447183068,26.193620405292712,13.3593330465973,-4.043884688317776,78.07303983211517,82.11692452043295,29.403699246633465,0.6972632306798641,-0.0787339932340867,-5.4726361650298085e-05,8645775.293864734,2.6552114812919,2.9804357809901103,1.1224852716966904,3.1877499672822878,56.16913491924799,86.1311116656849,-75.77135831564665,211.44843448996545,287.2197928056121,102.82772055405762,0.12319299026873164,-1.4318131080341039,1.0205461291778014e-05,105735401.14343363,2.0563368841654404,2.52319716616082,1.227034920975438,2.955442458923428,104.56680625341627,47.78896819774807,283.0,189.0,94.0,91824.11322475995,61508.81930562671,403667.83370766474,16.209157886859884,False,0,1,1
T1_600doc_250RPM_02-02-2024.csv,600.0,250,33.01004589473505,27.050415754517402,-34.3299904255569,81.83377226918935,116.16376269474625,42.67772396068887,-0.5137394110370672,-0.683480121587408,2.9620154930077323e-05,18213881.224647574,1.9174821118522567,2.2086552536950963,1.1518518165270242,2.4914921616927836,25.317902065342768,14.512344591900703,-6.976632139086723,82.960951628685,89.93758376777171,29.18226020280741,0.6485631062939027,-0.22259536801485647,-0.00014679100052275503,8516043.10544357,2.8428555928201864,3.275308886433217,1.1521193319510208,3.5808097701124817,56.01004446221392,88.5308125073338,-79.66586357802153,223.13195027709008,302.7978138551116,104.76082208472722,0.12274816933352602,-1.4216395319211186,2.601623608593325e-05,109748298.43867871,2.129917900955646,2.606928654335916,1.223957342753092,3.049077526302721,106.20152440518027,48.67297495420726,189.0,189.0,94.0,91470.07206607192,70422.58610086689,403112.7502717754,22.559455542554165,False,0,1,1
T1_600doc_250RPM_02-02-2024.csv,600.0,250,33.178434527376595,28.533806434535585,-35.30615642353893,81.83377226918935,117.13992869272829,43.7605601807262,-0.5145005887096626,-0.7110245485115052,0.00011276181354066836,19149866.273309596,1.8700348425894244,2.1593935345524944,1.1547343853563696,2.4530602588227146,25.40695983814795,15.279175062268946,-6.976632139086723,82.960951628685,89.93758376777171,29.647374231130897,0.6212770224722222,-0.3573216510028794,0.00022915182316216257,8789667.988007244,2.7982562968956883,3.2628862017513,1.1660426549816256,3.6046851386185743,56.6974248286595,91.35714007835973,-79.66586357802153,223.13195027709008,302.7978138551116,107.5208120574735,0.11513247326871508,-1.4294517091194967,4.389934279635027e-05,115607250.25498539,2.075244280686966,2.5322592200642426,1.220222237753134,2.956967641909217,109.07447951391028,49.57253645315916,284.0,189.0,95.0,96089.78318035985,74894.56274806449,420657.25377555226,37.38508473418039,False,0,1,1
T1_600doc_250RPM_02-02-2024.csv,600.0,250,33.42608785558382,28.039758305446128,-35.30615642353893,81.83377226918935,117.13992869272829,43.62947851117457,-0.4932353474978122,-0.7013672565948994,4.041053615509728e-05,19035313.951570436,1.8756532294611254,2.1642506227647633,1.1538650048796875,2.4481146455373772,26.036034127703687,14.64037550230765,-5.999049406945705,81.98336926937104,87.98241867631674,29.869979376416065,0.6073908367818179,-0.3825535182124198,-1.3038382341587966e-06,8922156.67947521,2.7446744517708392,3.1473178086820055,1.146699859668743,3.4270044264127266,56.9241823473219,90.01132661869933,-77.71861094683409,221.18469764590265,298.9033085927367,106.5007110566372,0.11583335684635043,-1.4303367674964051,3.258135846227412e-05,113424014.55569324,2.076837754897959,2.5388096852366537,1.2224400674771982,2.9682526041018527,108.29783402756203,49.088977007190906,283.0,189.0,94.0,94565.37542486873,69937.63309766578,412148.0279623261,30.49932445245256,False,0,1,1
T1_600doc_250RPM_02-02-2024.csv,600.0,250,33.44863730178048,27.383022681896342,-33.35382442757488,81.83377226918935,115.18759669676423,43.227783525682995,-0.49304762443800254,-0.6950811899265816,-5.061663809262411e-05,18686412.685433105,1.8930827721150523,2.180167981444481,1.151649581073881,2.454625334032162,26.17543737423901,14.311920886838685,-5.999049406945705,81.98336926937104,87.98241867631674,29.832609694826193,0.5981710341202102,-0.38761419455744806,3.7067554376828964e-05,8899846.012038376,2.7481125556236283,3.130876554748955,1.1392825044018133,3.3916764558329704,56.26075322295819,88.71262942761996,-76.74498463124037,217.2901923835277,294.03517701476807,105.0485743509964,0.12413290027329456,-1.4278507714040038,-2.716544399159238e-05,110352029.7317682,2.0684735011967033,2.5326279457507495,1.2243946776623016,2.9641034963084203,106.95461971316408,48.52358359536551,189.0,189.0,94.0,91180.79677210424,67982.18907388007,406439.776084039,23.212252488763777,False,0,1,1
T1_600doc_250RPM_02-02-2024.csv,600.0,250,33.62395673693645,26.198744961992876,-33.35382442757488,81.83377226918935,115.18759669676423,42.62563435575969,-0.49205757252421684,-0.6501495449731536,5.423811665603458e-05,18169447.04230921,1.919825323564522,2.2040759267290584,1.1480606593087184,2.46834656411214,26.593451619080973,13.719448250897543,-5.999049406945705,81.98336926937104,87.98241867631674,29.923818762408253,0.6094356443782195,-0.3167659649585044,8.777704616447265e-05,8954349.293254562,2.739736192105351,3.0822532807032315,1.125018273505623,3.3064336500585476,55.91385006904616,86.04477932923302,-76.74498463124037,217.2901923835277,294.03517701476807,102.6160936664429,0.129072254430476,-1.4231657862142857,-5.95123452885764e-05,105300626.79360181,2.11750598390382,2.600915219599036,1.2282917920279055,3.049490834697887,104.77418592383505,47.590043884348326,283.0,189.0,94.0,93286.18723208708,64943.33080180282,404383.3054552113,22.479345610621046,False,0,1,1
T1_600doc_250RPM_02-02-2024.csv,600.0,250,34.13527253803641,24.69862172544968,-26.520662441700697,79.88144027322531,106.402102714926,42.13358216889323,-0.47839357621364137,-0.6583563095958986,0.00013115760529555412,17752387.463828772,1.8959090625862076,2.1675959630477757,1.1433016518687664,2.412330572722863,27.132295066621456,13.153546813400471,-2.0887196900695564,75.14029275417329,77.22901244424284,30.152565883429038,0.634644968477498,-0.26912991320204016,7.582974497840283e-05,9091772.293545287,2.4920032691303455,2.769356139745259,1.1112971535995229,2.94257038665301,56.9105513833581,83.09141364194231,-69.92960042208433,208.52755554318423,278.45715596526856,100.71243160491261,0.12070256741644854,-1.4329832109046472,0.0001380888794707067,101429938.797742,2.070524484615984,2.550325502332292,1.2317292170564675,2.995509900475948,103.09755065730822,46.886084331871515,283.0,189.0,94.0,86751.04585332073,62089.94891233683,391953.4086914702,23.47993650014931,False,0,1,1
T1_600doc_250RPM_02-02-2024.csv,600.0,250,34.4536003096269,24.355577349950366,-26.520662441700697,78.90527427524329,105.42593671694398,42.19294635771408,-0.4873890854447948,-0.6677731550953916,-4.377984101855742e-05,17802447.22344938,1.8701058135708304,2.1354321392617934,1.1418777075423032,2.3772804479154948,27.506806912999508,13.206347074190118,-4.043884688317776,75.14029275417329,79.18417744249106,30.51281746402661,0.6245632869369626,-0.24930004379039117,-4.8275139587357936e-05,9310320.295930075,2.4625812690932487,2.7314968585301815,1.109200696363597,2.900420456948227,57.48859339193464,82.47665074781148,-70.90322673767805,208.52755554318423,279.4307822808623,100.53524898641105,0.11485716556696443,-1.4325919104645908,-7.40089621325475e-05,101073362.88759664,2.0741735624623567,2.5547798024415456,1.2317097511399369,2.999441285737789,103.05365740035789,46.88876983998693,189.0,189.0,94.0,81438.93602338189,63330.50963919882,385419.63437409967,20.358366551410313,False,0,1,1
T1_600doc_250RPM_02-02-2024.csv,600.0,250,33.43526382799903,27.695928497875173,-37.258488419502974,84.76227026313543,122.02075868263842,43.416371596522374,-0.49280597874100324,-0.6510912510639919,-0.00036540098406758793,18849813.226073146,1.9523112398900888,2.249044105197307,1.1519905531681125,2.5283575907108014,26.381902808045787,15.071679025266695,-5.021467047631741,81.00578691005707,86.02725395768881,30.38355318941217,0.5493301986842665,-0.4549258068901656,-0.00041255382167205957,9231603.044138383,2.666106442688387,3.06928660745817,1.1512243315999167,3.363702094333843,56.936547535770806,88.95423926012685,-85.50762147158385,232.86821343302725,318.3758349046111,105.61546822147307,0.12053000101903796,-1.3907443967740893,2.8271049092172545e-05,111546271.27640986,2.204868447344363,2.7014298541748314,1.2252113532798512,3.1582117272700585,107.44559681956,49.175323880486026,284.0,189.0,95.0,98123.1213456663,74251.66682657004,414080.3292003263,59.76255577840394,False,0,1,1
T1_600doc_250RPM_02-02-2024.csv,600.0,250,33.06217310849865,31.113734573794115,-39.21082041546703,86.71460225909948,125.9254226745665,45.40012962299604,-0.4547148970757474,-0.8143029088890135,0.0002594438012327472,20611717.697848424,1.9100078122943698,2.2166794197915674,1.1605603943204885,2.5191204245391883,25.78997665899325,16.63094676307362,-5.999049406945705,85.89369870662689,91.8927481135726,30.687314745796932,0.6108862350354785,-0.5223832052408164,0.0002925779718097841,9417112.863076057,2.7989968955622375,3.3274737112978516,1.1888093611584583,3.740072065116264,56.95455996865939,95.90818875772227,-86.48125372827053,232.86821343302725,319.34946716129775,111.54462143918236,0.12611001609485178,-1.421441942433229,5.457141687950007e-05,124422025.72010504,2.087668687458806,2.5412536490440747,1.2172686520184341,2.9587867734874127,113.16424161387938,51.37061463578652,284.0,189.0,95.0,132648.59508256736,82931.35087880414,477620.0501738049,24.46503946426245,False,0,1,1
T1_600doc_250RPM_02-02-2024.csv,600.0,250,34.14815788911447,29.925720676958353,-39.21082041546703,86.71460225909948,125.9254226745665,45.4053459986291,-0.5122226640964678,-0.7173529731598944,0.00019088883189089813,20616454.452552237,1.9097883817847705,2.203018995902523,1.1535408932814415,2.492560018597774,27.01068383679086,15.623904615088732,-5.999049406945705,85.89369870662689,91.8927481135726,31.203900986134183,0.6449082390612102,-0.2890090952764899,0.00024143714768365017,9736834.36752466,2.752658994296731,3.178162698038932,1.154579155872125,3.4802856347938027,57.648463331858416,93.8335572877445,-86.48125372827053,232.86821343302725,319.34946716129775,110.12757056158577,0.12083257948746112,-1.4208690863697517,6.809352145381978e-05,121280817.97797053,2.1145314678743614,2.581281015141444,1.220734264000471,3.0140132277563834,112.16662781469705,50.81395757549265,284.0,189.0,95.0,104316.92781580456,75563.42136134297,436904.1834498427,20.500478695931086,False,0,1,1
T1_600doc_250RPM_02-02-2024.csv,600.0,250,34.34739341520557,27.422288876711363,-34.3299904255569,81.83377226918935,116.16376269474625,43.95139772130933,-0.5202021940006396,-0.6863721517618395,-6.38241579748711e-05,19317253.61656715,1.8619151269792995,2.1382671000930817,1.148423507124154,2.401673339822432,27.445219212469546,14.054589520745587,-2.0887196900695564,84.91611634731294,87.00483603738249,30.834583574570278,0.7056840445959043,-0.11183090383524119,-7.802365404881976e-05,9507715.442171592,2.7539245387229574,3.0938407763005658,1.123429757351025,3.309635881384664,57.71914826988282,88.86520288864007,-79.66586357802153,218.26381869912143,297.92968227714294,105.96473168672621,0.11718871370417999,-1.428123021639874,-4.268841334842489e-05,112285243.61439879,2.05977795842862,2.52483336162364,1.2257793862158837,2.957562260391332,108.13236371635809,49.17736455349143,189.0,189.0,94.0,92426.29413703369,66707.53670000183,402650.01743777,27.464362200849312,False,0,1,1
T1_600doc_250RPM_02-02-2024.csv,600.0,250,33.64865371484145,28.541424557263564,-39.21082041546703,85.73843626111746,124.9492566765845,44.12306440603691,-0.4862433685516967,-0.6993788963347365,-0.00018658467437905084,19468448.125792816,1.9431659476803416,2.24465580745439,1.1551539435599685,2.5384789713632285,26.406928912725277,14.843341947703381,-5.999049406945705,84.91611634731294,90.91516575425864,30.292749871515085,0.6188389396064825,-0.32621731600506454,-0.0002969260535185256,9176506.947781771,2.8031828311222866,3.2142085517613035,1.1466282242012942,3.5004529216939853,57.22143058305157,90.61364533138585,-87.45488004386425,220.2110713303089,307.6659513741731,107.16867470587277,0.12337949229019052,-1.41534679403049,7.453818195602346e-05,114851248.38213176,2.054808197774993,2.5159950159041684,1.2244427575423158,2.9452059506794397,108.96806468658382,49.755213033722576,284.0,189.0,95.0,98489.82914785328,70827.18401231899,414780.4093051606,64.53086995048729,False,0,1,1
T1_600doc_250RPM_02-02-2024.csv,600.0,250,33.28151762828355,30.52018042479067,-40.186986413449056,85.73843626111746,125.9254226745665,45.15684697588533,-0.47863778608606544,-0.7524206028059228,2.0921843331003e-05,20391408.288035244,1.898680753926498,2.19952809988371,1.1584507270825048,2.500179618302183,25.945803277113413,15.95467059226406,-5.999049406945705,84.91611634731294,90.91516575425864,30.45876263741396,0.6366188432989345,-0.41391958864833933,0.00015414923271657276,9277362.214023247,2.7879043334152516,3.2708377245813574,1.1732245204319836,3.6270455959317798,56.71183477712029,94.46382928371568,-88.42850635945797,225.0792029082775,313.50770926773544,110.18006737486765,0.12490520504757448,-1.4200689712887087,-0.00022611185549080868,121396472.46730374,2.042830507105123,2.490325106216222,1.219056156423491,2.9047449361441764,111.92657903909453,50.78351308782753,284.0,189.0,95.0,120987.76348539222,76869.9686118729,460279.24311282457,48.846330212257534,False,0,1,1
T1_600doc_250RPM_02-02-2024.csv,600.0,250,33.578955462362174,28.11596453030991,-40.186986413449056,85.73843626111746,125.9254226745665,43.795590090932066,-0.5106779174505411,-0.6189964474655496,5.900126385496687e-05,19180537.114129473,1.9576956511625976,2.254110170930704,1.1514099086811977,2.5374775391992097,26.81399422695937,14.722719820802958,-5.021467047631741,82.960951628685,87.98241867631674,30.59001087487997,0.6688971450036582,-0.15544802950592285,0.00010628076109305355,9357487.653252747,2.712027529771531,3.0932850237353096,1.1405802447720346,3.3520951975739663,56.32209187492868,89.95065602790402,-88.42850635945797,225.0792029082775,313.50770926773544,106.12868864269552,0.11984073060172393,-1.4047423707813282,-0.00016136196205617537,112632985.53018211,2.1208139456622686,2.593984931644824,1.2231082019006612,3.031070403663454,108.13557270373768,49.23209264078761,283.0,189.0,94.0,102045.50703253047,68292.45234341774,420312.27307759225,22.860013812067354,False,0,1,1
T1_800doc_250RPM_02-02-2024.csv,800.0,250,24.39303735165101,1.6175561795694828,19.35914393089712,32.04930339381099,12.690159462913869,24.44661038330477,0.137828958919926,0.025004836932617902,0.00013417169020349238,5976367.592331046,1.3109917036064147,1.313870959642579,1.0021962427590074,1.3153158715159938,18.74405091703063,2.6469008398628375,6.709522382616997,33.10424832105637,26.39472593843937,18.930016609509444,0.24729216257287312,1.0754864620683318,0.00017417933650748285,3583455.288363034,1.748770167714831,1.7661202729116696,1.00992131814526,1.77502685055345,47.68407818435296,3.71614727252294,37.16930320486426,61.50996406525373,24.34066086038947,47.828663611296584,0.36339441245695814,0.059184400408411,0.0003780424672083577,22875810.62842566,1.286048143957043,1.289947638862768,1.0030321531305404,1.2918915926750745,56.826431684692714,3.7841792897436766,4.0,2.0,99.0,3292.9297857010074,2733.9487192895044,18584.78738660276,2.443355314695192,False,0,0,0
T1_800doc_250RPM_02-02-2024.csv,800.0,250,25.012707752180194,1.7180442803134064,19.35914393089712,32.04930339381099,12.690159462913869,25.07164185379754,0.15588727457564594,-0.0633717429586147,6.867463678944248e-05,6285872.252450926,1.2783089189253298,1.2813208274508967,1.0023561664015448,1.282831793271658,19.47919294257736,2.682069116402996,6.709522382616997,33.10424832105637,26.39472593843937,19.662971607550023,0.12398744905714254,0.932083543937297,0.0001146638766278746,3866324.524393184,1.683583182734459,1.6994671400732186,1.0094346139244281,1.7076785067248927,48.68389541083693,4.9060339584428485,36.195676889270544,61.50996406525373,25.31428717598319,48.93046945998683,0.050953252177130384,-0.7510529463766527,-8.269953603144224e-05,23941908.41574704,1.2570891868420322,1.2634560884288184,1.005064797035428,1.2666847035672424,58.21485694552029,4.521166892708433,99.0,204.0,99.0,5108.814598195001,5254.822873330787,29475.37254025374,2.3085840017764943,False,0,0,0
T1_800doc_250RPM_02-02-2024.csv,800.0,250,25.56980587009585,1.8409053813342917,19.35914393089712,33.02546939179301,13.66632546089589,25.635988470457185,0.09814457830330033,0.054459295708921385,8.762077656301945e-05,6572039.048574138,1.2882463818335474,1.2915807636387509,1.0025883106308109,1.293258378813455,19.95683973702526,2.426136277073398,11.597434924840927,32.1266659617424,20.52923103690147,20.103770530033465,0.2512115473992317,0.3906246586951658,6.616430338775574e-05,4041615.89524242,1.5980418157751883,1.6098072833715684,1.007362427866553,1.6157715473471088,48.66899908921197,5.947109007007919,34.248424258083105,66.37809564322234,32.12967138513923,49.03100629078451,0.15658169251795565,-0.8361971020290921,1.0279446063469684e-05,24040395.778869502,1.3537983546484595,1.3638681067089333,1.0074381476575873,1.3689754488096673,58.63408412753787,5.2392032594104805,99.0,99.0,99.0,6690.41317619673,4566.010563047208,36804.912316480775,1.3912677045901822,False,0,0,0
T1_800doc_250RPM_02-02-2024.csv,800.0,250,25.30458149130629,1.998255916900307,18.382977932915093,33.02546939179301,14.642491458877917,25.38335815371142,-0.017870827970997566,0.03879083410174822,-0.00018263293220893812,6443148.711595881,1.3010677780222788,1.3051181819837379,1.0031131383236744,1.3071689167486378,19.958501625992177,2.3691833613302893,12.575017284154892,30.17150124311447,17.596483958959578,20.098627240543983,0.21036600202397665,0.2228372917413628,-4.3824854245924756e-05,4039548.169543367,1.5011722383830757,1.511711741116968,1.0070208484172638,1.5170587780598233,48.94453541776944,7.245306952338444,29.380291194841263,68.32534827440978,38.945057079568514,49.47789425687891,0.12556914580773723,-0.5297072959424298,2.218343817538016e-05,24480620.20094891,1.3809267613467706,1.3959750090835286,1.0108972091482114,1.403715705030837,58.79126189002453,6.318166948361282,99.0,99.0,99.0,7343.247238558315,5076.638819070469,40271.72962226544,2.0065560858835947,False,0,0,0
T1_800doc_250RPM_02-02-2024.csv,800.0,250,24.631221993351513,2.2085876272744414,16.43064593695104,33.02546939179301,16.59482345484197,24.730041572814088,-0.08111249271329644,0.09132785038242419,7.402391091921813e-06,6115749.5619311305,1.3354392993863038,1.3407970339720572,1.0040119641440952,1.343527578651263,19.846959482373595,2.4848760107224055,11.597434924840927,32.1266659617424,20.52923103690147,20.00191014587464,0.13638740622973358,0.21235138413719268,4.781438280017586e-05,4000764.094836428,1.606179896191988,1.6187197837671108,1.0078072746426805,1.6251273047838033,48.69343728737205,9.811367539792718,23.53853330127895,75.1407324835658,51.60219918228685,49.672062246902264,0.0053621204296804255,-0.6198081695718898,-0.00012774973673456452,24673137.678601332,1.5127363166455174,1.5431388020547994,1.0200976766900784,1.5594311349276404,58.36753668345406,8.496810874824329,99.0,95.0,99.0,8464.022919025701,6034.841879985587,43565.656655765495,1.8638184775017133,False,0,0,0
T1_800doc_250RPM_02-02-2024.csv,800.0,250,25.042383203284118,2.5180767387516756,16.43064593695104,34.97780138775706,18.54715545080602,25.168664385746986,0.076688619551214,0.1959838661767339,0.00019473326797084494,6334616.669623688,1.3897360961102485,1.396744115918248,1.0050426982702791,1.4003035144476397,20.005914427088616,2.7510461661410273,11.597434924840927,37.99216011762619,26.394725192785266,20.194179039322982,0.3002237220805406,0.6617601619825115,5.969344950252201e-05,4078048.670722317,1.8813421453601162,1.899046417302658,1.0094104477413663,1.908050256804319,48.32842480378654,12.708339187028443,18.67040172331035,81.95611669272184,63.28571496941149,49.971377096372,0.05330845844214472,-0.8416756815191668,3.095580040163693e-05,24971385.289078128,1.6400612001279422,1.695816013566835,1.0339955688449571,1.726841571662653,58.494214780675804,10.808880614318099,99.0,95.0,95.0,8587.632106783672,9265.772352022388,67970.14307626293,2.790877175201243,False,0,0,0
T1_800doc_250RPM_02-02-2024.csv,800.0,250,25.2498185051067,3.051500752132346,14.478313940986991,34.97780138775706,20.49948744677007,25.433540677245333,-0.1814753398055038,0.42275716102427285,-0.00013601585058959018,6468649.913810929,1.375262761548993,1.3852694181022691,1.0072761779298127,1.3904847990311846,20.099860170075086,3.478605227921677,2.7991925725340843,37.99216011762619,35.19296754509211,20.398653710191144,0.16389530795848142,0.6805733258027518,-2.8445163402598e-05,4161050.73188295,1.8624837039439202,1.8901703691545764,1.0148654536692203,1.9047473835635211,48.84064960448442,17.84755048836406,9.907763769011945,89.74512721747159,79.83736344845964,51.999462614749476,0.08279720716635244,-0.9329509694245943,0.0001536417544504556,27039441.122227285,1.7258856669802523,1.8375088772208188,1.06467590082944,1.9060589300214412,59.50476618169602,15.036521487824313,95.0,95.0,95.0,14522.057896120205,14996.1028222873,111742.9770948323,5.071082504533527,False,0,0,0
T1_800doc_250RPM_02-02-2024.csv,800.0,250,25.190369951825282,4.130359876200404,12.52598120044917,37.906299381703136,25.380318181253966,25.526743055406584,0.0008810375269471647,-0.10662471091173442,6.862821188622572e-05,6516146.110167483,1.4849641922366024,1.5047932783121536,1.0133532419025442,1.5152206413067846,20.021067107374577,4.609066345822511,2.7991925725340843,41.902489554882045,39.10329698234796,20.544746790802506,0.23633106572292803,0.2539069438574151,-5.6290192941449985e-05,4220866.206981899,2.0395719636535503,2.092919889342344,1.026156432153161,2.12169733165383,48.95553733940077,24.523733047535412,5.0396316340658815,101.4286489456892,96.38901731162332,54.75452601179416,0.06678612317960952,-1.2778437487361998,-0.00010750418172114554,29980581.187762436,1.8524249287418066,2.0718524289193456,1.1184541930811616,2.231763606565193,60.51191165892095,20.250133280404025,95.0,95.0,95.0,23125.57384854623,22484.83921892552,168183.60155868728,6.331246848139198,False,0,0,0
T1_800doc_250RPM_02-02-2024.csv,800.0,250,25.310047915835632,5.089650498463151,10.57364920448512,37.906299381703136,27.332650177218014,25.81672069993402,-0.00934720217220343,-0.45558034921791624,2.386395809429024e-05,6665030.676984018,1.4682848306833955,1.4976778988231967,1.0200186418367616,1.5134887059222393,20.2216670441547,5.499830294532348,4.754357663989067,42.88007191419601,38.12571425020694,20.95623895915744,0.4202638000918213,0.19332038663332218,0.00011105535277759593,4391639.513133081,2.0461721207592127,2.1205013325838027,1.036325982096272,2.160702112060034,48.74387081151096,29.150373792681865,2.1187525016255675,106.2967805236578,104.17802802203224,56.79532757139749,0.08990590176472835,-1.42303708694461,2.7497817456582894e-05,32257092.339423444,1.8715761501689017,2.180720955352516,1.1651788548148123,2.4413084363658317,61.433596937367355,23.606978211773367,95.0,95.0,95.0,28835.91029190821,26156.570248505963,198417.24285988096,11.736379313084035,False,0,1,1
T1_800doc_250RPM_02-02-2024.csv,800.0,250,25.485757804183905,5.739168791899786,10.57364920448512,39.85863137766719,29.284982173182065,26.123971927626883,-0.003727722201592327,-0.5555600057436694,0.00012888917452747435,6824619.092754375,1.52574928070243,1.5639570808101981,1.0250419912308122,1.584849437829849,20.310627041387495,5.78978368557247,4.754357663989067,45.81282197475433,41.05846431076526,21.119734040467037,0.4424446022998803,0.12352009147895737,-4.529805460360588e-05,4460431.659400621,2.169195023335684,2.2556084497736255,1.0398366331788185,2.30260006137665,48.80238569636855,31.73831956404613,-0.8021268164739013,108.24403315484524,109.04615997131914,58.21506487505301,0.09384538927631973,-1.4410534981567398,-2.8384199343619514e-05,33889937.78406631,1.859381817870845,2.2179632553810484,1.1928498138810515,2.5595083263924048,62.26528310287106,25.3087608100723,95.0,95.0,95.0,32141.06938986919,27823.423427554993,212698.25091002136,10.146784493050069,False,0,1,1
T1_800doc_250RPM_02-02-2024.csv,800.0,250,25.842839356177596,6.081415739934534,9.597483206503094,39.85863137766719,30.261148171164095,26.548746926947896,-0.03792026232952494,-0.5772999708400639,1.863529703048806e-05,7048359.633911254,1.5013375767731356,1.54234721766899,1.0273154029648663,1.5650614855968044,20.21668137154969,5.887382272382863,2.7991925725340843,45.81282197475433,43.013629402220246,21.056482985055514,0.3859122645757209,0.050937268818298076,1.3922309291550411e-05,4433754.756999324,2.175711015332865,2.266090122942992,1.0415400331078892,2.315981994953742,48.97218614585929,33.32300540258951,-3.72300576325506,110.19128578603268,113.91429154928774,59.234261242676965,0.09128449611249241,-1.4479959272012728,8.654694974403695e-05,35086977.049657024,1.8602626836956704,2.2496263253102957,1.2093057314040727,2.6554095247990874,63.002416657944394,26.222216521787956,95.0,95.0,95.0,33694.929991291945,27920.860227605463,222606.575447728,10.063127338690807,False,0,1,1
T1_800doc_250RPM_02-02-2024.csv,800.0,250,25.6609795747616,6.745628181224222,6.668984840270132,42.78712937161326,36.11814453134313,26.53279804874824,-0.027191382661753423,-0.4266610724657127,-7.953429564313819e-05,7039893.722956585,1.6126127856173038,1.66740046875279,1.033974481427985,1.6986502806911166,20.088324800501642,6.279013926469715,2.7991925725340843,42.88007191419601,40.08087934166193,21.04677669333834,0.3186879844820181,-0.1715760658734693,-5.578321417840457e-05,4429668.0917925,2.037370022924616,2.1345767922432843,1.047711887494609,2.1897295158264183,49.05494462231503,36.34077608053074,-12.485643346235154,116.033043679595,128.51868702583016,61.04948483020695,0.0950664779554266,-1.4077434727650666,-4.214346196419991e-05,37270395.98033669,1.9006391946190917,2.3444613446562985,1.2335120475752126,2.852436238137782,63.877472351827215,28.172048300578474,95.0,95.0,95.0,35299.45394952174,31249.692125927413,245094.03422815804,10.20536717328263,False,0,1,1
T1_800doc_250RPM_02-02-2024.csv,800.0,250,25.665762709599182,8.40695218237661,2.764320569126867,47.66795936152339,44.90363879239652,27.007558580186746,0.020754541796032755,-0.27794433014154185,9.780052029846694e-05,7294082.204622187,1.7649858731212196,1.8572586328671707,1.0522796024326104,1.914331148976358,20.346406567631572,7.363685457660293,2.7991925725340843,46.7904043340683,43.99121176153422,21.637932519876266,0.38943178124219135,-0.3043218303001396,0.00019827201046363375,4682001.237347188,2.162424912411912,2.299688850634962,1.0634768575940745,2.37976894931259,49.247917637575554,42.71309310409796,-23.195534303039317,135.50556999146937,158.7011042945087,65.19022713687049,0.11733143579167843,-1.3684501191215166,0.00013184286200370126,42497657.14156766,2.0786178533627124,2.62638427150357,1.2635243497282107,3.2755348501772508,66.57060572952791,31.87049593522902,95.0,95.0,95.0,41382.1928790022,36884.50018596925,292487.5664904929,11.699820156107391,False,0,1,1
T1_800doc_250RPM_02-02-2024.csv,800.0,250,26.014449161563196,11.05827726867234,-4.068842254392803,52.5487923297286,56.617634584121404,28.267243610412237,-0.041384786651629576,-0.5167090697739627,2.9934431441691226e-05,7990370.613303915,1.8589995209286079,2.0190694521667467,1.0861054182295757,2.1378870264432317,21.3517523161885,9.82134784745828,-2.0887196900695564,55.58864556789398,57.67736525796353,23.502259476753174,0.29650502393391387,-0.5774587053198381,0.00019225844400072063,5523562.005126343,2.3652468658546835,2.603058093299684,1.1005439351291846,2.765575337680526,49.60835416343798,52.76646121161723,-49.48344779461622,159.84622788131236,209.32967567592857,72.42436214149352,0.12676403167760197,-1.3025317268095056,2.7585386301674637e-05,52452882.316021994,2.2070781592666995,2.7994353295857803,1.2683897567614422,3.449460732333388,72.68753873120487,36.23814573960451,95.0,95.0,95.0,49634.15066737337,42743.99955069263,366463.45695059595,12.895737674113795,False,0,1,1
T1_800doc_250RPM_02-02-2024.csv,800.0,250,26.450209775278946,15.84057406336864,-16.759000972732903,65.23895030349493,81.99795127622784,30.83078629897929,-0.10225708403019593,-0.6256481021898503,0.00010033133615799804,9505373.838133292,2.116032645773124,2.423170059459577,1.1451477671197439,2.7035210153402223,22.870915409862025,14.671398153202643,-14.797291759252548,81.98336926937104,96.78066102862358,27.172204464394532,0.3454486870685811,-0.4447713136748268,0.0003702098421327361,7383286.954548622,3.017177696303554,3.553957474433472,1.1779079100271572,4.018672111678835,52.015158289318855,69.68128385977187,-78.69223726242781,202.68579764962195,281.37803491204977,86.95434441250764,0.14980302252152505,-1.2174581169960021,0.0009629521773715279,75610580.12208998,2.330945038100561,2.91773081173546,1.2517372842531962,3.493074375786845,85.69115459145945,43.668639963477084,95.0,190.0,95.0,57308.18511566955,66127.59054861721,467573.128522895,32.87307820264069,False,0,1,1
T1_800doc_250RPM_02-02-2024.csv,800.0,250,27.956629308985935,26.951433112802953,-47.99631737560034,95.50010219752788,143.4964195731282,38.83236883263681,-0.22066618430427246,-0.42839940638768503,0.0004113100901150201,15079528.69153943,2.4592911807446693,2.9156600065962937,1.185569252402815,3.3446663941857144,24.569855936146176,21.06839762361941,-21.640368274450303,91.75919286251067,113.39956113696098,32.36595741129729,0.42687748875065845,-0.43753222734586705,0.0002493216756473711,10475551.991499096,2.835052635596754,3.5631852432380224,1.2568321302041727,4.303414993480229,55.321496224072106,93.7404900067742,-109.8482853025198,247.47260816693304,357.3208934694528,108.84735831052656,0.11551015270732226,-1.2418421350287514,0.00047119934641036334,118477474.11180156,2.273574774878116,2.778893091342339,1.2222571793317476,3.243701652392534,107.83151890447186,52.68414382182302,286.0,191.0,95.0,118657.55345364087,88425.40679141575,568638.9676784549,47.0255330539237,False,1,1,1
T1_800doc_250RPM_02-02-2024.csv,800.0,250,29.13232365358741,36.14330375814031,-51.900981367528445,98.42860019147396,150.3295815590024,46.42230808577453,-0.3055197974241771,-1.0064061817484997,0.00011352156109935943,21550306.880105678,2.120286652046843,2.456374071835119,1.1585103690879865,2.7487651658294436,24.623329661607503,24.30813808863293,-31.416193358898163,105.44535185813903,136.8615452170372,34.600490472827794,0.4394636088695932,-0.46694926227642997,-0.00018995698607686946,11971939.409602469,3.047510321882478,3.8877469482967872,1.2757124792592291,4.731152387511347,55.93273920974331,108.68442491289701,-117.63729582726955,249.41986079812048,367.05715662539,122.23246513979953,0.09513716775023179,-1.401928388268361,-0.00017864408525591603,149407755.34152308,2.0405369433796037,2.442319837590295,1.1969005734075293,2.8043025388653207,123.47896415781514,55.19008582740311,286.0,190.0,95.0,165237.5120370556,91388.78165029953,694162.0857141044,27.14471419453345,False,1,1,1
T1_800doc_250RPM_02-02-2024.csv,800.0,250,29.76234121293019,38.76977136286887,-51.900981367528445,98.42860019147396,150.3295815590024,48.87629411078555,-0.31990779255092466,-1.1132303366882979,0.00034152829262560334,23888921.260040104,2.013831080735593,2.3105954718737727,1.1473631001016136,2.5612447318988405,24.203262485720632,24.023564041486278,-31.416193358898163,107.40051657676698,138.81670993566513,34.10175280257723,0.5641510971075425,-0.11244375730246237,0.00018739940078789345,11629295.44208084,3.1494133805535713,4.026937302929952,1.278630911964354,4.855053134202892,55.59722753877166,111.15439539470547,-117.63729582726955,249.41986079812048,367.05715662539,124.28335095884914,0.09655057714224413,-1.4294593001627112,4.8338283345702814e-05,154463513.25560468,2.006864627271795,2.3898657514880295,1.190845520426009,2.729119599014422,126.22467223060431,55.36700385653057,286.0,190.0,95.0,137952.93912185723,105508.7272016016,743830.2658909562,20.039090295711805,False,1,1,1
T1_800doc_250RPM_02-02-2024.csv,800.0,250,30.531950523582175,39.64278891000728,-52.87714736551047,103.30943018138407,156.18657754689454,50.03749309605614,-0.3158732564734553,-1.126337678350904,0.00018478607771026508,25037507.15337866,2.0646404084046073,2.370346123269938,1.1480672923095387,2.6288333475054317,24.546980487948066,23.614291357152794,-27.505863921642305,108.37809893608092,135.88396285772322,34.061547342659054,0.6828500560514718,0.105187219150368,0.00016538467014959486,11601890.073762042,3.1818313432974024,4.0951970395291,1.2870566028446866,4.957605360147089,56.00702691610549,111.96072707445667,-111.79553793370724,251.36711342930792,363.16265136301513,125.18782477151018,0.10290798168183662,-1.4307273404950696,0.00023919864190057562,156719914.71022338,2.0079198107970737,2.3916751927205344,1.1911208703952791,2.730545838860466,127.38957061634362,55.7479012333201,286.0,190.0,95.0,152023.58500572285,96852.88363732869,745447.9301394224,15.808148274055313,False,1,1,1
T1_800doc_250RPM_02-02-2024.csv,800.0,250,30.831047799892364,40.68288403449763,-52.87714736551047,103.30943018138407,156.18657754689454,51.04557338108398,-0.31563473199080866,-1.1246964859348096,8.665419487706288e-05,26056505.6180363,2.0238665831044926,2.322484892099478,1.1475484162285652,2.5735613068868113,24.834194210960746,22.929478621191716,-27.505863921642305,108.37809893608092,135.88396285772322,33.800860816662706,0.707821329497608,0.16225710682460193,0.00013794770645914018,11424981.919474043,3.2063709715538993,4.109041303368005,1.281523984536526,4.959065092330126,56.5831216422247,112.23926904607505,-111.79553793370724,251.36711342930792,363.16265136301513,125.69527903137819,0.09774996417043133,-1.4318162505520524,1.891856286799597e-05,157993031.7077602,1.9998134803977594,2.3808070835794894,1.190514568941675,2.7158968478535077,128.25042975470046,55.67117020740353,286.0,190.0,95.0,143650.95617296768,96281.95093311586,754531.359923277,20.65595986117465,False,1,1,1
T1_800doc_250RPM_02-02-2024.csv,800.0,250,30.87761092915541,40.839111499684606,-55.80564535945654,104.28559617936612,160.09124153882266,51.19824103205079,-0.327675528738802,-1.1043610240196993,-3.46077437438965e-05,26212598.847759686,2.0368980276897,2.334926629626027,1.1463149347119543,2.585276533143875,24.652950429035588,22.43765203209622,-21.640368274450303,109.3556812953949,130.9960495698452,33.334909532949354,0.8049462829699874,0.30477338437150614,-9.148555726344758e-05,11112161.935699176,3.280515316452383,4.230044923820664,1.2894452595926673,5.121653408137425,55.63753563971999,112.09448352908632,-112.76916424930096,250.3934871137142,363.16265136301513,125.1427529252642,0.10216234245385462,-1.4313253270983,-0.0003154189070079261,156607086.0971372,2.000862864693813,2.3797731047489035,1.1893734182092854,2.7116631708846044,127.81931063817451,55.27574980080738,285.0,190.0,95.0,166380.04085959637,100998.13899827341,765761.304631286,35.78406053415603,False,1,1,1
T1_800doc_250RPM_02-02-2024.csv,800.0,250,30.823043270306762,41.302240593474444,-56.78181135743857,104.28559617936612,161.0674075368047,51.53576500338819,-0.33090517272089437,-1.095508465119687,-1.8709523242788432e-05,26559350.74484451,2.023557740386893,2.3169645053607426,1.1449954993217797,2.562628197821325,24.267196396384016,22.69136951188152,-21.640368274450303,109.3556812953949,130.9960495698452,33.223411493484825,0.871712772519815,0.4053548847853903,-6.900329487675118e-05,11037950.712654194,3.2915247525631064,4.283662885225117,1.3014220482131977,5.198422970565975,55.54611214746516,112.6557012788358,-114.7164168804884,252.34073974490164,367.05715662539,125.6052451346084,0.0968891777814649,-1.432837649624261,0.0002848612380493306,157766776.05325067,2.008998425778108,2.3851332721192735,1.1872250577774763,2.714308332273634,128.36965879557334,55.295917134839286,285.0,190.0,95.0,168854.23134794369,100182.68738725569,769243.3010984325,23.07680701506537,False,1,1,1
T1_800doc_250RPM_02-02-2024.csv,800.0,250,31.300388480297364,41.34495414205565,-56.78181135743857,104.28559617936612,161.0674075368047,51.85672137752459,-0.33792319238829116,-1.0897957209098441,0.00010876929385884606,26891195.52026216,2.0110333513017835,2.3024570339030443,1.1449124065558716,2.546715352884732,24.64219702636401,22.445233996552552,-17.730038837194442,106.422934217453,124.15297305464745,33.33206269414094,0.8733394108227475,0.30473315604548246,7.355945563788156e-05,11110264.03446142,3.192809733799039,4.146537171494598,1.2987110154417953,5.024686338226913,55.633251719383,113.03685102396585,-114.7164168804884,252.34073974490164,367.05715662539,125.98566738437543,0.09992584184506477,-1.4329095745732938,-0.0002641350039285574,158723883.8628648,2.0029321190562395,2.377300680372254,1.1869102590917626,2.703294585707253,128.8151118120839,55.490551543476,285.0,190.0,95.0,187949.009375856,101221.81421996726,780227.0001678382,22.08078910987319,False,1,1,1
T1_800doc_250RPM_02-02-2024.csv,800.0,250,31.661374694058566,42.081500577573564,-55.80564535945654,105.26176217734812,161.06740753680467,52.66208634661084,-0.3397176670545287,-1.0862707288663742,-7.41117886244054e-06,27732953.383778963,1.9988148871379157,2.2881768865630483,1.1447667822003607,2.530593424219091,24.81542463453663,22.083523670325107,-20.66278591513634,106.422934217453,127.08572013258934,33.218779590619775,0.8855301538883821,0.27107574695312975,-0.00011091336940477058,11034873.174901769,3.203697894052207,4.157186436035786,1.2976212406774588,5.044569665344743,55.62059455280113,113.29861423637256,-111.79553793370724,255.2616186916828,367.05715662539,126.21500119355643,0.1050317497925024,-1.433260303858626,0.000260197005440034,159302265.2628945,2.0224348633505738,2.4019569315511626,1.1876560155672127,2.7324682392441826,129.3150702467555,55.539371523579604,285.0,190.0,95.0,196345.12149513615,102349.73236726924,783846.9263162565,26.7847347470944,False,1,1,1
T1_800doc_250RPM_02-02-2024.csv,800.0,250,31.710085391858446,42.77698054087396,-55.80564535945654,105.26176217734812,161.06740753680467,53.248470210450776,-0.33496533820281893,-1.085477664264965,9.627053427504431e-06,28353995.797532637,1.9768034980409444,2.2630472023173622,1.1448012938868692,2.501445258036218,25.05356371994272,21.9396450459081,-20.66278591513634,106.422934217453,127.08572013258934,33.30208821995507,0.897539818282938,0.2725142423826883,9.837389274126156e-05,11090290.798096698,3.1956835113325694,4.137977707573689,1.2948646800909867,5.012606391812181,56.03876711425828,113.4071527587763,-111.79553793370724,255.2616186916828,367.05715662539,126.49713718712569,0.10160695672303964,-1.434136064756841,-0.00017733760561162876,160015257.16538498,2.017924076132074,2.396957686306744,1.1878334346955195,2.7289523943360146,129.8524535510742,55.53642663034367,285.0,190.0,95.0,205097.49880583413,100341.29831463772,786391.1855940223,17.930305602109314,False,1,1,1
T1_800doc_250RPM_02-02-2024.csv,800.0,250,31.65600579195906,42.33703736527989,-56.78181135743857,106.23792817533015,163.0197395327687,52.863290056235165,-0.3344781577531464,-1.0704518000287664,-3.0133460940800212e-05,27945274.355696514,2.0096730275833354,2.303622344169304,1.146267234794631,2.5486558841380016,25.37137578276967,21.912430034085126,-17.730038837194442,109.3556812953949,127.08572013258934,33.524040614299274,0.9133453147203839,0.30620653467715675,-2.5778178576251333e-05,11238612.991091873,3.262007779836377,4.219783869788989,1.2936155136946528,5.111352599682413,55.737721838725115,113.23188510837291,-111.79553793370724,254.28799237608908,366.0835303097963,126.20678841079372,0.10614789853207639,-1.433116474243879,5.944186683165244e-06,159281534.40966856,2.014851939250689,2.3942749363247455,1.188313091241415,2.7266287171462116,129.4640729431964,55.54814121646569,285.0,190.0,95.0,204323.34212105133,99829.5084198381,785569.2070230759,19.358040180774434,False,1,1,1
T1_800doc_250RPM_02-02-2024.csv,800.0,250,31.668403120860503,42.419498484325274,-60.68647534936667,108.1902601712942,168.87673552066087,52.93676990416965,-0.3262375250560126,-1.054195920642377,7.724821335286896e-05,28023016.078870013,2.0437639162183263,2.3446375548851877,1.1472154568731119,2.5945871351210923,24.93234350974592,21.950812259564533,-22.617950633764263,109.3556812953949,131.97363192915915,33.21836708422944,0.9266613615981648,0.32007056498773867,-2.5598031111380417e-05,11034599.11742618,3.2920245904354513,4.290621366568217,1.3033381886131894,5.234300751697018,55.74960008231889,112.9172694620238,-113.74279056489468,254.28799237608908,368.0307829409837,125.92985210861555,0.10053354843539028,-1.4343287880829123,-6.430359673972e-05,158583276.52097782,2.019282863579984,2.3986113911634037,1.187853091028024,2.731295767470593,129.29870794956997,55.189974581432914,285.0,190.0,95.0,209893.80120151443,102558.02637174194,785168.8079375647,31.161769446429656,False,1,1,1
T1_800doc_250RPM_02-02-2024.csv,800.0,250,31.711744893190563,42.105661246943114,-60.68647534936667,108.1902601712942,168.87673552066087,52.71168251168923,-0.32655197502460315,-1.0524939187420328,-4.6688065939178926e-05,27785214.73213125,2.052491118023071,2.35466649506758,1.1472237196989967,2.6056519015136588,24.654905617866806,21.477228715996002,-22.617950633764263,103.49018713951112,126.10813777327539,32.697640959939655,0.9179792318543678,0.2596945580959087,1.542980267669466e-05,10691357.243451234,3.165065861060275,4.11495170247876,1.3001156636596118,5.004863788116146,55.16454795403097,112.25297414736207,-113.74279056489468,254.28799237608908,368.0307829409837,125.07540747845245,0.10279087135587353,-1.434193539343588,-0.0001486369817747812,156438575.5590092,2.0330774650476107,2.4144027705312885,1.187560637525805,2.7482691507355654,128.48079161093435,54.62784034251059,285.0,190.0,95.0,212965.05285942592,101558.39545254003,783245.7274113108,28.643379138789584,False,1,1,1
T1_800doc_250RPM_02-02-2024.csv,800.0,250,32.040810472712245,41.521538809919,-57.75797735542059,107.2140941733122,164.97207152873278,52.446655955283525,-0.3377010157518293,-1.034562040713288,0.0001813998922874318,27506517.208918773,2.0442503381859822,2.34592466701186,1.1475721066009832,2.597936173028216,24.861273280947948,21.161053533644584,-14.797291759252548,105.44535185813903,120.24264361739158,32.647711953577215,0.9013018044589165,0.22497724623074733,0.0001254488125281824,10658730.958037483,3.2297930099381857,4.170632309499699,1.2913001844596599,5.041547104083073,55.35625499013634,111.72177131381581,-108.87465898692608,255.2616186916828,364.13627767860885,124.68387687279197,0.10300031666710253,-1.4335624987360491,0.00022198013070305158,155460691.5202955,2.047270465868751,2.4333310225318474,1.1885733043578457,2.7722325310737728,127.99669083516372,54.584256924251406,285.0,190.0,95.0,214841.95449084113,100496.54359014718,781706.1762258668,23.562972279013305,False,1,1,1
T1_800doc_250RPM_02-02-2024.csv,800.0,250,32.09850187799959,41.99745881498857,-60.68647534936667,109.16642616927624,169.8529015186429,52.859250559657056,-0.33813837567265065,-1.0241113600367922,-0.00015359972602654295,27941003.697286047,2.06522841344621,2.36965273654306,1.1474046750058327,2.62360129517593,24.709650244155817,21.31222136256113,-14.797291759252548,105.44535185813903,120.24264361739158,32.63093002957955,0.9031102508066423,0.2634790715747304,-0.000110526958890184,10647775.945953166,3.231454076318207,4.188923840856906,1.2962968811952305,5.089235910561338,55.45371505045906,111.84103689112202,-110.82191161811352,255.2616186916828,366.0835303097963,124.83401798299545,0.10376042460226242,-1.4320014409297406,-0.00012094004740069696,155835320.4577883,2.044808160596528,2.431721817067995,1.1892175823274265,2.7723902972040233,128.29418494196426,54.61695817399411,285.0,190.0,95.0,217456.69763763773,102517.48684860383,782385.513117197,30.239899923366778,False,1,1,1
T1_800doc_250RPM_02-02-2024.csv,800.0,250,31.7940356623519,42.80818651755647,-60.68647534936667,110.14259216725826,170.82906751662492,53.32355517612088,-0.3487118010225043,-1.0429098524246903,-7.165156184596921e-05,28434015.366208076,2.065552302420035,2.364106501974107,1.1445396464685407,2.6139025076851836,24.438077839861513,21.57159765031751,-14.797291759252548,104.46776949882508,119.26506125807762,32.596832264720355,0.9237012094974119,0.258392752920654,-6.105815126381819e-05,10625534.73694314,3.204844220764692,4.189038652997916,1.3070958725096442,5.1254894544124925,55.73986385478167,112.85191829501031,-110.82191161811352,252.34073974490164,363.16265136301513,125.86694516596992,0.10036009416817272,-1.432711967230616,0.00021407255241436153,158424878.8541328,2.0048213564900745,2.3819056389020896,1.1880887198209982,2.713058510800975,129.26866851805943,55.11854710799692,285.0,190.0,95.0,219750.16645427706,103549.03446954889,788820.4016873271,25.30126820822284,False,1,1,1
T1_800doc_250RPM_02-02-2024.csv,800.0,250,31.94397476001422,42.00348920521895,-58.73414335340262,110.14259216725826,168.87673552066087,52.77035748297874,-0.3579722181123618,-1.0273804146768497,-4.755413365083854e-05,27847106.288813703,2.0872057234553534,2.391305065189559,1.145696870374029,2.646669517560644,24.460268974964826,21.208954721632356,-14.797291759252548,101.53502242088318,116.33231418013573,32.37475125328191,0.8859286402787007,0.13608306185651653,-8.057856868722866e-05,10481245.187118784,3.136241005422098,4.083011436957065,1.3018806366915492,4.991743865329756,55.34262424893566,111.9160815155162,-109.8482853025198,252.34073974490164,362.1890250474214,124.85197379515691,0.10585697616234047,-1.432651996626305,-0.0004052955669624883,155880153.60546547,2.0211193469709494,2.404100363776017,1.1894895605145934,2.740898652551162,128.07577998877488,54.93127604932121,285.0,190.0,95.0,229179.4389076902,103352.55347804372,786773.9239278717,32.17499988059911,False,1,1,1
T1_800doc_250RPM_02-02-2024.csv,800.0,250,32.107677816620445,41.56169942446871,-60.68647534936667,106.23792817533015,166.92440352469683,52.519309152213566,-0.3511616337922792,-1.0205818073673145,-5.939845705838998e-06,27582778.338257834,2.0228355987590607,2.3209897904950103,1.1473941787058013,2.570294144471419,24.40425350218768,20.93508726804102,-12.842127040624618,105.44535185813903,118.28747889876365,32.15346743229309,0.8578835325858835,0.06866062399258155,-5.7509896127288614e-05,10338454.679195328,3.27943952173058,4.260775627023399,1.2992389701929805,5.218416061499532,55.3540156849507,110.5125791882656,-106.92740635573864,252.34073974490164,359.26814610064025,123.60055506061629,0.10404835387013804,-1.4377405584543788,0.0004005745200655028,152770972.1129244,2.0415825772072664,2.430319376713844,1.1904095400531585,2.773210122764159,126.95321183263876,54.33325425938437,285.0,190.0,95.0,225754.78804047836,102753.5847686518,776548.928368975,26.00275649929306,False,1,1,1
T1_800doc_250RPM_02-02-2024.csv,800.0,250,32.46456415895238,41.63548999444148,-63.61497334331274,106.23792817533015,169.8529015186429,52.796419889117224,-0.3576107095885952,-1.0105944141855236,5.7816621598079206e-05,27874619.531079724,2.012218411749329,2.3086597739117947,1.1473206687860258,2.557089666443837,24.580707136153922,20.832615396300657,-12.842127040624618,105.44535185813903,118.28747889876365,32.22125117936222,0.8805893860311499,0.10624613404906702,5.556950148757434e-05,10382090.275635513,3.2725405748885694,4.243530752288467,1.296708369286746,5.177326025470067,55.69751109807834,110.76811159806678,-106.92740635573864,252.34073974490164,359.26814610064025,123.98301210053873,0.10747573708031441,-1.437134818816933,-0.00023497513176760175,153717872.89522332,2.0352847980518227,2.425253814487789,1.1916041513252815,2.7701199291162304,127.31994785593429,54.654269258275036,285.0,190.0,95.0,229127.40073528388,102294.98928384278,779346.295837845,23.63125788417399,False,1,1,1
T1_800doc_250RPM_02-02-2024.csv,800.0,250,32.76014726278059,40.81566856655002,-63.61497334331274,106.23792817533015,169.8529015186429,52.33685173196349,-0.35669733275765925,-0.9901162014029206,3.5613025386644114e-05,27391460.4921353,2.029887634804901,2.3346980267471387,1.1501612142051074,2.593146558668152,24.923936346390796,20.432472892555477,-12.842127040624618,103.49018713951112,116.33231418013574,32.22869143331691,0.8672889446030685,0.06248078769080845,7.031429059395334e-05,10386885.515039546,3.211119736388879,4.122390688866123,1.2837860395395997,4.9768898760562,55.58885437661181,109.98618018632685,-106.92740635573864,246.49898185133927,353.42638820707793,123.23587368491087,0.10855925097131507,-1.4360407605496524,0.00025246534642587513,151870805.6288331,2.00022099475342,2.38546724064084,1.1926018409455357,2.7276311564054843,126.51455711863117,54.396525630571325,285.0,190.0,95.0,225083.0069792823,101392.79462432739,774243.7116909176,32.63604032844473,False,1,1,1
T1_800doc_250RPM_02-02-2024.csv,800.0,250,32.88177754233182,39.80232583869474,-53.85331336349249,106.23792817533015,160.09124153882266,51.627864923053174,-0.36676921116025624,-0.9697563713960089,-1.2854299973046642e-05,26654364.365130246,2.057763348022788,2.3696665349318575,1.151573885893518,2.6387515600072846,25.209194899856737,20.277569924520233,-12.842127040624618,95.6695282649994,108.51165530562402,32.35248598705779,0.8438732186980308,0.03167123008479811,-9.467304230155434e-06,10466833.495427705,2.9570997512608708,3.7675802018447855,1.2740795099111337,4.5150352078975695,55.80003396535552,109.23405345617917,-104.9801537245512,253.31436606049536,358.29451978504653,122.66100531547194,0.10713394467172946,-1.434688122975713,-0.00014162246798966313,150457222.25002235,2.0651580786330257,2.466126732251282,1.1941588190109236,2.824554450587947,125.74658654496719,54.27373198285805,285.0,190.0,95.0,216815.98878846524,101812.05523099069,769087.1459254097,37.81001155797526,False,1,1,1
T1_800doc_250RPM_02-02-2024.csv,800.0,250,32.853468709115184,39.765396975374216,-55.80564535945654,105.26176217734812,161.06740753680467,51.58136487947863,-0.3688241852855221,-0.9720979084911314,-5.281549347433851e-05,26606372.028299116,2.0406936191645046,2.3484400637527063,1.1508048252310399,2.613221570813927,25.323278765839692,20.398773990160993,-12.842127040624618,104.46776949882508,117.3098965394497,32.51735579277774,0.8496625501975635,0.10124622898034374,-2.413896749068524e-06,10573784.277540963,3.2126772596321582,4.090534904352813,1.2732480027642636,4.8975402883272,56.126393545080326,109.15884221558753,-106.92740635573864,253.31436606049536,360.24177241623397,122.74292193941274,0.10607971721214836,-1.434806050966654,0.0002844685925537059,150658248.86224768,2.0637798258178512,2.4653827877456056,1.1945958366797214,2.8235711658778104,125.83605964667365,54.30586164869836,285.0,190.0,95.0,215254.11224824804,102342.33916579622,768500.2011865338,32.18979629009143,False,1,1,1
T1_800doc_250RPM_02-02-2024.csv,800.0,250,33.19415067414837,39.123040675725576,-55.80564535945654,105.26176217734812,161.06740753680467,51.30754282454523,-0.3764589423402951,-0.9479816041142985,0.0001245251566696003,26324639.506925426,2.051584550390737,2.364815200622842,1.152677426905193,2.638397738496812,25.47069819623117,20.235011282105763,-12.842127040624618,104.46776949882508,117.3098965394497,32.530172889033985,0.8486094236557765,0.11917380676390454,4.1692476746082844e-05,10582121.481904414,3.2114114442361745,4.074060203823081,1.2686198185957096,4.863356732738428,56.03750142817537,108.06319699206541,-106.92740635573864,247.47260816693304,354.40001452267165,121.72861664562976,0.10602734979131186,-1.4350087302997108,-0.0003087318324149405,148178561.1045869,2.0329862852821443,2.431082379981615,1.1958183867650742,2.786628308803069,124.90149239201527,53.92726033824663,285.0,190.0,95.0,210279.0281613036,102829.78392352986,760662.9982072569,57.08910795762611,False,1,1,1
T1_800doc_250RPM_02-02-2024.csv,800.0,250,33.492174188280714,37.757901155343696,-53.85331336349249,101.35709818542004,155.21041154891253,50.4716240229581,-0.40251244541038633,-0.9092753424522972,-0.00012740603033711538,25473848.315148417,2.0081996596605567,2.3172820548170785,1.1539101919819894,2.594284082708585,25.474999566637255,19.43274726401175,-10.886961576342582,97.62469298362733,108.51165455996991,32.040712681635604,0.791345227832028,-0.009899621414806603,-0.00013804045281444542,10266072.691471245,3.0468951784453195,3.8167663200238833,1.2526739833470053,4.508362590639635,56.0370146323767,106.28007931766845,-102.05927477777004,246.49898185133927,348.55825662910934,120.14825120940834,0.10935902920782066,-1.434979113217387,0.00024416395243909785,144356022.68679094,2.051623551488171,2.4597262067267818,1.1989169284699372,2.8268806016478183,123.04576391290007,53.566167983456886,285.0,190.0,95.0,198200.58640433478,97990.27820204764,747042.1137160158,35.3166243212363,False,1,1,1
T1_800doc_250RPM_02-02-2024.csv,800.0,250,33.28015092073096,37.06870914466966,-53.85331336349249,101.35709818542004,155.21041154891253,49.81623874760866,-0.40511329732997164,-0.8935688382441818,-4.2733391507789945e-05,24816576.42958746,2.0346196488044876,2.3502220313371205,1.155116157812629,2.635208288814919,25.210954560229702,19.003905575068472,-11.864543935656547,97.62469298362733,109.48923691928387,31.571199802099468,0.7394490972088887,-0.12618055050082866,-2.3990642704493635e-05,9967406.569440855,3.0922072520390986,3.854038671085081,1.2463713965302963,4.5374963476096495,56.03136763064922,105.00218854798291,-102.05927477777004,246.49898185133927,348.55825662910934,119.01669529283325,0.10974604549176621,-1.4350684674292868,-0.0003168851426417643,141649737.58427116,2.071129443183107,2.48602793458376,1.2003247516789668,2.8599130667875134,121.75584992840786,53.093173445754495,285.0,190.0,95.0,191055.86921991053,95349.22080708823,736904.2762475596,26.72241037265159,False,1,1,1
T1_800doc_250RPM_02-02-2024.csv,800.0,250,33.30172418502368,36.30248537992793,-51.900981367528445,99.40476618945598,151.30574755698444,49.26332589721559,-0.39930579195742255,-0.8936740928160294,7.523781568770024e-05,24268752.78455272,2.0178249109054662,2.3340631958636235,1.1567223614145246,2.620047716777627,24.97418408166348,19.144292551763463,-11.864543935656547,92.7367811870575,104.60132512271404,31.46766289148782,0.7517229294872982,-0.07562231655674578,5.694442917207819e-05,9902138.078523196,2.947050167241474,3.6926752398758755,1.2530072548212943,4.378978277026055,56.029809848419085,104.0788219253071,-102.05927477777004,238.7099713265896,340.76924610435964,118.20211827632272,0.10835424529451616,-1.4354105497596301,0.0003380753718356391,139717407.65009785,2.0195067128031834,2.4260962732178677,1.2013311259809165,2.7930681658896974,120.89621587988128,52.65866345856601,285.0,190.0,95.0,187907.36239120353,97439.19714599005,731137.2031153439,30.00410121482154,False,1,1,1
T1_800doc_250RPM_02-02-2024.csv,800.0,250,33.389871982561864,36.487094808793,-49.94864937156439,99.40476618945598,149.35341556102037,49.458989461954424,-0.40820713875230347,-0.9020531660719366,4.2418050919327944e-05,24461916.385977186,2.0098422404267193,2.321448653614964,1.1550402349599767,2.6025910045188843,24.959813597251127,19.718327591427208,-12.842127040624618,95.6695282649994,108.51165530562402,31.808878285981127,0.8067526018995939,0.07902954357429515,0.0001298828152166773,10118047.378123617,3.0076360255420598,3.805529349071534,1.2652891895008047,4.551037044654451,56.44408789833859,104.75432948327726,-102.05927477777004,238.7099713265896,340.76924610435964,118.99329646734887,0.10420055363036854,-1.4343886602159357,-0.00012878689455872347,141594046.04166383,2.006079152467974,2.4083471054217367,1.200524467072435,2.7711539883766334,121.64310269440743,53.10702917179899,285.0,190.0,95.0,192240.8447600082,101430.95992329942,737395.0247630785,34.008621764502976,False,1,1,1
T1_800doc_250RPM_02-02-2024.csv,800.0,250,33.700097595011364,34.181568506057744,-49.94864937156439,96.47626819550992,146.42491756707432,48.0007937793492,-0.44223553297434665,-0.8057511785468119,0.00015967751958302563,23040762.034476094,2.009889016398219,2.326814117673138,1.1576828863132245,2.62814718905979,25.745105574445084,18.689822535272153,-12.842127040624618,95.6695282649994,108.51165530562402,31.813832328710262,0.7489422828388425,0.059016143894627504,0.00032853723269381794,10121199.274392903,3.007167677144725,3.696416500731948,1.2292019925678563,4.2910691133407,56.1431398856452,101.97217913014076,-102.05927477777004,237.73634501099585,339.79561978876586,116.40608864131052,0.11017766227675957,-1.4239433688165812,0.00013595816950606862,135503774.7276864,2.0423016337534365,2.4615559982773045,1.2052852319142215,2.842424323086373,118.82112157120949,52.422463431389744,285.0,190.0,95.0,165606.04014419712,92252.1254405072,712693.1825195055,20.965555968456496,False,1,1,1
T1_800doc_250RPM_02-02-2024.csv,800.0,250,34.27203331716,31.558319823788437,-41.16315241143108,90.61926625102758,131.78241866245867,46.588623265697,-0.44127647321656677,-0.7888351587042828,0.00010181526825211455,21704998.177930437,1.9450943148549777,2.2597471936980154,1.1617674147931987,2.572633693757824,26.864535245216604,17.35514385271207,-8.931796857714653,88.82644578456879,97.75824264228345,31.9828746689508,0.6637067092647507,-0.1448561264363124,0.00014996824177154584,10229042.720898148,2.7773127557793336,3.3003537006151573,1.188326267449506,3.7119170223408706,56.27866857720874,98.14388991921143,-91.34938530623911,231.89458711743356,323.2439724236727,113.13492681439095,0.1107927318021308,-1.433787407760177,2.0994546408241094e-05,127995116.65297596,2.0497170382925125,2.480441602721532,1.210138549069109,2.875789966323027,115.6953891982079,51.063613987414264,285.0,190.0,95.0,149123.58249559716,85875.93253908692,686849.0334204582,19.91548017670002,False,1,1,1
T1_800doc_250RPM_02-02-2024.csv,800.0,250,34.348759969701725,31.961528344488247,-44.09165040537715,92.57159824699164,136.6632486523688,46.918829968059825,-0.4269520612325228,-0.8070757969923341,-0.00013171424295143377,22013766.05571709,1.9730159151455848,2.2941420538654937,1.1627590209763787,2.6111976695962915,26.88701964932346,17.871965003280817,-11.864543935656547,93.71436354637146,105.578907482028,32.28496490166282,0.6418921346353155,-0.22216648733254596,-0.00015171949205221614,10423189.587016001,2.9027246531571964,3.476229653814778,1.197574716580093,3.9452432610846784,56.313913903776495,99.02638457960443,-92.32301162183283,231.89458711743356,324.2175987392664,113.91875061669906,0.11253408160390038,-1.4323762571606444,1.6818264167809945e-05,129774817.4206967,2.035613855156174,2.462270747423927,1.209596182098603,2.854463126045133,116.5281630159589,51.4039349706721,285.0,190.0,95.0,155457.7098374404,90623.75899136518,693895.4951506694,20.692037433196287,False,1,1,1
T1_800doc_250RPM_02-02-2024.csv,800.0,250,33.85442949412088,31.447178849640768,-44.09165040537715,92.57159824699164,136.6632486523688,46.20657370952422,-0.42871034058300095,-0.7969418835986919,-0.00016346327375953604,21350474.539736953,2.003429183668525,2.3314749048517602,1.1637421097073883,2.6615861425910103,26.976077413050305,17.366506649117774,-11.864543935656547,93.71436354637146,105.578907482028,32.08277272600881,0.6283523683428084,-0.23965711733916484,0.0001839229735631706,10293043.05788735,2.921018215810233,3.466748813378868,1.1868288922728476,3.9023549272693123,55.95727456327436,98.62007307508149,-92.32301162183283,231.89458711743356,324.2175987392664,113.38930897524725,0.11295611844649579,-1.4326248249539555,-0.00020403341053296657,128571353.89884086,2.0451186202048013,2.4736679514814304,1.209547420400345,2.8663593229657365,115.72951404014542,51.26564863218157,285.0,190.0,95.0,146033.77660668138,86271.44369397739,688307.4274963721,34.26928293105183,False,1,1,1
T1_800doc_250RPM_02-02-2024.csv,800.0,250,33.362539404357,32.41972148076123,-46.04398537963629,91.5954322490096,137.6394176286459,46.51986002125764,-0.4275899423038919,-0.8225420256585592,-2.4230430388598966e-05,21640973.763974052,1.9689533074079393,2.2879591551150154,1.1620179851430996,2.5996982854750876,26.606648996404033,17.58363253710974,-8.931796857714653,93.71436354637146,102.64616040408612,31.891972407142713,0.6785391556488077,-0.15293425537620298,-0.00025886962351595046,10170979.040179523,2.9384938112320276,3.514279953042799,1.195946011391925,3.974668047807951,55.608326856072594,99.52581285398774,-95.243890568614,231.89458711743356,327.13847768604757,114.00733941277113,0.10988752541097971,-1.431874514460734,5.153934689566334e-05,129976734.39978796,2.0340320922484105,2.4556095078693336,1.2072619292623417,2.8408244893817813,116.35115182115901,51.39336718180432,285.0,190.0,95.0,156466.72661084146,89341.68306855072,696418.9479615594,24.92707323273897,False,1,1,1
T1_800doc_250RPM_02-02-2024.csv,800.0,250,33.908509071831965,33.57005355347998,-46.04398537963629,91.5954322490096,137.6394176286459,47.71514940831711,-0.43693134200644984,-0.8496570292748205,0.00027962608688943764,22767354.830580246,1.9196299997971678,2.2247540444499854,1.1589494041482253,2.5141166955331364,26.65259537280031,18.238316389933452,-8.931796857714653,93.71436354637146,102.64616040408612,32.29546446245249,0.6823488870023875,-0.20797414688415605,0.00030165405700067414,10429970.24845532,2.9017809499326477,3.507178080316218,1.208629507474581,4.005887507847308,56.57202235788754,101.16147116521527,-95.243890568614,231.89458711743356,327.13847768604757,115.90529307142107,0.10746738865187182,-1.434308464099173,0.0002535132424720134,134340369.6197201,2.0007247380371114,2.4144422793690636,1.206783838609326,2.7933969328349026,118.43671511238935,52.216031860553045,285.0,190.0,95.0,165421.1267517761,92419.61580460158,708637.5495952714,22.295493050429382,False,1,1,1
T1_800doc_250RPM_02-02-2024.csv,800.0,250,33.75144395755395,33.61096199934233,-47.99631737560034,91.5954322490096,139.59174962460995,47.63251762967331,-0.45346789561146406,-0.8320097386134981,-0.0002196416359346958,22688567.35741139,1.9229601290684037,2.225707530723197,1.1574382105371377,2.514519604396908,26.29460467830507,18.5273005320693,-12.842127040624618,91.75919286251067,104.60131990313529,32.166241623695456,0.6974563838204358,-0.10759167008382864,-0.00037968472964525137,10346671.001939584,2.852655089020898,3.475277923251685,1.2182608183607948,4.005307291545544,56.625669194323905,101.63475477841831,-96.21751688420773,237.73634501099585,333.95386189520354,116.34470246029352,0.11083926179942219,-1.4311193134618119,-0.0002471522414506888,135360897.9057423,2.0433791997717408,2.4672122602100734,1.207417722802345,2.8555622954072577,118.58348021578858,52.70267399687612,285.0,190.0,95.0,162734.22901770336,94142.80843169727,711227.779573244,44.359027423119876,False,1,1,1
T1_800doc_250RPM_02-02-2024.csv,800.0,250,33.185267646363336,33.46995647691331,-47.99631737560034,90.61926625102758,138.61558362662794,47.132790871401205,-0.4547438389845457,-0.8332638306545963,0.00013601455444505733,22214999.753272407,1.9226373948081377,2.224903308752607,1.1572142072970721,2.514347776871276,25.604724748775396,18.307642163308707,-12.842127040624618,91.75919286251067,104.60131990313529,31.476526031954517,0.7107541566119839,-0.08489511654057402,0.00017143914133000012,9907716.910403103,2.915162644357832,3.5665983366655456,1.2234646130529074,4.122060756032061,56.27720830325049,101.66911869987916,-96.21751688420773,237.73634501099585,333.95386189520354,116.20556730044204,0.10871801346896047,-1.4303505033234516,4.0835701948040564e-05,135037338.71617565,2.0458257769728343,2.4679367246074997,1.206327905526371,2.854227689526638,118.07982881562789,52.66079722960082,285.0,190.0,95.0,158979.0720865947,90606.29426145932,709020.7862504249,25.508663657011088,False,1,1,1
T1_800doc_250RPM_02-02-2024.csv,800.0,250,33.882543092444,30.78342681152888,-43.11548440739513,90.61926625102758,133.7347506584227,45.77822727751786,-0.49117502816005776,-0.7364512645662549,0.0001643650044812317,20956460.9267208,1.979527640982542,2.287798583749611,1.1557295469812474,2.589107519134669,26.844788077755627,16.493921919128013,-8.931796857714653,87.84886342525482,96.78066028296948,31.50701679330975,0.6325730177166591,-0.20374358646742463,0.0002555888323314106,9926921.072139025,2.788231713638747,3.267418399070149,1.171860424328237,3.6294381016472745,55.71824917356805,97.53445439323302,-92.32301162183283,232.86821343302725,325.19122505486007,112.32761496957667,0.11796655668853889,-1.4229159753018172,-0.00030406931475490434,126174930.84753466,2.073116334715184,2.513140850721955,1.2122526886882223,2.9178051818088924,114.40249110164758,51.16543085303683,285.0,190.0,95.0,126061.76729528976,75791.67578045954,673294.0969594069,14.064677323046288,False,0,1,1
T1_800doc_250RPM_02-02-2024.csv,800.0,250,33.925982494273605,28.67918310464935,-36.28232242152095,83.78610426515341,120.06842668667437,44.423730502421385,-0.4887477417576074,-0.7149185652403469,-0.00014725637938614063,19734678.31751764,1.8860663730297598,2.1768107180888587,1.154153824709811,2.459094635848043,26.973535670031318,16.010929268055275,-7.954214498400688,88.82644578456879,96.78066028296948,31.36752273561176,0.577233512418393,-0.27506187797318304,-0.00025909353523446824,9839214.825691208,2.8317966494600966,3.289694459210186,1.1616986904188165,3.634733158776239,55.89564367944909,93.84541806623432,-85.50762147158385,223.13195027709008,308.6395717486739,109.23042375806402,0.10961947759506473,-1.4322719271435063,0.00034881523197235873,119312854.74366236,2.0427637520779753,2.4821893693515102,1.2151132830835356,2.889215472343859,111.42128050731866,49.73904943599676,285.0,190.0,95.0,110726.62636268667,74927.63908737151,646059.6249358872,14.843204133920919,False,0,1,1
T1_800doc_250RPM_02-02-2024.csv,800.0,250,33.73299445478685,30.346321576825563,-42.1393184094131,89.64310025304556,131.78241866245867,45.37415727185232,-0.4667641763740324,-0.7502216721656652,-8.318870999834932e-06,20588141.48130789,1.9756422078753473,2.288721220509997,1.1584694897621886,2.5975051826418825,26.2475829722001,16.92171519005063,-10.886961576342582,88.82644578456879,99.71340736091138,31.229474168735518,0.6007008291670785,-0.37592060401732663,-0.00016238227860105743,9752800.56855719,2.8443144865210317,3.378889987955787,1.187945286629894,3.805008506623075,56.1512208037803,96.39178615423508,-90.3757589906454,233.84183974862097,324.21759873926635,111.55418430412493,0.11090954022781259,-1.4269827665244006,-0.0002559619700515331,124443360.35758673,2.0962175574795916,2.542851027462437,1.2130663720419648,2.955495998682536,113.5668855285863,50.8034718506733,285.0,190.0,95.0,138576.8489963474,84779.80799233972,670941.1712017668,16.579871123446605,False,1,1,1
T1_800doc_250RPM_02-02-2024.csv,800.0,250,34.320451203654954,30.60262673278043,-42.1393184094131,89.64310025304556,131.78241866245867,45.98275909260283,-0.49834996859154373,-0.7459892949278437,0.0001389938405788538,21144141.337683477,1.9494937237784478,2.2531116343739375,1.155741927707788,2.5544877980967695,26.937853930497837,16.639965496818995,-10.886961576342582,88.82644578456879,99.71340736091138,31.662855621629653,0.6678970021505694,-0.1932866242056388,0.0003141457524667187,10025364.261161646,2.805383280839942,3.293709864537602,1.1740676887300239,3.659034191062401,56.20097318811778,97.1919004870634,-90.3757589906454,233.84183974862097,324.21759873926635,112.27116685765215,0.11751369094813122,-1.427316382879714,0.00021802531799291775,126048149.07578772,2.0828307596117486,2.5276729173832067,1.2135757577607407,2.9382207096719237,114.42655764751937,51.26722512875268,285.0,190.0,95.0,124886.21125152028,77307.95615566171,670700.2899604405,45.5287041813275,False,0,1,1
T1_800doc_250RPM_02-02-2024.csv,800.0,250,34.60090370952468,28.889262678613175,-36.28232242152095,85.73843626111746,122.02075868263842,45.07562573752815,-0.4831117168510377,-0.735940919477069,-7.308491402910549e-05,20318120.3562971,1.9021019643823844,2.1984263362249536,1.155787848070903,2.49201217881677,27.413447772817467,15.791505280356343,-5.999049406945705,88.82644578456879,94.82549519151449,31.636509886719697,0.664424039870401,-0.13124955963678753,-0.00015072191470341342,10008687.57812513,2.8077195020129624,3.2385318382811983,1.1534385240261251,3.5436982157659522,56.46112591190562,93.93931061616095,-87.45488004386425,227.02645553946493,314.48133558332916,109.60133584167498,0.11393078100695514,-1.4311522001057304,-0.00019775880706826354,120124528.1827963,2.071384019145687,2.5204698136850747,1.2168047017783825,2.9371674575542572,111.99732143932152,50.0173330170566,285.0,190.0,95.0,110928.23229225974,73699.85331819011,646135.4102204425,20.780336445412402,False,0,1,1
T1_800doc_250RPM_02-02-2024.csv,800.0,250,34.77798023980998,28.25364302792936,-33.35382442757488,84.76227026313543,118.11609469071031,44.80821636608932,-0.4741283227596288,-0.7213004059393429,5.609220949986881e-05,20077762.539102748,1.891668027368373,2.184502030991979,1.1548020051018077,2.4733288979192465,27.26202026435309,15.676552935733522,-5.021467047631741,85.89369870662689,90.91516575425864,31.44792617710831,0.5786972052593339,-0.39279063888369814,4.326848657050538e-05,9889720.60840854,2.7312992984939957,3.1491683481177644,1.152992771555346,3.4506816689948883,56.157354329752074,92.28805831381649,-82.58674252480269,217.2901923835277,299.8769349083304,108.03117213402676,0.11618511990093289,-1.43327313224459,0.00010164965238227105,116707341.52651721,2.0113656835450318,2.450832693318329,1.2184918502729631,2.8582922098349615,110.64883629070798,49.23735873211473,285.0,190.0,95.0,113807.06563502889,74480.94471532041,635835.4279573074,35.952948844566436,False,0,1,1
T1_800doc_250RPM_02-02-2024.csv,800.0,250,34.11984908462908,28.549375969756802,-37.258488419502974,83.78610426515341,121.04459268465638,44.4885487493174,-0.49638343904065135,-0.7347942736109956,-0.0003308969646728049,19792309.69820391,1.8833184408254935,2.175427711406195,1.1551034940499303,2.468079876871718,27.249311691939045,15.644504677082766,-5.021467047631741,84.91611634731294,89.93758339494468,31.420940696861873,0.5984217796817335,-0.3985800088931253,-7.752236786270668e-05,9872755.142757107,2.7025325933603837,3.1150441369824993,1.1526388783008867,3.4076121231283825,56.136616124133845,92.91030516494432,-89.40213267505169,217.2901923835277,306.6923250585794,108.55249640478769,0.11096319017899198,-1.4320189306946824,-0.000132049713225771,117836444.75711444,2.001706083048166,2.4359878913734536,1.2169558318292013,2.838222573871624,110.85579492765751,49.60991524649776,285.0,190.0,95.0,106190.76546181804,72935.7605958766,637406.5539202879,53.762098025614506,False,0,1,1
T1_800doc_250RPM_02-02-2024.csv,800.0,250,33.465329707286905,30.659360687420918,-41.16315241143108,87.6907682570815,128.8539206685126,45.38639322725249,-0.46532818378119445,-0.8049302621699588,0.00012686420204719877,20599246.901787907,1.93209378454041,2.2425483404408757,1.1606829639350627,2.5560730326847754,26.732072821455343,16.2771988419114,-7.954214498400688,88.82644578456879,96.78066028296948,31.29777818744828,0.6605368151948907,-0.2917220104281659,-4.736665318329867e-05,9795509.194707133,2.838107077523858,3.3209854560453715,1.1701410007908535,3.6751362464699575,55.71562029551606,96.21317348048304,-90.3757589906454,225.0792029082775,315.4549618989229,111.18095653527921,0.11174594366871127,-1.4296481023020613,7.910861099583103e-06,123612050.96099645,2.0244402451858456,2.4544384513060544,1.2124035061754734,2.8517224267098626,113.3144477737654,50.60154771818493,285.0,190.0,95.0,132956.03622883654,80779.04608167439,667392.3128346303,34.02111719138092,False,0,1,1
T1_800doc_250RPM_02-02-2024.csv,800.0,250,33.538639760593625,33.11091095625363,-45.06781938165427,90.61926625102758,135.68708563268186,47.12931976321988,-0.4542484148840851,-0.8500439845126011,-4.3076964133515157e-05,22211727.813438285,1.9227789984303492,2.226828333556844,1.1581301519179814,2.5201169475456013,26.138484759528353,17.67092023405113,-9.909379217028617,88.82644578456879,98.7358250015974,31.551256828251606,0.6877558167097342,-0.30551544448074974,-0.00011735696682918138,9954818.074422937,2.815306099154563,3.3939283624536776,1.2055273007339682,3.8583326458019025,56.327057940327876,100.16948484600844,-92.32301162183283,231.89458711743356,324.2175987392664,114.9202469129255,0.10831737734810323,-1.431057138317714,0.00023979866356235583,132066631.50527766,2.0178740765597114,2.4381963115614913,1.2082995365688975,2.8260860022867726,117.12430735977367,52.011675273991685,285.0,190.0,95.0,154144.52227293287,89723.20543465632,698150.0350228549,53.72608679979922,False,1,1,1
T1_800doc_250RPM_02-02-2024.csv,800.0,250,33.757691424920374,33.60670966568723,-45.06781938165427,90.61926625102758,135.68708563268186,47.633944460793266,-0.4633949040811842,-0.842610278513487,0.0001577521756203668,22689926.648939375,1.902409453527722,2.2003792245935703,1.1566275706385445,2.486865017024465,26.095666645768453,17.782040316143963,-9.909379217028617,85.89369870662689,95.80307792365551,31.578232621412518,0.6980176841420811,-0.28643376974332035,7.055984185161553e-05,9971847.754920416,2.720028689901544,3.286467899001997,1.2082475126837562,3.740724018694747,56.51175490219907,101.03899952766506,-93.29663793742657,231.89458711743356,325.1912250548601,115.76898491253051,0.11398702301464315,-1.4283101058967143,-0.00018675630051414707,134024578.67677718,2.003080421691889,2.4213762187732777,1.2088262620669408,2.8060092843132676,117.94860116972444,52.50488348876678,285.0,190.0,95.0,154165.36570600164,88449.5004532774,702725.1202584931,101.46996985067423,False,1,1,1
T1_800doc_250RPM_02-02-2024.csv,800.0,250,33.15080898736053,32.30206166331384,-42.1393184094131,89.64310025304556,131.78241866245867,46.28605971798629,-0.4540467704181956,-0.8130437564257775,-0.00031211301283889676,21423993.24216993,1.9367191936238886,2.2450103412305635,1.1591821615759468,2.546125868966699,25.43482091156475,17.30353429871798,-8.931796857714653,85.89369870662689,94.82549556434155,30.76267891504706,0.6359179471247323,-0.2874555033887316,-0.00028801078943816073,9463424.14030281,2.7921397529723393,3.3656097784652914,1.2053872929829073,3.8421053338168365,56.086085283063376,98.43151743178126,-93.29663793742657,230.9209608018398,324.21759873926635,113.2890664905582,0.10762538533633838,-1.42983742985186,-7.477780277768278e-05,128344125.86302117,2.0383340418917246,2.465352315713244,1.209493765519029,2.8578382044418538,115.27516465756707,51.330212718438965,285.0,190.0,95.0,133420.38382120212,81787.98015197391,678087.7427819807,119.72872067982591,False,0,1,1
T1_800doc_250RPM_02-02-2024.csv,800.0,250,32.697770321869676,30.416245149487114,-42.1393184094131,86.71460225909948,128.8539206685126,44.657498284335624,-0.4583814337691199,-0.7654499851689058,0.00020625479370651832,19942921.530154392,1.9417702645809898,2.251126359959361,1.1593165273056267,2.555375339171164,24.99334468125393,16.673967624429395,-9.909379217028617,85.89369870662689,95.80307792365551,30.044774499012036,0.5611270940122611,-0.32955671973656653,0.0001768981897707249,9026884.746964838,2.8588564946443964,3.4241800077536824,1.1977446276748511,3.905249093172329,55.48097620637879,94.96300277057263,-88.42850635945797,222.15832396149636,310.58683032095433,109.98231956099377,0.10439818956930544,-1.4360013988160802,-0.00020992173008576627,120961106.16016553,2.019945795362974,2.448998936917101,1.2124082450821547,2.846503742004383,111.85869588430705,49.80686096102209,285.0,190.0,95.0,117274.0136869612,77157.11590820435,650529.1407630048,27.335307935750393,False,0,1,1
T1_800doc_250RPM_02-02-2024.csv,800.0,250,33.00184605282958,29.107439766843726,-36.28232242152095,86.71460225909948,122.99692468062042,44.00414631230901,-0.4761326475382756,-0.7502596958297265,-9.378549569550045e-05,19363648.926750988,1.970600716661178,2.2830310974084345,1.1585457561776453,2.5979057656514124,25.398748131724215,15.94119342904,-9.909379217028617,83.93853398799897,93.84791320502758,29.986964744715866,0.5750503132887014,-0.3312531321241443,-8.197274200090698e-06,8992180.546008324,2.7991673949858544,3.3002386410657474,1.1790072458608447,3.6998026719897803,55.73996069781823,93.27140820943318,-87.45488004386425,222.15832396149636,309.6132040053606,108.65771398278652,0.10800986381298998,-1.4357801320536348,0.0002488159064957156,118064988.0796504,2.0445701995597894,2.485255707585801,1.2155394361714233,2.8937574257894334,110.37988012783393,49.581890022527226,95.0,190.0,95.0,101422.5995539257,69994.35713467475,634668.4718442322,16.132619569102896,False,0,1,1
T1_800doc_250RPM_02-02-2024.csv,800.0,250,32.860985299441765,28.19381462964671,-32.37765842959285,85.73843626111746,118.1160946907103,43.29821633994879,-0.49614135627997613,-0.7552969163484446,6.196825195848716e-05,18747355.382210083,1.980184023931986,2.290223519315722,1.1565710517995702,2.602312778896967,25.41028361017248,15.774358484675256,-5.999049406945705,78.07303983211517,84.07208923906087,29.908408495813458,0.5918507058714209,-0.34414156923908035,5.214764861129062e-05,8945128.987524465,2.610404356455267,3.0694162905789457,1.1758393993591791,3.426923610304408,55.97664923774281,92.42069204480984,-83.56036884039641,214.36931343674655,297.92968227714294,108.0507731482143,0.10545164950295649,-1.433277659530266,-0.00022814066733120594,116749695.7792687,1.9839683436850013,2.4134561996394517,1.2164791879474872,2.8122803741667113,109.4585543870301,49.62905284610915,95.0,190.0,95.0,99718.48860032858,68193.82613071895,625738.9406137265,14.648602149873902,False,0,1,1
T1_800doc_250RPM_02-02-2024.csv,800.0,250,33.27058460337516,26.97059551880015,-30.4253264336288,78.90527427524329,109.33060070887208,42.82925194874488,-0.5227357203276403,-0.7127613979309784,0.00010296826637669054,18343448.22489067,1.8423220272367054,2.1190933863362615,1.1502296314150273,2.3865178418190465,25.55252184627683,15.14783547010285,-5.021467047631741,79.05062219142914,84.07208923906089,29.705021328619853,0.5456266184339128,-0.39112484391775926,3.793147867234539e-05,8823882.921337605,2.6611871884187592,3.091077281611069,1.1615407195191498,3.415933362804913,55.598882068034015,90.07614221967941,-80.63948989361525,214.36931343674655,295.0088033303618,105.85342263902035,0.11163424635383772,-1.4315020609196616,0.00013253284431915738,112049470.84395066,2.0251524050175056,2.4710191407523485,1.220164534101318,2.8863032015101147,107.45882599388752,48.72659350943075,95.0,190.0,95.0,96594.89368352854,62863.11521606683,606629.4861904739,15.639696919535094,False,0,1,1
T1_800doc_250RPM_02-02-2024.csv,800.0,250,33.66544379151563,25.81569346222912,-29.44916043564677,78.90527427524329,108.35443471089006,42.424192798631736,-0.5323031821363582,-0.6707940189793171,0.00010374195719918243,17998121.34615477,1.859912212113748,2.1276904638275904,1.1439735972320535,2.3740145657919642,26.134574414926355,14.324386211969074,-5.021467047631741,80.02820455074311,85.04967159837486,29.802751889699266,0.512301539131179,-0.39616151944667655,0.00020889465999184147,8882040.20198973,2.6852622484973705,3.060718641614259,1.139821126717507,3.3292141381171736,56.03282724547107,87.36340510497524,-78.69223726242781,214.36931343674655,293.06155069917435,103.78844964954828,0.10899521683685794,-1.4356314888578787,7.955926258921256e-05,107720422.8065682,2.065444798150326,2.5273928370881293,1.2236554757365061,2.95769227012026,105.70175877860545,47.82464455258164,95.0,190.0,95.0,95727.57941327641,58991.87434476651,588799.1920918901,12.532971356360225,False,0,1,1
T1_800doc_250RPM_02-02-2024.csv,800.0,250,34.002318715466934,23.947363755313578,-28.47299443766475,78.90527427524329,107.37826871290804,41.58886760729967,-0.532470125899366,-0.6161783189467851,5.8687548404151255e-05,17296339.088574998,1.8972691206767518,2.1581583510169473,1.1375077618124818,2.3933432050266967,26.95300642044627,13.392039670175311,-2.0887196900695564,80.02820455074311,82.11692424081266,30.09669884934504,0.5373288647369381,-0.3428171848150776,7.773776342306904e-05,9058112.81628167,2.6590359610979286,2.9690686874847088,1.1165959133018892,3.172378221943483,55.607255135739784,82.78482220824407,-73.82410568445921,202.68579764962195,276.5099033340812,99.72709567505632,0.11985128457730775,-1.4248493766289196,-0.00018245142115414238,99454936.11781839,2.0324044962668815,2.5022254336331367,1.2311650747817287,2.9399641077675143,102.1541435254225,46.31921591364525,95.0,190.0,95.0,92026.04305586139,49998.79985877549,546235.2595971397,20.78407756835809,False,0,1,1
T1_800doc_250RPM_02-02-2024.csv,800.0,250,33.59213375821001,21.226792190404087,-22.6159984497726,73.04827828735112,95.66427673712373,39.73673561232821,-0.5254287557166596,-0.564243475469,-0.00023084554923598482,15790081.571240727,1.8383059695695814,2.07850977592016,1.130665846886642,2.301283528330165,27.281571864022563,12.223263475921286,0.8440276674926279,75.14029275417329,74.29626508668066,29.89468737708456,0.5205496034199043,-0.3141456325778118,3.849848990000284e-06,8936923.333736189,2.513499867263079,2.7542508594698742,1.0957831728349945,2.9033691693084718,54.601693969424986,75.52289819429869,-67.00872147530318,196.84403975605963,263.8527612313628,93.19363248633002,0.12154683483620812,-1.4129698644970448,-0.000253563368328117,86850531.35997146,2.1122048202695978,2.617658833682143,1.2393016096554643,3.094806772102352,96.238497138363,43.54199461490176,95.0,190.0,95.0,84447.31200863134,40373.17979397518,482814.4724809824,14.704844760801024,False,0,1,1
T1_800doc_250RPM_02-02-2024.csv,800.0,250,32.70060126753915,17.26432032251875,-16.759000972732903,70.11978029340506,86.87878126613796,36.97818383124186,-0.5625428540060871,-0.2903809359756231,-0.0002232610728296137,13673860.794571169,1.8962472741606842,2.105844419617472,1.1105326021099016,2.3035012001317403,27.371998223758645,9.913328146327627,0.8440276674926279,69.2747985982895,68.43077093079687,29.11185946823422,0.5325415544152315,-0.009574501308580619,-4.793046250264731e-05,8475003.616982182,2.379607481750851,2.5308637693158844,1.0635635451329744,2.6170746933452573,53.07534020638007,62.858582924761016,-57.27245831936597,184.18688577115532,241.45934409052128,82.2690293204681,0.131839876381234,-1.2656527216159073,-0.0004040479656743889,67681931.85332042,2.2388362582191133,2.8208152130333035,1.2599470830783877,3.4243585275224047,86.53035508085645,38.672694192004215,95.0,189.0,95.0,66470.85495473561,37894.333788044074,361397.741300954,12.867658421414783,False,0,1,1
T1_800doc_250RPM_02-02-2024.csv,800.0,250,32.890855921098705,11.688694498019755,-6.021174250356854,61.33428631156683,67.35546056192368,34.90607371633927,-0.7224857756814574,0.5480085961254804,0.00013925558365082298,12184339.822905116,1.7571236114950592,1.8625638613092776,1.060007303484189,1.9511084351654608,27.448249775758025,6.431450524913587,10.619852565526962,60.4765573644638,49.85670479893684,28.19166493144404,0.4814878914560502,0.5206183377787896,2.4581636513227356e-05,7947699.716068117,2.1451928260189512,2.203293756743499,1.0270842462364427,2.233732427079942,51.71606038572146,43.45042454349085,-32.931797458976504,160.81985419690608,193.7516516558826,67.54620858959576,0.14305858679745861,-0.9541742356075908,-5.403855113311621e-05,45624902.94829181,2.3808864709791777,2.925596269635283,1.228784448689855,3.4637462807328343,75.69552903929748,29.08403569292567,95.0,189.0,95.0,40182.32109037547,23287.077092164734,205923.02821189555,8.593258073043513,False,0,0,0
T1_800doc_250RPM_02-02-2024.csv,800.0,250,33.35355863245461,6.975820598480883,4.716652844306082,52.5487923297286,47.832139485422516,34.07523949249334,-0.4115224423198442,0.05521952714569078,-4.1777255878711506e-05,11611219.464707777,1.5421400733311037,1.5755078163862284,1.0216372971769345,1.5947128759817966,26.694240607007263,4.157881252836953,15.507764362096788,42.88007191419601,27.372307552099223,27.016114785392226,0.14908752813291548,-0.247772214684582,-0.0003962522329801573,7298704.580974884,1.5872034989050876,1.6063417028967646,1.0120578136356675,1.6162200534509994,48.00917245413102,27.850216406400516,-10.538390715047717,121.87480157315731,132.41319228820504,55.50238908023539,0.22260418459458292,-0.9654154858622666,-0.0018253330586888543,30805151.93613833,2.1958478471435274,2.532959228623864,1.1535221950459218,2.809073715456535,67.56817582327959,20.150662869902675,94.0,95.0,95.0,27667.050411112425,11638.275773980993,120117.02860916493,3.7135143030941027,False,0,0,0
T1_800doc_250RPM_02-02-2024.csv,800.0,250,25.842741598555527,12.362158325742346,-17.735166970714925,45.715627365559335,63.45079433627426,28.647342840138478,-1.03608130126346,0.6663458301740981,-0.0024545417043344126,8206702.518004332,1.5958068998115271,1.7261661398961552,1.0816886053694994,1.8420288669103935,19.828972226198186,7.7020996648877,-4.043884688317776,37.99216011762619,42.036044805943966,21.272293689097147,-0.41661798170291064,-0.43730697821465236,-0.0020449012402925897,4525104.787952024,1.7859926471915253,1.9149082200077205,1.072181468954486,2.013494813130899,29.069997013727598,24.683077506347136,-15.406522293016312,91.69237984865904,107.09890214167535,38.13553515505547,0.5667188030806604,-0.40825062986680827,-0.00558140210922631,14543190.415624715,2.4043816213892506,3.025730372040437,1.2584235152704966,3.6133646895526885,47.06677021872227,22.632253828023984,94.0,1.0,1.0,52185.10998736778,41605.977110497,110496.68819082862,7.433094656406221,False,0,0,0
T1_800doc_250RPM_02-02-2024.csv,800.0,250,16.64549998581492,12.097035856251514,-17.735166970714925,44.73946136757731,62.474628338292234,20.57695182200705,-0.19977005436013864,-0.5987626350017541,-0.0006281860975169337,4234109.462851992,2.17425115996668,2.5345160272449245,1.1656960676446255,2.862324874509498,12.788227772055686,5.638060591732436,-4.043884688317776,26.26117180585861,30.305056494176384,13.975925614642582,-0.5561994992332921,-0.35901691069810404,-0.000313288623474207,1953264.9678602263,1.8790291627156894,2.0448880441902513,1.088268391340373,2.186966752535017,12.337351004380956,12.505115184155244,-15.406522293016312,43.9846874140203,59.39120970703661,17.566676850625157,0.0249918553374587,-0.9771394711682917,-0.0004486881197968638,3085881.3557428983,2.5038706972317866,3.085285512782026,1.232206405943021,3.6856161094808555,27.325526555635047,13.44028188330869,94.0,94.0,94.0,72846.85576647866,27320.68440185145,78364.76039075392,2.9788790847966733,False,0,0,0
T1_200doc_325RPM_22-01-2024.csv,200.0,325,5.218987844679334,0.9711683972071853,1.7881544780731202,9.597483206503094,7.809328728429974,5.308578169212978,0.3167340498036579,0.9337618743027418,2.1996688023763495e-05,281810.0217864461,1.80791972927206,1.8389548878308961,1.0171662259426375,1.8551457342018027,11.225460485525787,1.8194292132798755,4.953722736164927,16.683539632409815,11.729816896244888,11.371951713502703,-0.4174093523179302,0.2313277267800622,1.5903227602978446e-05,1293212.8577423708,1.467077952204132,1.4862231846899934,1.0130499081232172,1.4966747135376208,15.945664048896742,0.9194841363881636,13.151524290181696,18.98947303123772,5.837948741056023,15.972152423432087,0.026000604223190543,-0.07857839382212717,-4.523656894055084e-06,2551096.5303734746,1.1889113331637786,1.190886310724173,1.0016611647187674,1.1918791597752405,20.261044081667983,1.4498392017517026,891.0,393.0,891.0,3160.840903642078,3975.2693011160163,2980.4710302918393,3.2450870724560454,False,0,0,0
T1_200doc_325RPM_22-01-2024.csv,200.0,325,5.3148473512375505,0.9653073914940026,1.7881544780731202,9.597483206503094,7.809328728429974,5.401797916159929,0.2944693736972882,1.0578699092835864,3.817525879186373e-05,291794.2072702976,1.7767201504875667,1.8057871792438858,1.0163599364527625,1.8209685964945228,11.303659269779764,1.8046671701339654,5.931207415387036,16.683539632409815,10.75233221702278,11.44681337675413,-0.36490934550521487,0.3066526398757241,4.86253158695963e-05,1310295.3648223733,1.4574833259962359,1.475941483570114,1.0126644039383854,1.4859601275904009,15.912582341169994,0.9433294434741918,13.151524290181696,18.98947303123772,5.837948741056023,15.940519038081554,0.03910995590709835,-0.09595800553411094,1.1961787177001384e-05,2541001.4720344045,1.1912706848423367,1.1933621221306743,1.001755635654389,1.1944134279934895,20.300579809941397,1.481743497676749,891.0,393.0,891.0,3117.447451804598,4246.853097236068,2996.9960181594865,4.691939164770232,False,0,0,0
T1_200doc_325RPM_22-01-2024.csv,200.0,325,5.329001759222772,0.993770949761161,1.7881544780731202,9.597483206503094,7.809328728429974,5.4208708203007925,0.3539644982420496,1.10850268975073,-8.734814378895833e-06,293858.4045038859,1.770468901520614,1.8009908121897253,1.0172394503190068,1.8168948992581937,11.29310243621342,1.7263574185156385,5.931207415387036,16.683539632409815,10.75233221702278,11.424293088470439,-0.357120371210394,0.2947312590034019,-6.098924945994836e-07,1305144.7257127343,1.4603564092072432,1.4773211990808621,1.0116168832256698,1.486469933960134,15.943134271343963,0.9336485936153993,13.151524290181696,18.98947303123772,5.837948741056023,15.970448650255962,0.04903874641112541,-0.11629476580277043,2.157934029096922e-05,2550552.3009046246,1.1890381696279628,1.1910752746634778,1.0017132377139353,1.1920988006970648,20.317928341928706,1.4619613552945867,891.0,393.0,891.0,3214.8618977511155,5101.8557319083575,3026.75472130725,3.5580387029502454,False,0,0,0
T1_200doc_325RPM_22-01-2024.csv,200.0,325,5.378981461670032,1.008686021430914,1.7881544780731202,9.597483206503094,7.809328728429974,5.472740543349374,0.4295843987547555,1.1230601319726006,3.59707610861707e-05,299508.89054820006,1.7536886922524075,1.7842566059938283,1.0174306385600058,1.8000703246949508,11.375699910992756,1.6302366237304067,5.931207415387036,15.706054953187705,9.774847537800667,11.491919766266754,-0.4570302452825445,0.39554564986802765,5.018468553761703e-05,1320642.1991431252,1.3667041950023942,1.3806671304690772,1.010216501506135,1.3882010781429097,15.999567772958814,0.8885630994529234,13.151524290181696,18.98947303123772,5.837948741056023,16.024222705117765,0.019799995823845628,-0.12065526269963778,-4.7236579345658525e-07,2567757.1330321166,1.1850479976899548,1.1868741268956153,1.001540974888123,1.1877918804110739,20.41592105760362,1.40747633800405,891.0,393.0,891.0,3258.7220247660184,4992.881760055321,3035.279376778778,3.618730983842406,False,0,0,0
T1_200doc_325RPM_22-01-2024.csv,200.0,325,5.492314343063703,0.9847240939506835,2.764320569126867,10.57364920448512,7.809328635358253,5.57989232729721,0.6734494260426784,1.6507642716394937,-2.9905937030786745e-06,311351.9838423027,1.8949557776873425,1.9251718936733262,1.0159455520502227,1.9404149095660974,11.556143604771755,1.6321449203353742,5.931207415387036,16.683539632409815,10.75233221702278,11.670833391625626,-0.40756296354032895,0.5380031642133534,-1.0340419402128467e-05,1362083.5205508373,1.42950713737213,1.4436943848223605,1.0099245726581758,1.4513182696235776,16.093266844705177,0.9019228436805001,13.151524290181696,18.98947303123772,5.837948741056023,16.11852048268822,0.0696399885756799,-0.17547973592497845,1.709087429610723e-05,2598067.025508396,1.1781151410039767,1.179963845406902,1.0015692051978464,1.1808916761222348,20.618784681531807,1.41984902253119,891.0,393.0,891.0,3221.0546719829244,4650.539752115482,2991.532006539168,6.688515552794188,False,0,0,0
T1_200doc_325RPM_22-01-2024.csv,200.0,325,5.27150558052694,0.9883513551310199,1.7881544780731202,10.57364920448512,8.785494726412,5.3633580420027895,0.5207782677934238,1.6172183100137216,-9.369356348586249e-05,287656.09486715996,1.9714606262864187,2.0058120100535257,1.0174243316397416,2.0234777556806662,11.34510463084057,1.6685267956354883,5.931207415387036,16.683539632409815,10.75233221702278,11.467143530647629,-0.3397582473209962,0.4003008588944681,-9.17353252882795e-05,1314953.8075247377,1.4548993468007616,1.4705496489699377,1.0107569655616315,1.4789469083711095,16.107764416453517,0.8880555473367028,13.151524290181696,18.98947303123772,5.837948741056023,16.1322260445086,0.08934235603053405,-0.1439208663143492,-1.7338082205766326e-05,2602487.171511216,1.177114241943177,1.178901835182084,1.0015186234056226,1.1797983955811921,20.457490683512557,1.4144901287418545,891.0,393.0,891.0,3199.7165698445406,4481.995224351417,3025.753373752198,2.646638062478544,False,0,0,0
T1_200doc_325RPM_22-01-2024.csv,200.0,325,4.883772420087012,0.9153557518646831,1.7881544780731202,9.597483206503094,7.809328728429974,4.968813661597133,0.20324487585084164,0.6613170238361206,-5.146322523208828e-05,246891.09203674307,1.9315441995098206,1.965178223094208,1.01741302300663,1.9828931228122038,11.13015572274053,1.627132157507422,5.931207415387036,16.683539632409815,10.75233221702278,11.248463249282036,-0.3671218983603137,0.35910818449420256,3.163491209071535e-05,1265279.2547044856,1.4831839036745476,1.4989493451850733,1.0106294583372077,1.5074150663575798,16.022043874405885,0.8707702012162802,13.151524290181696,18.98947303123772,5.837948741056023,16.045688849554367,-0.007839350303451672,-0.23019162908847512,1.2868426350153562e-05,2574641.306567133,1.1834626240907762,1.1852091518468564,1.0014757777056305,1.1860872780114953,20.169104298611032,1.3741896239552138,891.0,393.0,891.0,3126.8665480367695,4637.959363794948,3048.202202119503,4.473536311925305,False,0,0,0
T1_200doc_325RPM_22-01-2024.csv,200.0,325,4.824226288300054,0.9485682388931672,1.7881544780731202,9.597483206503094,7.809328728429974,4.916598517731766,0.2623158280761424,0.7511005146006267,3.6538953752078773e-05,241729.409845622,1.9520575397583646,1.9894347057847124,1.019147573913715,2.0091376409963893,11.19369222644262,1.725551250104001,4.953722736164927,16.683539632409815,11.729816896244888,11.325911564949527,-0.35624092346136665,0.27792238631470445,2.3715973741234477e-05,1282762.7277705744,1.4730416652766938,1.4904411605134762,1.0118119505014234,1.4998323716806758,16.018735703737107,0.9022992365052758,13.151524290181696,18.98947303123772,5.837948741056023,16.044127818562778,0.03260450127611295,-0.28628609531974325,1.2545984719112776e-05,2574140.3745838003,1.1835777703832069,1.1854539198625738,1.0015851509941416,1.1863964602087813,20.193020915358826,1.4509161009102758,891.0,393.0,891.0,3075.61376245061,4641.433810661248,2979.0453030872236,5.128909550017473,False,0,0,0
T1_200doc_325RPM_22-01-2024.csv,200.0,325,5.113854759046173,1.065467441102716,1.7881544780731202,9.597483206503094,7.809328728429974,5.223670296321273,0.497933016515826,1.1484536239013226,5.000863486052204e-05,272867.3136466917,1.837306465008338,1.876761006856049,1.0214741212743363,1.897256495385052,11.402091990546978,1.7092882019855788,4.953722736164927,16.683539632409815,11.729816896244888,11.529499898882982,-0.4024618603238367,0.3651511995725114,2.6538991410741407e-05,1329293.6791834268,1.4470306412879343,1.4631998800081139,1.011174081777417,1.4719362104412286,16.114380757605527,0.9157839221598701,13.151524290181696,18.98947303123772,5.837948741056023,16.140381884985675,0.016731709720945332,-0.1912787005605674,1.3393532095100945e-05,2605119.2739317375,1.1765194384218607,1.1784177944458232,1.0016135356220794,1.179372113672069,20.457050412757216,1.4956988621027227,891.0,393.0,891.0,3027.5384063774295,4226.7900327278885,2862.6095852421936,2.3483316904188536,False,0,0,0
T1_200doc_325RPM_22-01-2024.csv,200.0,325,5.227285255839017,1.0323695220944622,1.7881544780731202,9.597483206503094,7.809328728429974,5.328254683858638,0.44684209003570696,1.1102449740275384,-2.874479757849448e-05,283902.9797606152,1.8012433293734276,1.836035865037679,1.019315844282046,1.8540921806900144,11.42516063441935,1.6689189263912507,5.931207415387036,16.683539632409815,10.75233221702278,11.546410087345441,-0.4020474674911436,0.33443751514952647,-6.322907180097458e-05,1333195.8590515254,1.4449114059004826,1.4602455200628963,1.0106124943714851,1.4685016044195829,16.092099254660102,0.9060358590123092,13.151524290181696,18.98947303123772,5.837948741056023,16.11758540848003,-0.017289615849905706,-0.14969124044135373,-3.172145015191897e-05,2597765.593996484,1.1781834902668913,1.18004945972096,1.0015837681222695,1.1809883434529687,20.476476639219904,1.4833569106401772,891.0,393.0,891.0,2731.6457061537612,3744.033687402373,2577.6424479438024,3.026195302573386,False,0,0,0
T1_200doc_325RPM_22-01-2024.csv,200.0,325,5.1926313612632855,1.0323602240672005,1.7881544780731202,9.597483206503094,7.809328728429974,5.294259918648789,0.4670220086800963,1.084321977786722,2.614620670796139e-05,280291.8808621108,1.8128092224366237,1.848288957714144,1.0195716873228564,1.86667005756094,11.319103527636916,1.675140924980954,5.931207415387036,15.706054953187705,9.774847537800667,11.442386192919225,-0.3853850149588293,0.2110106900118085,3.0104107481073048e-05,1309282.0178790851,1.3726205957728401,1.3875705717188234,1.0108915573553419,1.3956141023920177,16.002584046543056,0.9089676873730981,13.151524290181696,18.98947303123772,5.837948741056023,16.028378533818156,0.029301172692979098,-0.23242557212988135,1.800004132571848e-05,2569089.1842336273,1.1847407391316578,1.1866504169581227,1.0016118951289414,1.1876100259154645,20.339469770229485,1.4738649067683662,891.0,393.0,891.0,3100.8440814469086,4130.013321982088,2948.6290006488603,1.9981232728208849,False,0,0,0
T1_200doc_325RPM_22-01-2024.csv,200.0,325,5.285562370776887,1.0685983229179763,2.764320569126867,9.597483206503094,6.833162637376227,5.392501455828798,0.6300157709699148,1.1571835911146406,2.6355757312746795e-05,290790.7195111571,1.779783146118412,1.8157922531699173,1.0202323002833458,1.834142792727438,11.440898135592645,1.7001887755127605,5.931207415387036,16.683539632409815,10.75233221702278,11.566537598667411,-0.3169411363540348,0.253047458719144,4.5208514615751507e-05,1337847.9202138688,1.4423970432026207,1.4582368826890701,1.0109816084004717,1.4667210474851042,16.05463908613827,0.937730678847725,13.151524290181696,18.98947303123772,5.837948741056023,16.082001586003244,0.06872890779808144,-0.25380833823212257,1.6237710625889632e-05,2586307.7501221085,1.1807903966235742,1.1828028602420226,1.0017043360313593,1.1838132370468033,20.47358756390604,1.5254019954705256,891.0,393.0,891.0,3275.857064448342,4701.818279306742,3063.3821011959285,2.5736038937607733,False,0,0,0
T1_200doc_325RPM_22-01-2024.csv,200.0,325,5.475914752445478,1.0830724864150862,2.764320569126867,9.597483206503094,6.833162637376227,5.581996810002616,0.6776562298314998,1.2693796974509555,5.247204679763382e-05,311586.8838687938,1.7193637927748289,1.7526721361425455,1.0193724815584033,1.769547076037855,11.61508593055606,1.6628452934938793,5.931207415387036,17.66102431163192,11.729816896244884,11.73351079789404,-0.23745878109562452,0.4196340555730904,3.228730799485315e-05,1376752.7564429604,1.5051781701007823,1.5205246364274136,1.0101957805603863,1.5286741687577208,16.151451730125974,0.9385599082039537,13.151524290181696,19.962465168386696,6.810940878205001,16.178698578435693,0.09133391234263018,-0.19166598090651243,1.126290879453763e-05,2617502.8769187713,1.2338733595664066,1.235954854209938,1.0016869597089466,1.2369992077914507,20.693937678006588,1.531402984792645,6.0,393.0,891.0,2744.514422511756,4832.993559077521,2026.967028316757,3.217008946468781,False,0,0,0
T1_200doc_325RPM_22-01-2024.csv,200.0,325,5.667633766706693,1.070731972023607,2.764320569126867,9.597483206503094,6.833162637376227,5.7678886491876264,0.7398264677422766,1.3175227871397714,2.9057941119208494e-05,332685.39469427464,1.6639508475696465,1.693384506049326,1.0176890191934875,1.7081563214839917,11.783604312441476,1.5912408139794154,5.931207415387036,17.66102431163192,11.729816896244884,11.89055835191364,-0.15337080982687765,0.5301163932453283,3.698836089822379e-05,1413853.7792026321,1.4852981490805766,1.4987794772593384,1.0090765131479542,1.5058615976567296,16.136759559913095,0.9109103630134968,13.151524290181696,19.962465168386696,6.810940878205001,16.162449281711357,0.09325916583645041,-0.0826796598479933,-1.54752045201458e-05,2612247.66783892,1.235113863031592,1.2370801643458462,1.0015920000358733,1.2380665122027839,20.824774178323988,1.4857538811637687,890.0,393.0,890.0,2956.7211366452284,4483.800445480352,2696.0949912182214,2.099228390300029,False,0,0,0
T1_200doc_325RPM_22-01-2024.csv,200.0,325,5.716051603091826,1.0659597365195737,2.764320569126867,9.597483206503094,6.833162637376227,5.814595092445345,0.7477393306794645,1.2826262363889889,-9.464331727614852e-06,338095.16089089494,1.6505849597287856,1.6790406862862808,1.0172397830173923,1.693293696359636,11.884676245123142,1.5688529202276706,5.931207415387036,17.66102431163192,11.729816896244884,11.987778315296842,-0.1576270721250344,0.5631694221336558,3.4267370554874103e-06,1437068.2893670117,1.4732524949260872,1.4860332706899857,1.0086752106702113,1.492737533565033,16.006476010527415,0.9405713968982914,12.178532895185054,18.98947303123772,6.810940136052665,16.0340870905784,-0.02374615639576727,-0.010586495774907778,-1.4696743693466169e-05,2570919.4882825287,1.1843189402654486,1.1863618836993475,1.0017249943106044,1.1873907387472447,20.793725518390122,1.4930749880347043,890.0,393.0,890.0,2373.55178885846,4434.486111323064,2115.1898330694316,3.020005459324393,False,0,0,0
T1_200doc_325RPM_22-01-2024.csv,200.0,325,5.549224822840169,1.0701654673696053,2.764320569126867,9.597483206503094,6.833162637376227,5.651473282426089,0.6029660919694898,1.2889446630916641,-7.131016803718017e-05,319391.50261975906,1.6982267679381198,1.729517817876222,1.0184257194203186,1.745483204954358,11.800808046225452,1.6254419836848206,5.931207415387036,16.683539632409815,10.75233221702278,11.912226164163632,-0.22853040640718278,0.5264289483897953,-5.43765983157748e-05,1419011.3218618461,1.4005391941432452,1.4137624785572314,1.0094415668403163,1.420760114243749,15.917641896090007,0.9446637119306668,12.178532895185054,18.98947303123772,6.810940136052665,15.945648718719427,0.00921555857149904,-0.10082884466280273,-1.3677793320824529e-05,2542637.130607985,1.1908874556445601,1.1929828020507405,1.0017594831453207,1.1940370413083685,20.636712241738877,1.4933530596023952,890.0,393.0,890.0,2608.3659175631383,4480.028876450926,2400.066314320711,3.112220193978612,False,0,0,0
T1_200doc_325RPM_22-01-2024.csv,200.0,325,5.445751218435633,1.0656945726863236,1.7881544780731202,9.597483206503094,7.809328728429974,5.549045977043825,0.4714892629613075,1.1698401871725537,2.1589960410805395e-05,307919.1125534626,1.7295735602493632,1.7623800319802534,1.0189679540002683,1.779362136068125,11.900902488263258,1.6451124567276127,4.953722736164927,16.683539632409815,11.729816896244888,12.01406987787365,-0.4416009463261514,0.7428488924207177,6.043149448232764e-05,1443378.7503043097,1.3886667717103878,1.4018718033244304,1.0095091435058812,1.4089841477794562,16.019222199026423,0.9123955224954308,13.151524290181696,18.98947303123772,5.837948741056023,16.045184494148103,0.0633880440974249,-0.09618080282286989,3.9097225240677254e-05,2574479.4545125067,1.183499824396749,1.1854179182552205,1.0016206963608543,1.1863809814677844,20.745997495002346,1.4769291365479535,891.0,393.0,891.0,2437.1850402641508,4411.205372090182,2240.218374157047,2.5999085762277443,False,0,0,0
T1_200doc_325RPM_22-01-2024.csv,200.0,325,5.503052167850187,1.1094884839853378,1.7881544780731202,9.597483206503094,7.809328728429974,5.613781956771809,0.6174256725229329,1.2592907911169826,-4.614305025038939e-06,315145.47858176724,1.7096287815250493,1.744029115801101,1.0201215226649176,1.7616228891505115,11.923384628876917,1.7221628562085003,4.953722736164927,17.66102431163192,12.707301575466992,12.047113592535041,-0.5094437476994383,0.6933210170697119,-6.826740107308984e-05,1451329.4591144256,1.4659963298242262,1.4812089739065508,1.0103770001144194,1.4894834887365946,16.11613214211652,0.9370570899353248,13.151524290181696,19.962465168386696,6.810940878205001,16.143351300518713,0.03660527438413101,-0.07143282188657141,-2.4828969122500295e-06,2606077.9121195925,1.236575033075398,1.2386635324376933,1.0016889386462067,1.2397132283137617,20.853508682152903,1.5448173435562218,891.0,393.0,891.0,2658.8954086231965,4127.677714502571,2401.777411086064,3.728375185979263,False,0,0,0
T1_200doc_325RPM_22-01-2024.csv,200.0,325,5.4453607549682,1.1136158585892635,1.7881544780731202,9.597483206503094,7.809328728429974,5.558065673617876,0.6503280104728482,1.366680726579153,-1.8557313205161505e-05,308920.9403224933,1.7267667872401848,1.7625064046944199,1.0206974200096564,1.780768432762551,11.555557092566088,1.783028419412563,5.931207415387036,17.66102431163192,11.729816896244884,11.692309013363754,-0.29825507040925736,0.24601324325872964,-6.62185204114179e-05,1367100.900639873,1.5104821717802879,1.5283576698343342,1.0118342992641731,1.5379613793270774,15.965610372123097,0.9601503398317478,12.178532895185054,19.962465168386696,7.783932273201643,15.994455390213309,-0.012932431257250677,-0.09188314662980535,-2.6126594212770846e-05,2558226.032295236,1.2480865825916982,1.2503414966985757,1.001806696857677,1.2514769728811836,20.515358602203687,1.5952582075474013,891.0,393.0,891.0,2376.6566390962885,4449.759168586596,2198.869186192087,2.6565162174869963,False,0,0,0
T1_200doc_325RPM_22-01-2024.csv,200.0,325,5.482747914636111,1.0748864828254112,1.7881544780731202,10.57364920448512,8.785494726412,5.587119619840567,0.6456020937642122,1.4198230507921146,3.242831523690358e-05,312159.05646407395,1.8925045325567682,1.9285309791936498,1.0190363859198848,1.946874510411497,11.496712519201278,1.7163364890282513,5.931207415387036,18.638508990854028,12.707301575466992,11.624121889103247,-0.3746053415215293,0.419237508072539,4.223970379865742e-05,1351202.0969272924,1.6034337190085945,1.6212033622415845,1.0110822437013343,1.6307805229118568,15.860916497835918,0.9106715293348856,12.178532895185054,18.98947303123772,6.810940136052665,15.887038578214153,8.1646788349804e-05,-0.08718232109610513,2.675228578418029e-06,2523979.9478566474,1.1952808534926027,1.1972494170704868,1.0016469464662903,1.1982397357574563,20.406308202771964,1.522069531356218,891.0,393.0,891.0,2604.073218599775,5091.5167490640215,2412.68490746821,3.1895660634704583,False,0,0,0
T1_200doc_325RPM_22-01-2024.csv,200.0,325,5.462443661012516,1.0419419292881429,2.764320569126867,10.57364920448512,7.809328635358253,5.5609292149554035,0.6655619868865033,1.5842489014065002,-4.6847818291154e-05,309239.33733744523,1.9014176940157144,1.9356994526008884,1.0180295779791406,1.953088120710351,11.581851448032841,1.7360612667339304,4.953722736164927,18.638508990854028,13.6847862546891,11.711242106888331,-0.47365820475053844,0.6282527042847703,-2.6463394515886895e-05,1371531.9168615425,1.5915057361756024,1.609285792904877,1.011171845834499,1.6189665940477813,16.018735703032064,0.9408226907055024,13.151524290181696,18.98947303123772,5.837948741056023,16.04634041951437,0.005499335074710133,-0.22001759312107882,3.5075853556577786e-05,2574850.408589405,1.1834145689782407,1.18545391991475,1.0017232768549318,1.1864798230432376,20.573152533794175,1.5190658642987025,891.0,393.0,891.0,2389.328227042174,4674.619074312347,2211.5852733128954,1.9389767767469446,False,0,0,0
T1_200doc_325RPM_22-01-2024.csv,200.0,325,5.4806003477745655,1.0668995991747927,2.764320569126867,9.597483206503094,6.833162637376227,5.583480538763077,0.5497623394497849,1.2938531502876165,4.631931717787524e-05,311752.5492674602,1.7189068968491918,1.751173703151009,1.018771700992627,1.7677430940735162,11.694555444743909,1.676409170976685,4.953722736164927,17.66102431163192,12.707301575466992,11.814100674986825,-0.4966243628102911,0.6512913049287734,5.9516352383196296e-05,1395729.7475872415,1.494910598571788,1.5101920201310113,1.0102222979580335,1.5184819980810573,16.253907723610936,0.9618194672303051,13.151524290181696,18.98947303123772,5.837948741056023,16.282340525096583,-0.08943154282643456,-0.1427685711583826,4.0476732515844473e-05,2651146.129752025,1.166261877521142,1.1683020079936233,1.001749290199571,1.1693313947413166,20.820600639777286,1.537995988154146,891.0,393.0,891.0,2170.8716171817227,4140.159443342426,2033.8789608139455,1.9376324829067775,False,0,0,0
T1_200doc_325RPM_22-01-2024.csv,200.0,325,5.509592478770891,1.095947475831042,1.7881544780731202,9.597483206503094,7.809328728429974,5.617535950210662,0.5181714421530963,1.1695861556164768,-1.2452108843374228e-05,315567.10151909204,1.708486299254245,1.7419588188206891,1.0195919157098625,1.759234814297123,11.763859120280914,1.5997669822332832,5.931207415387036,16.683539632409815,10.75233221702278,11.87213695167219,-0.41239035080570996,0.5752946028312169,-4.300936495908299e-06,1409476.3579926023,1.4052684618045903,1.4182029435941954,1.0092042781441173,1.4251292348317663,16.27093507343156,0.9244770105813314,13.151524290181696,18.98947303123772,5.837948741056023,16.297177237390493,-0.006353792542194436,-0.17536160557000713,-9.280493255202358e-06,2655979.8590691877,1.1652001297298473,1.167079393134891,1.0016128245758773,1.1680247467892988,20.87657839442807,1.5069195066051904,891.0,393.0,891.0,3070.7127728046003,4318.721728509794,2778.0478324364412,2.4385113336148776,False,0,0,0
T1_200doc_325RPM_22-01-2024.csv,200.0,325,5.333394505050294,1.0745938080277757,1.7881544780731202,9.597483206503094,7.809328728429974,5.440574307805409,0.47473355888174695,1.2020388410061962,-2.1367061267195277e-05,295998.4879875231,1.7640570027200817,1.7995074614141242,1.020095982521755,1.8179166881283666,11.696901408495947,1.6651698831373567,5.931207415387036,17.66102431163192,11.729816896244884,11.814833612869128,-0.26575584757088094,0.5223522138250796,-6.38206095527222e-06,1395902.9329978218,1.4948178612007634,1.5098891317322707,1.0100823457644537,1.5179094694907618,16.210706906007054,0.9317047723191803,13.151524290181696,18.98947303123772,5.837948741056023,16.23745953575334,0.013344348877975781,-0.20651899080341707,-2.6070934916434183e-06,2636550.9217522712,1.1694854721223296,1.171415481221301,1.0016503061773558,1.1723859096545928,20.749451154357697,1.5183909465897283,891.0,393.0,891.0,2445.6476531843086,4144.787027813146,2245.99998167657,2.6535893561042028,False,0,0,0
T1_400doc_325RPM_22-01-2024.csv,400.0,325,13.73545141980628,1.1431898308432238,10.57364920448512,17.406811934933067,6.833162730447947,13.782942671839049,0.05553491532085364,-0.19864492720444504,6.570805830324234e-05,1899695.0869520172,1.2629242063451527,1.267290852183624,1.0034575676169104,1.2694966972214068,15.274202220192546,1.7442591091463764,7.886176773831249,21.57096302852035,13.6847862546891,15.373473690196858,-0.030378404963811213,-0.09922601580098611,0.00012095082758846832,2363436.93303175,1.4031287569233895,1.4122480976455494,1.006499290016802,1.4169292708661148,29.940686753314083,1.2302374416824222,25.80041353836656,34.55733757764101,8.756924039274448,29.965950801250983,-0.04579267761425917,0.056218763362659185,7.332884179339767e-05,8979582.074229944,1.1532201266311346,1.154193217489105,1.0008438032215177,1.1546817797375548,36.35194324518018,1.6755989139917142,932.0,393.0,932.0,3044.5658372006283,3718.4906478351168,2974.9094376565777,2.0717368702026704,False,0,0,0
T1_400doc_325RPM_22-01-2024.csv,400.0,325,14.118791879214104,1.1582511218972424,10.57364920448512,18.382977932915093,7.809328728429973,14.166221436570105,-0.03412447558680035,-0.1804460849590206,5.259219757965704e-05,2006818.2978993838,1.2976627546890824,1.3020220207352717,1.0033593212338392,1.3042317861770223,15.844857776891665,1.7847157178362814,9.841146132275462,21.57096302852035,11.729816896244888,15.945053407355402,-0.1293312785187407,-0.11562760055197474,4.525593036850952e-05,2542447.2816341612,1.3528310302535413,1.3613857146751867,1.0063235424308992,1.3657985299742463,30.193956488240662,1.212052396506901,25.80041353836656,35.530328972637655,9.729915434271096,30.21827393193808,0.010923907436277651,0.278940593111491,7.409538189962321e-06,9131440.794256484,1.1757894925654637,1.1767364434824994,1.000805374536023,1.1772113095868688,36.95115975952641,1.6378125060455153,932.0,393.0,6.0,2684.7482982307847,4537.35200169084,2787.914621346398,3.887385960917008,False,0,0,0
T1_400doc_325RPM_22-01-2024.csv,400.0,325,14.122696548492508,1.1244932142769632,10.57364920448512,18.382977932915093,7.809328728429973,14.167393648436438,-0.01118029995372246,-0.16000366930926813,-9.188287531423509e-05,2007150.4278975711,1.297555385915595,1.301662035277345,1.003164912578165,1.3037403153162634,15.79158486217229,1.8431338089585894,9.841146132275462,21.57096302852035,11.729816896244888,15.89878280551424,-0.0390915723399931,-0.21903820429450516,-0.0001400844393759194,2527712.946969153,1.3567682062452482,1.3659783496583793,1.0067882954293421,1.3707107766574413,30.349635172890338,1.2214049714927637,25.80041353836656,35.530328972637655,9.729915434271096,30.374202627096725,0.10490413865689514,0.44440855754940545,3.064988788528057e-05,9225921.852319296,1.1697534716826168,1.1707003649379926,1.0008094810387813,1.171174346045876,37.05867248973574,1.6532743320772485,932.0,393.0,932.0,2803.0622491341524,4904.378885230596,2808.7033416269696,3.293661067117848,False,0,0,0
T1_400doc_325RPM_22-01-2024.csv,400.0,325,14.097999543978291,1.1241653660930857,10.57364920448512,18.382977932915093,7.809328728429973,14.142748633569617,-0.02447988572847847,-0.16967821820374773,7.075368256243983e-05,2000173.3891233527,1.2998164931872402,1.3039422987332308,1.0031741446331965,1.3060314246927898,15.663338872332911,1.8268219288775716,9.841146132275462,21.57096302852035,11.729816896244888,15.769510550088837,0.04664571275106239,-0.24794715583694948,6.22755359461235e-05,2486774.6298936317,1.3678904592507362,1.3771625069430393,1.0067783554082115,1.3819011169192774,30.29495302754758,1.205083795205021,25.80041353836656,35.530328972637655,9.729915434271096,30.318911687176048,0.1836026796607412,0.5018052443107233,-2.69531954134618e-05,9192364.058947803,1.1718866870695057,1.1728134696340173,1.000790846567964,1.17327664187495,36.948008214388196,1.6661022735658337,932.0,393.0,932.0,2744.3008405622763,4834.174401818833,2777.485374185141,3.5715053328316504,False,0,0,0
T1_400doc_325RPM_22-01-2024.csv,400.0,325,14.278492668277265,1.1291495187033074,10.57364920448512,18.382977932915093,7.809328728429973,14.323069905353233,0.042864678577496755,-0.14223768854417962,3.274748111095907e-05,2051503.3151363549,1.2834523642200806,1.2874592829925824,1.0031219847999087,1.2894824414422348,15.80018672772224,1.749295152857206,9.841146132275462,21.57096302852035,11.729816896244888,15.89672715255249,0.026375519743914905,-0.2430640211266386,4.482776254534334e-05,2527059.341626996,1.3569436539682171,1.365234689959264,1.0061100812600439,1.3694670383313123,30.089846361923566,1.1908034396113958,25.80041353836656,35.530328972637655,9.729915434271096,30.11340012213757,0.20453907995604514,0.4471849327931645,-2.843562208667383e-06,9068168.66915955,1.1798843315112026,1.1808079225555173,1.0007827810062802,1.1812692879158204,36.90400047941536,1.6636950464555984,932.0,393.0,6.0,2365.3200855788637,5313.471066039972,2668.4125589838445,6.678570637634696,False,0,0,0
T1_400doc_325RPM_22-01-2024.csv,400.0,325,14.461035735885526,1.1340288935652492,10.57364920448512,18.382977932915093,7.809328728429973,14.505432640428175,0.017583377597069086,-0.057339502997459046,5.752660668731982e-05,2104075.760859991,1.267316762526599,1.2712075586188576,1.0030701054442785,1.2731741089572195,15.891874790484156,1.7204735559170024,9.841146132275462,21.57096302852035,11.729816896244888,15.984733767349253,0.02528318374858056,-0.12389510241489132,3.612910674398919e-05,2555117.1361303544,1.3494727746158428,1.357357977765893,1.0058431731994704,1.361381594892598,30.36092188153284,1.2831668429925722,25.80041353836656,35.530328972637655,9.729915434271096,30.388025514065482,0.29495582316474833,0.4999301616288707,0.00010274310837292816,9234320.946434947,1.169221374919275,1.1702651556917687,1.0008927144122435,1.1707856538281949,37.233178691831036,1.744072488375712,6.0,393.0,6.0,2675.96996183241,3707.265007837793,2847.160377896215,4.137251577396413,False,0,0,0
T1_400doc_325RPM_22-01-2024.csv,400.0,325,14.828074184111387,1.1214109354727517,10.57364920448512,18.382977932915093,7.809328728429973,14.870418504390132,-0.03078121784041486,0.0327070615706182,3.997594991349221e-05,2211293.4649570845,1.2362112019569564,1.2397414326813165,1.0028556857588504,1.241527981651708,16.250611668206016,1.7950993429885247,9.841146132275462,22.548449198901658,12.707303066626196,16.349457521337865,0.09960016354386278,-0.03621839230859747,4.789984848901829e-05,2673047.612420313,1.3791558019263586,1.3875446450435605,1.0060825927755839,1.3918123830419473,30.910662266694235,1.3068354610096133,25.80041353836656,35.530328972637655,9.729915434271096,30.938275011509397,0.27130893750131974,0.6334009518706338,9.144225368172074e-05,9571768.606877867,1.1484263088171516,1.1494522073349764,1.0008933080946931,1.1499640879556714,37.980500053567404,1.7585744529286185,931.0,393.0,3.0,2694.255311677002,3668.035546139885,3044.119989547097,1.6501155559690723,False,0,0,0
T1_400doc_325RPM_22-01-2024.csv,400.0,325,15.08207258840166,1.1319981688105472,11.549815202467144,19.35914393089712,7.809328728429975,15.124494484643352,0.011478022609358951,0.08327846519230597,-3.956254994355748e-06,2287503.334160072,1.2799861807317539,1.283586444596785,1.0028127365117123,1.2854052827249118,16.535548453914096,1.8432982158746198,9.841146132275462,23.52593387812376,13.684787745848297,16.637971961281437,0.11876727847520609,0.09187749391029332,-3.082714177063969e-05,2768221.109843873,1.413990475093445,1.422748930505234,1.0061941403185266,1.4272040397161463,31.43257508118609,1.3702846782294433,26.7734049333632,37.476311762630935,10.702906829267736,31.46242928214207,0.5328641107925177,0.8949520404441316,9.7849361815685e-05,9898844.563337909,1.1911448867014955,1.1922762187264229,1.0009497854018918,1.1928375726704596,38.63093754910168,1.7628286393157007,931.0,393.0,931.0,3076.1563047539407,4506.278677322944,3360.3456194178475,5.753527427963643,False,0,0,0
T1_400doc_325RPM_22-01-2024.csv,400.0,325,14.91300062690377,1.153862929606741,10.57364920448512,19.35914393089712,8.785494726411999,14.957572910012937,0.024019833203268937,0.07756347439430433,-9.654575060439796e-05,2237289.8735835287,1.2942704038525976,1.2981387458652884,1.0029888205750328,1.3000933182149805,16.3770981870394,1.7755324505631331,9.841146132275462,23.52593387812376,13.684787745848297,16.47306469698131,0.1352231351951081,0.17763692826645316,-8.201696980179613e-05,2713618.605109319,1.428145540060611,1.4365141864229551,1.0058597993885057,1.4407634513381542,31.463613507428633,1.3372687798516243,26.7734049333632,37.476311762630935,10.702906829267736,31.492019032358204,0.6366191010603088,0.9412219623978286,-8.6458395797799e-05,9917472.627344113,1.1900256926722876,1.1911000544734853,1.0009028055510174,1.191632009879259,38.52013296652846,1.7428329939107088,931.0,393.0,931.0,2982.995890104807,3648.011869501243,3277.2596474066213,2.494410130300844,False,0,0,0
T1_400doc_325RPM_22-01-2024.csv,400.0,325,14.702929682470943,1.1840029441121493,9.597483206503094,18.382977932915093,8.785494726411999,14.750525557394601,-0.04013786518148147,-0.0684820998903839,3.9828880122980456e-05,2175780.042193513,1.2462591831990355,1.250293535364694,1.0032371694588462,1.2523387036084952,16.335750583542588,1.7180961999324957,10.81863155707717,21.57096302852035,10.75233147144318,16.42585162723487,-0.017444357054480917,-0.16247479985668178,9.601218239632344e-05,2698086.0167993447,1.3132325506188447,1.320475782132225,1.0055155741532351,1.3241754222358677,31.009226324841915,1.3024681243118368,26.7734049333632,35.530328972637655,8.756924039274455,31.03656779478229,0.4305193475703848,0.6852274681255932,-2.7437366413663176e-05,9632685.404801173,1.144789243693719,1.1457986278159356,1.000881720480671,1.146300574560777,38.04810266519803,1.731193217972429,6.0,202.0,931.0,3459.1707738200053,3330.5501491001723,3101.6849943157044,2.897305567499997,False,0,0,0
T1_400doc_325RPM_22-01-2024.csv,400.0,325,14.9753776273992,1.2056008029353302,9.597483206503094,19.35914393089712,9.761660724394025,15.02382802015674,-0.0916754801884339,-0.014776534276271569,9.975048669775635e-05,2257154.083792468,1.2885626689099408,1.2927316033404932,1.0032353369619806,1.2948496695759568,16.628800490820723,1.6723457419595986,10.81863155707717,23.52593387812376,12.707302321046589,16.71268219180183,0.013243782442461752,-0.03486813604237016,9.137094050121888e-05,2793137.4604416993,1.4076695534642594,1.4147703492570212,1.0050443627023735,1.4183864254852672,31.109249901994644,1.3737740136126217,26.7734049333632,36.503320367634295,9.729915434271096,31.139567827849366,0.3839169210515758,0.6329318313651324,0.00011900132406716393,9696726.845052313,1.1722487790915297,1.1733912094516235,1.0009745630624407,1.1739598459786404,38.35973769091785,1.7978774186871438,6.0,393.0,6.0,3118.07078225832,3197.6607919236353,3302.401019176478,2.5700292643153584,False,0,0,0
T1_400doc_325RPM_22-01-2024.csv,400.0,325,15.002222203437853,1.1281595938218352,11.549815202467144,19.35914393089712,7.809328728429975,15.044580921729127,-0.02774666673836714,-0.031623304006377584,-7.85241002681581e-05,2263394.15110456,1.286785190735117,1.2904184239092826,1.0028234962605451,1.2922563434027199,16.50378020079556,1.74526346084154,10.81863155707717,23.52593387812376,12.707302321046589,16.595803851092004,0.020568600619154446,0.060462449221985626,-3.7957538987251995e-05,2754207.0546392025,1.4175832691934203,1.425487590836292,1.0055759134681161,1.4295205867420846,31.437537350214015,1.3996205414134235,25.80041353836656,36.503320367634295,10.702906829267736,31.468677956120878,0.37273493314355804,0.7858482953758514,1.9946228183508877e-05,9902776.92306048,1.15998900298683,1.161138035749667,1.0009905548758466,1.1617101663780576,38.5863154219455,1.7703319006770646,931.0,393.0,931.0,3184.4868005358167,3419.6731293837533,3539.666523958386,1.9534396349953158,False,0,0,0
T1_400doc_325RPM_22-01-2024.csv,400.0,325,15.015888527856346,1.1829060427836726,11.549815202467144,19.35914393089712,7.809328728429975,15.062409335397241,0.1345918233904352,0.03660050793558689,6.589163618520526e-05,2268761.7498706197,1.2852621051402704,1.289243982797521,1.003098105546974,1.2912475760086617,16.4858922311658,1.7695753638262581,10.81863155707717,23.52593387812376,12.707302321046589,16.580592257994695,0.006284534820806556,-0.06759766318463889,7.567977737084122e-05,2749160.396258737,1.4188838077711137,1.4270343120191635,1.0057443070415,1.4311969960074644,31.27903696944173,1.398645675876398,25.80041353836656,36.503320367634295,10.702906829267736,31.31029165406081,0.41266917594994934,0.7354412243428534,-4.682127245012216e-05,9803343.6346235,1.1658569256061202,1.1670218748517247,1.0009992214482055,1.1676013821382685,38.456786804755204,1.789448722062566,931.0,393.0,6.0,3045.734338357397,3620.620412027584,3583.336278468302,3.102948343857912,False,0,0,0
T1_400doc_325RPM_22-01-2024.csv,400.0,325,15.435347074910078,1.1923682478939415,11.549815202467144,19.35914393089712,7.809328728429975,15.481333319889497,0.12496113829149927,-0.08495428475720734,4.905017662515306e-05,2396716.8136152076,1.2504829868901306,1.254208527799489,1.0029792815643368,1.2560828019585801,16.714232655959982,1.7546364865165343,10.81863155707717,25.48090323656798,14.662271679490809,16.806079925948648,0.20719707538584745,0.2666394193100592,-3.9448415890696914e-05,2824443.2247737413,1.5161717276629973,1.5245033236678063,1.0054951532552656,1.5287128444083466,31.30851861405362,1.3597813771575087,26.7734049333632,36.503320367634295,9.729915434271096,31.338033492869435,0.49160965409658075,0.741185826808497,7.60954595111417e-05,9820723.432002064,1.1648248565418169,1.1659229495211203,1.0009427108059519,1.1664682675101021,38.74315340467382,1.776629196262719,931.0,192.0,6.0,2356.721233273558,3507.944518619301,2868.7854218851976,2.5731208166255524,False,0,0,0
T1_400doc_325RPM_22-01-2024.csv,400.0,325,15.498114551781992,1.138270648986021,11.549815202467144,19.35914393089712,7.809328728429975,15.539858903172183,0.08456302224719003,-0.04140258716748235,-5.5882296899554175e-05,2414872.1473049973,1.2457734688276543,1.2491289741222864,1.0026935116043125,1.2508184321042357,16.626650028254332,1.8080594157552554,10.81863155707717,25.48090323656798,14.662271679490809,16.72466950384823,0.14277646194586216,0.2217494762423864,-6.320922551299392e-05,2797145.70012951,1.5235519739690522,1.5325338052624708,1.0058953231966348,1.5370929848350785,31.354443833130645,1.373695159266621,27.746396328359843,36.503320367634295,8.756924039274452,31.384521447292084,0.49789444334080674,0.7211224881104097,-7.882049543134453e-05,9849881.864755368,1.1630994733801772,1.1642152085971014,1.000959277553176,1.1647691889255678,38.76899726088097,1.7761820303084848,931.0,203.0,931.0,2805.19941926711,3201.724055732796,2963.90537200662,2.9472008661301627,False,0,0,0
T1_400doc_325RPM_22-01-2024.csv,400.0,325,15.355399080643297,1.1331928461649798,11.549815202467144,19.35914393089712,7.809328728429975,15.397155807239871,0.10527471249453155,-0.05170677616470121,1.894758752616103e-05,2370724.069524205,1.2573194798609681,1.2607385733986465,1.0027193514396648,1.262458819948602,16.583445201406587,1.7218481388261868,10.81863155707717,22.548449198901658,11.729817641824487,16.672594751904523,0.02270276049300444,-0.06644440365782378,3.693603026224653e-05,2779754.157612343,1.3524259141682748,1.3596963070731,1.0053758160270807,1.363401319596368,31.38801204664816,1.4134515799101914,27.746396328359843,36.503320367634295,8.756924039274452,31.419820903520133,0.5346004095412621,0.6878696048816795,8.434579273465723e-05,9872051.456092807,1.161792757499284,1.16297012736531,1.0010134078203072,1.1635541580949331,38.716123883737346,1.8206371802305255,931.0,393.0,6.0,3046.7089667895375,3128.287954559715,3328.6900396023607,2.0830662926249492,False,0,0,0
T1_400doc_325RPM_22-01-2024.csv,400.0,325,15.257196781246305,1.1006269010639291,11.549815202467144,19.35914393089712,7.809328728429975,15.296843896602274,0.15677833292989582,0.0033902548033428737,-2.045154668417054e-05,2339934.3319701822,1.2655645871627912,1.2688532637065286,1.002598584518796,1.270504268466021,16.612867493382602,1.7192265394532402,10.81863155707717,23.52593387812376,12.707302321046589,16.70158993169958,0.1893906573696474,0.17665771536275665,2.224452421851647e-05,2789431.062466488,1.40860444869812,1.4161272211130822,1.0053405854439228,1.419928918687745,31.56587493317416,1.4354018812830633,27.746396328359843,36.503320367634295,8.756924039274452,31.598494249846528,0.6434600041796104,0.590211354182768,2.505395759899141e-05,9984648.38857584,1.1552234128311853,1.156417189287889,1.0010333728034284,1.1570078136337172,38.83324505594249,1.8386018400862967,931.0,6.0,931.0,3177.4785033123335,3277.1045151379594,3547.51101272045,1.5890114886355495,True,0,0,0
T1_400doc_325RPM_22-01-2024.csv,400.0,325,15.144059138804064,1.1126905411862644,11.549815202467144,19.35914393089712,7.809328728429975,15.184880883301004,0.16182855924106535,-0.0929151393432841,1.5640753186655034e-06,2305806.0744004026,1.2748960021271292,1.278332562852493,1.0026955616141475,1.2800576347727788,16.69292349069852,1.7669256805287805,11.796116236299277,23.52593387812376,11.729817641824482,16.786176486228975,0.2118192783353789,0.1355423697059286,5.444246411902419e-05,2817757.2102682646,1.4015064060254543,1.4093357518371583,1.0055863788977657,1.4132895007171473,31.35025994326624,1.3880827939235245,27.746396328359843,37.476311762630935,9.729915434271092,31.38097468774911,0.6757236352326957,0.901728104439175,-3.734579868553781e-05,9847655.723531503,1.1942367034654726,1.195406731250422,1.0009797285425528,1.195985387343999,38.65142307103257,1.785887847561761,931.0,393.0,931.0,2892.820955196082,3685.824092285906,3101.7418241519613,2.6377019025219397,False,0,0,0
T1_400doc_325RPM_22-01-2024.csv,400.0,325,15.273986831348495,1.1771250897553494,11.549815202467144,19.35914393089712,7.809328728429975,15.319278612295642,0.1340301285504022,-0.08941063618690448,6.198283903881636e-05,2346802.9720113873,1.263711198212622,1.2674584667811946,1.0029652887256777,1.2693428894435566,16.855381441179237,1.7177313511453558,9.841146132275462,23.52593387812376,13.684787745848297,16.94268232961821,0.02294323082111854,0.01955432445549654,3.820850355324162e-05,2870544.845223572,1.3885601713134343,1.3957520902284508,1.005179407463642,1.3994152972029785,31.23953348704074,1.3125230545018618,27.746396328359843,37.476311762630935,9.729915434271092,31.2670940328093,0.5771169713506464,0.9624207899003401,3.722264607312534e-05,9776311.692565389,1.1985863388297664,1.1996437711906751,1.000882232949477,1.2001680500885268,38.68303978698384,1.7286942525096203,931.0,393.0,931.0,2739.0640342665383,3511.8356284839933,2933.2292892412615,3.0668172908093605,False,0,0,0
T1_400doc_325RPM_22-01-2024.csv,400.0,325,15.340658973180279,1.1342042871876523,11.549815202467144,19.35914393089712,7.809328728429975,15.382530256641507,0.11297998056313097,-0.07439770814203017,-1.77660951622832e-05,2366222.3709649146,1.258514926212395,1.2619499569570163,1.0027294318669382,1.26367765739106,16.783927310382524,1.7660723828076654,9.841146132275462,22.548449198901658,12.707303066626196,16.876588151090264,0.0019447437085850178,-0.013635353955790297,-3.6992444086499386e-05,2848192.276215203,1.3360786550594932,1.343454888830054,1.0055208080322429,1.3472208959114722,31.350843753391572,1.3192490886264905,27.746396328359843,36.503320367634295,8.756924039274452,31.378588594890843,0.5976186398997944,0.9139189701846488,3.5256079327325744e-05,9846158.222074136,1.1633193844027094,1.1643488977449075,1.0008849791003238,1.1648590961094822,38.76917033136338,1.734565865903902,931.0,393.0,931.0,3032.492491837729,3449.4409653733137,3253.8894621526924,2.4437493579682354,False,0,0,0
T1_400doc_325RPM_22-01-2024.csv,400.0,325,15.36682021991585,1.165991787102349,11.549815202467144,19.35914393089712,7.809328728429975,15.410992846627524,0.05497455622465013,-0.10776806043649811,3.91903064439363e-05,2374987.005188047,1.2561905727659586,1.2598015499528719,1.002874545682159,1.2616225017900211,16.7340755931588,1.8031948809494522,10.81863155707717,23.52593387812376,12.707302321046589,16.830947618486466,0.09426317159837767,-0.08526641903052656,4.408431501343231e-05,2832807.977362353,1.3977783314044527,1.4058699416740772,1.0057889080749265,1.4099827321345684,31.365925121646757,1.334737673325489,27.746396328359843,36.503320367634295,8.756924039274452,31.39431132217023,0.624639357992418,0.9162195952943404,-5.609894448059115e-06,9856027.833933458,1.162736777151603,1.163789055354278,1.0009050012207,1.1643102004718138,38.771053568968746,1.7854094209849403,931.0,393.0,931.0,3135.3235271095155,3890.132246095568,3402.4440240573736,1.512438722172302,False,0,0,0
T1_400doc_325RPM_22-01-2024.csv,400.0,325,15.48122687629403,1.1785559418880733,11.549815202467144,19.35914393089712,7.809328728429975,15.526022662080857,0.03884408898079827,-0.053221599653940466,6.977311830670133e-06,2410573.7970344834,1.2468836579878166,1.2504915847813867,1.0028935552811657,1.252312431493788,17.03230616893858,1.8448048940940251,10.81863155707717,23.52593387812376,12.707302321046589,17.131922207672332,-0.001022511090582668,-0.15246715682807244,7.302662176249539e-05,2935027.5852973647,1.3732220817339424,1.3812535803887471,1.0058486524223842,1.3853575393916402,31.196916447612537,1.3206393060791575,26.7734049333632,36.503320367634295,9.729915434271096,31.224856829392813,0.5693224849875697,0.8660861942478069,-1.971283875945236e-05,9749916.84016079,1.1690468451811353,1.17009385940218,1.000895613572168,1.1706130141785873,38.81290595955381,1.7635626510267746,6.0,393.0,6.0,3009.526402200337,5239.452265141066,3368.5248325714406,4.570828356569834,False,0,0,0
T1_400doc_325RPM_22-01-2024.csv,400.0,325,15.526325750612816,1.1597012599403511,11.549815202467144,19.35914393089712,7.809328728429975,15.569576048385194,0.1616033327692655,-0.11991984580465065,1.6561710465451664e-05,2424116.9832644993,1.2433957013816674,1.2468593176420393,1.002785610611749,1.2485983228180308,17.09447419468622,1.9504344041969885,10.81863155707717,22.548449198901658,11.729817641824487,17.205384109570712,-0.14758994209350285,-0.098125820804293,-5.838418725053819e-05,2960252.423578684,1.310546109014724,1.31904900625202,1.0064880565275864,1.3234432795367304,31.193510980698658,1.3574432540444257,26.7734049333632,36.503320367634295,9.729915434271096,31.22303283620793,0.5010662099169608,0.7124504584332843,5.0653149619265346e-05,9748777.794909187,1.1691151387863594,1.170221601224086,1.000946410153302,1.1707709433678433,38.85860537225878,1.8230492857566838,930.0,393.0,6.0,2478.2222365042626,4188.063201446032,3485.5904390165792,1.4868256516583975,False,0,0,0
T1_400doc_325RPM_22-01-2024.csv,400.0,325,15.243628064865014,1.1952928888115382,9.597483206503094,19.35914393089712,9.761660724394025,15.290419277115447,0.03303651984337384,0.31459092068346317,-0.00010386281627250657,2337969.216699837,1.266096343078778,1.2699827002154391,1.0030695587724474,1.2719474048892907,16.715698880071052,1.9495410903868908,7.886176773831249,22.548449198901658,14.662272425070409,16.829001738437,-0.11696486964914811,0.0330206455581572,-6.647712109837443e-05,2832152.995123156,1.3398566088089223,1.3489384656111856,1.0067782304035777,1.3536332512259095,31.234960450490984,1.3618086132782972,26.7734049333632,36.503320367634295,9.729915434271096,31.2646330066888,0.36647057474125866,0.7494938227576475,-3.6909668265949896e-05,9774772.770429349,1.167559534756884,1.168668691785089,1.000949978990524,1.169221023212202,38.61480648679769,1.8401679848321546,930.0,393.0,930.0,3139.3950277314902,4061.792968094833,3356.8563853199844,1.712084881313328,False,0,0,0
T1_400doc_325RPM_22-01-2024.csv,400.0,325,15.040487917483286,1.1272241994345662,9.597483206503094,19.35914393089712,9.761660724394025,15.082669232988955,-5.6364085328164806e-05,0.3021403488985883,2.6196560734467476e-05,2274869.111917516,1.283535668113348,1.2871353666920449,1.0028045177614642,1.288955548116806,16.50153198580968,1.874001441661449,7.886176773831249,22.548449198901658,14.662272425070409,16.60760185222566,-0.09831593802083327,0.07735739663289865,8.199610981835746e-06,2758124.392820491,1.357718555607102,1.366445807473631,1.0064278799390984,1.3709461652680723,31.509636038410175,1.4053574427419802,26.7734049333632,37.476311762630935,10.702906829267736,31.54096055631387,0.467213967051579,0.7581110691228123,0.00013161713349482473,9948321.928149473,1.1881791518593725,1.189360350495556,1.0009941250310068,1.1899472285291084,38.66473002573708,1.7805042335287498,930.0,393.0,930.0,3099.608761701189,4601.126800768064,3361.8979745177494,4.921313773202714,False,0,0,0
T1_400doc_325RPM_22-01-2024.csv,400.0,325,15.414457121734234,1.2511383187199783,11.549815202467144,21.311475926861167,9.761660724394023,15.465149060075452,0.36150137748717387,0.36385657647582637,9.524151578879673e-05,2391708.3545035264,1.3780323645168404,1.3825641576966208,1.003288597058001,1.3848256189149568,16.920775174271462,2.006868380642261,9.841146132275462,26.458387915790084,16.617241783514622,17.039370680734162,0.08448163848487793,0.49932153947390745,0.0001462888478878732,2903401.5319546303,1.552779642601806,1.563662872610047,1.0070088695843573,1.5692335926028167,32.17895705889199,1.4898878050975877,27.746396328359843,37.476311762630935,9.729915434271092,32.21342954529669,0.5084580159854809,-0.08605069318641112,0.00013443462634628778,10377050.430697937,1.163375408692014,1.1646217027495342,1.001071274197657,1.1652399377522027,39.54024022336877,1.9456193856711876,930.0,393.0,930.0,2916.709147043417,4242.216122719696,3494.693549927059,4.925907972047084,False,0,0,0
T1_400doc_325RPM_22-01-2024.csv,400.0,325,15.532573203916106,1.3863619674442202,11.549815202467144,21.311475926861167,9.761660724394023,15.594320435331202,0.2912858477562719,0.032256698850563925,4.382609727210812e-05,2431828.2983978833,1.3666178026313296,1.3720505705705008,1.0039753381879784,1.3747716658682276,17.10982071175492,2.040794415440564,9.841146132275462,26.458387915790084,16.617241783514622,17.231099983300282,-0.06454644697997333,0.6064579427864367,-1.7643316098806252e-05,2969108.0663449103,1.5355019668757381,1.5463860411823274,1.0070882841841844,1.5520150596988551,32.065700768932786,1.6608552953630404,27.746396328359843,37.476311762630935,9.729915434271092,32.10868427878776,0.39319483797418997,-0.26835552738524493,-0.0001108040816081959,10309676.061148724,1.1671705834234147,1.1687351551331222,1.0013404824726806,1.1695131792727966,39.57837236803395,2.1479486228488778,2.0,207.0,6.0,3186.213210584842,3981.0887638598624,4005.790631968482,1.610222517890031,False,0,0,0
T1_600doc_325RPM_22-01-2024.csv,600.0,325,20.221879439913632,1.1291914095245141,16.43064593695104,24.239973920807245,7.809327983856203,20.253381972444643,0.10674724872993749,-0.02105787963811334,-6.797258277974565e-05,4101994.8132174565,1.1968358644391581,1.1987003479490022,1.0015578439494022,1.199635232589914,16.192158083568398,1.697278433542249,9.841146132275462,21.57096302852035,11.729816896244888,16.28087029259299,-0.11952918635462179,-0.09091486797769166,8.75447390207827e-05,2650667.3748423695,1.3249269013791047,1.3321857974206845,1.0054787143607877,1.3359148367091997,42.92195000214815,1.345485543462201,38.44930315762758,48.17921710759401,9.72991394996643,42.943033466845016,0.17796093698660556,0.04513093239059085,-9.376131648131138e-05,18441041.233345713,1.1219332501229027,1.122484349037794,1.0004912047261556,1.1227596384589962,50.16702315893979,1.6248475346792284,932.0,202.0,6.0,2928.5092112826287,3186.0466795273464,3548.135774619293,2.964506596690435,False,0,0,0
T1_600doc_325RPM_22-01-2024.csv,600.0,325,20.179806685400607,1.143874761084871,16.43064593695104,24.239973920807245,7.809327983856203,20.212200457376877,0.09580809986603032,-0.021103094097800312,-7.797225555785502e-06,4085330.47329186,1.1992743675743798,1.201199510912264,1.0016052568035603,1.2021652399513698,16.523720886984208,1.5832137288894084,9.841146132275462,21.57096302852035,11.729816896244888,16.599395099289072,-0.1925543930246635,0.12051018430556226,-6.518311810696779e-06,2755399.1766230213,1.299502957758033,1.305454332959102,1.0045797319394612,1.30851248442247,42.87553831260681,1.3714655204390005,38.44930315762758,48.17921710759401,9.72991394996643,42.89746732931406,0.19421977094021156,0.11616436620841597,1.2348714575140727e-05,18401927.032695673,1.1231249793311378,1.123699410053302,1.0005114575249732,1.1239862910551255,50.21473666406074,1.6570727262524378,1.0,203.0,6.0,2223.332742309436,2509.357660989007,3138.2743709418824,3.6944710853948473,False,0,0,0
T1_600doc_325RPM_22-01-2024.csv,600.0,325,20.562854223008753,1.128037588690621,16.43064593695104,24.239973920807245,7.809327983856203,20.593771937122344,0.03772490360316074,-0.1025530137059123,8.942158757042782e-05,4241034.425982079,1.1770536254755863,1.1788234093340986,1.0015035711374638,1.1797123136559498,16.479734077388468,1.8048369350527222,7.886176773831249,25.48090323656798,17.59472646273673,16.57827106858762,-0.21801446219102183,0.6786056099958828,-8.087753447219917e-05,2748390.7162356926,1.5370060684343014,1.546196262446361,1.0059792828413627,1.5509706652000723,43.31046546617031,1.4598388805434048,38.44930315762758,49.15220850259065,10.702905344963071,43.33506142205728,0.13437325529347524,-0.031214093939343712,7.999719130971626e-05,18779275.48453477,1.1342365024910863,1.134880633896288,1.0005678986735016,1.1352026503121488,50.73376303983558,1.7191132868625072,932.0,202.0,6.0,2945.666274398035,4187.77600705756,3441.6268663852675,4.73058544105437,False,0,0,0
T1_600doc_325RPM_22-01-2024.csv,600.0,325,20.548114116439226,1.1525689124444016,16.43064593695104,24.239973920807245,7.809327983856203,20.580413232978152,-0.05412270218521967,-0.03747550057258886,-0.00013074088486643898,4235534.088401422,1.1778176485769,1.1796690335398905,1.0015718774168714,1.180601616097627,16.364488634304646,1.8820230929514248,7.886176773831249,25.48090323656798,17.59472646273673,16.47235560521592,-0.05162466981629424,0.3513086585195797,-2.6999927874300435e-06,2713384.9918468837,1.5468888510699423,1.557085210909232,1.0065915271367023,1.5623394349357302,43.340141703717705,1.4666993895462714,38.44930315762758,49.15220850259065,10.702905344963071,43.36495232324862,0.15819200825597485,-0.09045337428857003,-9.929786330821246e-05,18805190.89997626,1.1334546879286984,1.1341035485902529,1.0005724628152008,1.134427793182829,50.71799859498807,1.7594364271679848,932.0,203.0,6.0,3049.9259386530125,5142.055417729148,3637.312483859094,2.370333056926277,False,0,0,0
T1_600doc_325RPM_22-01-2024.csv,600.0,325,20.16994740882099,1.126659501643065,16.43064593695104,24.239973920807245,7.809327983856203,20.201389558821123,0.03475592202466662,-0.06146777097060108,-2.478877521930091e-05,4080961.4010724714,1.1999161666689724,1.20178666951835,1.001558861278259,1.2027264428999098,16.523623139485544,1.658799002494493,10.81863155707717,23.52593387812376,12.707302321046589,16.606677445727026,-0.025004213149596857,0.025742731294258636,8.005384950487877e-05,2757817.357864187,1.41665507474387,1.423775746973144,1.0050263979963943,1.4274097096975207,42.85471629675388,1.55855871566116,37.476311762630935,49.15220850259065,11.675896739959718,42.88304809765073,0.012355953252314965,0.06654027529440931,-3.919063234929954e-05,18389558.14145426,1.146192042847891,1.1469498050629678,1.0006611127862954,1.1473295525978655,50.19555008687397,1.8001226389383131,1.0,394.0,6.0,2770.56717925619,2840.2546283044207,3785.16737086503,1.3322066244835924,False,0,0,0
T1_600doc_325RPM_22-01-2024.csv,600.0,325,20.513460223659777,1.171884638490231,17.406811934933067,25.216141407936814,7.809329473003746,20.546906432687166,0.09742977161472546,-0.07355986731363373,0.00015320720304524,4221753.639536013,1.2272475903146942,1.2292485584101052,1.0016304518429715,1.2302522959847892,16.858020650782397,1.6839532843487113,10.81863155707717,23.52593387812376,12.707302321046589,16.941917215181828,0.0642181806017188,0.13359362387915485,7.649249610590223e-05,2870285.5892607444,1.3886228801213787,1.3955335780794584,1.0049766556903308,1.3990443818524445,42.88731150848627,2.084985607606041,36.503320367634295,49.15220850259065,12.648888134956358,42.937962846528514,0.16488358942672535,-0.249638276145022,0.00010725677342828162,18436686.534098633,1.1447261407876632,1.1460781003459433,1.0011810331834912,1.1467542245901214,50.4785509414388,2.1882575584484685,1.0,394.0,103.0,3060.8520670179664,2400.1856513610023,8909.453137199322,3.4257886954978685,False,0,0,0
T1_600doc_325RPM_22-01-2024.csv,600.0,325,20.935456784736317,1.1442485096130617,17.406811934933067,25.216141407936814,7.809329473003746,20.966703494763163,0.055366796733710054,-0.023768245997518367,-9.357523470316124e-06,4396026.554373138,1.2026755381090322,1.2044705624155032,1.0014925258306104,1.2053717324553186,17.072676287830724,1.761973127219889,10.81863155707717,23.52593387812376,12.707302321046589,17.163357041386238,-0.013135103631622683,0.21205818631127427,1.3548682031156335e-05,2945808.249301026,1.3707070138665385,1.3779874626272197,1.0053114551009292,1.3817071133497245,43.44648966319084,2.803909195426527,35.530328972637655,52.07118268758058,16.540853714942926,43.536873691503686,0.08630874256881564,-0.7584699693185395,9.091478536917649e-05,18954593.708299458,1.1960248468126085,1.198513000503625,1.0020803528435445,1.1997620965211704,51.20950571360597,2.6887498517935104,931.0,931.0,103.0,2999.166803383623,2948.880643546624,16473.524079437637,2.639874333702986,False,0,0,0
T1_600doc_325RPM_22-01-2024.csv,600.0,325,21.131080452518894,1.252329662207116,17.406811934933067,26.19230740591884,8.785495470985772,21.168157469975274,0.04924051380591494,-0.11606994973866902,7.55704427915775e-05,4480908.9067367,1.2373446977173037,1.23951576753363,1.0017546200507679,1.2406067441902258,17.25585691992294,1.854463840387324,9.841146132275462,23.52593387812376,13.684787745848297,17.355219220054714,-0.07588302744749882,0.2052533347235257,5.8917760255761596e-05,3012036.341761566,1.3555538296478857,1.363359350236709,1.0057581782575546,1.3673685045851007,44.10608052985906,3.540930727271067,35.530328972637655,54.01716547757387,18.486836504936214,44.24798899522717,0.08687394896560952,-0.8098126239470269,0.00012995784605810242,19578845.301217448,1.2207823836559093,1.2247101721270648,1.0032174354117012,1.2266877212213696,51.92776483418216,3.2689897976968605,103.0,931.0,103.0,3269.878703072649,3094.9582293953426,21359.921028306177,3.414184411674072,False,0,0,0
T1_600doc_325RPM_22-01-2024.csv,600.0,325,21.35950329723801,1.3195870260563936,16.43064593695104,26.19230740591884,9.761661468967798,21.40022642459789,-0.06090047279705258,-0.1911425244438436,3.888511244811248e-05,4579696.9102405775,1.2239266485429718,1.2262601354267333,1.0019065577880337,1.227437262697255,17.321446144508272,1.963628624646851,9.841146132275462,24.50341855734587,14.662272425070409,17.432393235371702,-0.09387956491852463,0.06797328365207456,1.3705117602702346e-06,3038883.3391263303,1.405625620447025,1.4146289145213564,1.0064051863763468,1.4192685384248487,44.290462399210924,4.037795783006569,32.61135478764772,54.01716547757387,21.40581068992615,44.474136914854036,0.0001624135406161857,-0.9668350611103835,-3.596933413780316e-05,19779488.543211825,1.2145747894105288,1.2196116850325824,1.004147044435607,1.2221633392139142,52.21811607302258,3.6159691705287837,103.0,203.0,103.0,3865.068609244277,3668.939479528719,22284.224327034543,3.8622474013332453,False,0,0,0
T1_600doc_325RPM_22-01-2024.csv,600.0,325,21.395523822712462,1.306490454721312,16.43064593695104,26.19230740591884,9.761661468967798,21.435376296126325,-0.05473652086074787,-0.19433357084715208,1.7359205761840598e-05,4594753.569565344,1.2219196455465147,1.2241956599405313,1.0018626547190004,1.225343365275274,17.413622949237016,1.9548326334956534,6.908692094609142,24.50341855734587,17.59472646273673,17.52300302012111,-0.1542712003530586,0.2730016764327381,5.167695511721345e-05,3070556.3484317353,1.398357263832539,1.4071407557621143,1.0062812931693164,1.4116866789627465,44.1131833673394,4.2402887740444495,32.61135478764772,54.990159841179846,22.378805053532126,44.316509290419035,-0.019509093310823795,-0.8925111824500553,4.649301417649016e-06,19639529.95687797,1.2408504352365224,1.246569747262755,1.0046091872669105,1.2494748644491087,52.11909919211834,3.7527972087009753,103.0,203.0,103.0,3764.965564989628,4547.105224429452,21892.614700514623,3.276834787589117,False,0,0,0
T1_600doc_325RPM_22-01-2024.csv,600.0,325,21.10296687296833,1.3247745337565486,17.406811934933067,26.19230740591884,8.785495470985772,21.144508469266643,0.019025769431105097,-0.16822481163149305,-9.548595085088827e-05,4470902.384068888,1.2387286015179368,1.2411670626024465,1.0019685192394214,1.2423943667655633,17.070623571346403,1.9291853382068491,6.908692094609142,24.50341855734587,17.59472646273673,17.179288261850655,-0.05002551746162184,0.09661229945737126,-0.00017329513428495893,2951279.4518375974,1.4263349088657888,1.4354143804374937,1.0063655958465776,1.4400829612281687,43.94641264253383,4.137489593443443,32.61135478764772,54.990159841179846,22.378805053532126,44.14075219435789,0.01944623880374832,-0.7580342781682341,-3.777738178157491e-05,19484060.042837106,1.245791181787082,1.2513003117791974,1.0044221937614075,1.2540927740335392,51.73801067865938,3.7151633731622913,103.0,1.0,103.0,3324.259582577842,3785.509124694433,19130.06820665815,5.150035957968984,False,0,0,0
T1_600doc_325RPM_22-01-2024.csv,600.0,325,20.966791714313946,1.2714240423123058,16.43064593695104,25.216141407936814,8.785495470985772,21.005305850827163,-0.051892191103129,-0.02730085624899381,1.7823500180464228e-05,4412228.7388679385,1.200465329427414,1.2026704777499102,1.0018369112946797,1.2037824506033148,16.719902065608306,1.866923115452148,10.81863155707717,24.50341855734587,13.6847870002687,16.823808338261067,0.07074041665543429,0.002185975170398091,5.171654947304747e-05,2830405.2700254256,1.4564727595962723,1.465524047999523,1.006214526391664,1.470138960943429,43.737511390621776,4.037336905749651,30.66537051334977,54.990159841179846,24.324789327830075,43.92345605636353,0.07764755016742332,-0.5628136496870293,-2.463897944676456e-05,19292699.91935298,1.2519543036553245,1.2572768338385816,1.0042513773607527,1.2599673223279506,51.38262915500111,3.654971127692248,103.0,202.0,103.0,2726.1266663327256,2802.268744958581,14732.213043906615,2.5845923409989364,False,0,0,0
T1_600doc_325RPM_22-01-2024.csv,600.0,325,21.150018071986256,1.2502712038431343,15.454479938969016,25.216141407936814,9.761661468967798,21.18694037676287,-0.16176826195350616,0.15553655251851017,1.6292994598965643e-06,4488864.425285048,1.1901738032733145,1.1922515300985128,1.001745733958758,1.1933025261984251,16.87561537724513,1.9590431367636212,9.841146132275462,24.50341855734587,14.662272425070409,16.9889447692437,0.056157683466571816,0.02195273352871796,2.7737959971321895e-05,2886242.4437241293,1.4423155110673005,1.4520014831806356,1.0067155709267577,1.4569535718925326,43.696937651528444,4.374634149400695,30.66537051334977,57.909134026169774,27.243763512820003,43.91537070391946,0.03444788483606,-0.5788968574298803,-3.6064910825472148e-06,19285597.840626672,1.3186529704279912,1.3252446770521964,1.004998818318413,1.3285915108867175,51.48229669560071,3.9551988457882454,931.0,931.0,99.0,2770.706539075423,2865.99604903812,16982.02084406783,6.078997489791545,False,0,0,0
T1_600doc_325RPM_22-01-2024.csv,600.0,325,20.901681442546376,1.2994995043400484,15.454479938969016,25.216141407936814,9.761661468967798,20.94203872805768,-0.010066877697825605,-0.07621265489909845,-9.991832626942126e-05,4385689.860874677,1.2040920053381807,1.2064168845578207,1.0019308152610704,1.20758808677903,17.019403373409588,1.9782751969575456,7.886176773831249,24.50341855734587,16.617241783514622,17.133991477228037,-0.06179588385689683,0.15400772135053709,7.16607899956139e-05,2935736.63941723,1.4301056814410225,1.4397342856112687,1.0067327920553006,1.4446975298503262,43.49912850092563,5.456105131574137,29.69237911835313,57.909134026169774,28.216754907816643,43.839973352487675,-0.11000828825048775,-0.8666733693095825,-9.851880169833942e-05,19219432.635468297,1.3209208308718954,1.3312711316719257,1.0078356708124576,1.3366175186926732,51.285717391705475,4.884783024264178,931.0,98.0,98.0,2657.629486825532,3295.7735642116786,22660.49225205376,4.2613687318015625,False,0,0,0
T1_600doc_325RPM_22-01-2024.csv,600.0,325,20.353271384284415,1.4902642134657784,14.478313940986991,25.216141407936814,10.737827466949822,20.407756943580733,-0.20602501030393416,0.16514609276804038,-0.00013830018192492833,4164765.4346826766,1.2356155298031692,1.238923263579496,1.002676992718644,1.2406072840249112,16.99369552768809,2.1066599616902524,7.886176773831249,24.50341855734587,16.617241783514622,17.123775982006855,-0.20249344836937147,0.10228806521267764,-6.855389600444992e-05,2932237.0388195487,1.4309588365961643,1.4419122972647165,1.007654630160157,1.447629979482328,43.04795251381768,9.340747972601946,18.98947303123772,66.66605658113957,47.67658354990185,44.04969680167583,-0.06315456613533436,-0.5156359224671401,-0.00011418402085953974,19403757.883195695,1.5134282735540492,1.5486463975200881,1.0232704281936895,1.567927587701733,50.823861277810266,8.186034478530503,98.0,98.0,98.0,4853.036355042074,7594.407037292517,51458.82833861032,4.530089273381126,False,0,0,0
T1_600doc_325RPM_22-01-2024.csv,600.0,325,20.53649781298906,2.340280075855841,14.478313940986991,28.144639401882888,13.666325460895896,20.669413471512744,0.24654038591744476,-0.04638353244014848,0.00014485808494882956,4272246.532563524,1.361656412779818,1.3704692814800086,1.0064721677344428,1.3749187863413685,16.970235952349036,3.1099495636053667,5.931207415387036,29.390841953456405,23.45963453806937,17.252845984549015,-0.05648384729287122,0.3597294641815192,1.9465056168120818e-05,2976606.945665691,1.7035358676346912,1.7319053215278422,1.016653276536256,1.747213329513738,43.39978640498593,17.435474646701167,7.313575456356629,88.07186727106571,80.75829181470908,46.771115404212466,0.1122916808783628,-0.8175266914634913,0.00026595611671503507,21875372.361541606,1.8830397032424304,2.0293156848566354,1.0776807739966026,2.123401487113882,51.9169398562891,14.732750589606235,98.0,98.0,98.0,11624.259396583286,16008.126353615002,113915.91487895539,9.939842234437833,False,0,0,0
T1_600doc_325RPM_22-01-2024.csv,600.0,325,21.165246481352955,3.351245173610432,11.549815202467144,30.09697139784694,18.547156195379795,21.428917444193747,-0.10158211162375555,-0.5476710404756551,9.846013197165048e-05,4591985.02830071,1.4045026528394153,1.4219995701142922,1.0124577317383519,1.4312134266925902,17.01275660255002,4.362930282261058,4.953722736164927,32.32329599112273,27.3695732549578,17.56328693227665,-0.1297773897330293,-0.33688840624925076,-1.0413044938549266e-05,3084690.478654797,1.8403899062721059,1.8999446560164053,1.0323598545837136,1.9342455342153853,44.00430595033886,24.776135478010882,1.4756264369934795,90.99084145605563,89.51521501906215,50.499859716595026,0.05633040351268653,-1.33529294595438,0.00013677589165377667,25502358.31395777,1.8018038459254304,2.0677713121698478,1.1476117763017724,2.285692840020009,53.923684965735255,20.25190316507229,98.0,98.0,98.0,15706.3465158274,19636.321968364493,146246.03600947448,14.811536165775655,False,0,0,0
T1_600doc_325RPM_22-01-2024.csv,600.0,325,21.448041897173603,4.205919960177566,10.57364920448512,34.00163538977504,23.427986185289917,21.85653824223622,-0.12711770951254886,-0.6680520316391516,5.020705179775004e-05,4777082.639343344,1.5556734105343946,1.5853025442968636,1.0190458572871608,1.601328811141949,17.044915890099766,5.021972222675806,2.9987530049309137,32.32329599112273,29.324542986191812,17.76933771151595,-0.15180679467181007,-0.6856010363645209,6.09929861093042e-05,3157493.6270590285,1.8190489997933155,1.8963599585667146,1.0425007565943432,1.942509171548362,43.925590805159274,28.84950640272045,-2.4163391429930927,94.8828070360422,97.29914617903529,52.55236956848759,0.06113512822172145,-1.43301966715139,1.1619209220793415e-05,27617515.472629007,1.805490557612031,2.1598073458357776,1.1962440549633067,2.5146102329916795,54.998371659112394,23.030160415187755,98.0,98.0,98.0,15965.445302528353,18829.925721506028,143678.37973686407,9.000707664829152,False,0,0,0
T1_600doc_325RPM_22-01-2024.csv,600.0,325,21.735718094884696,4.934374667432104,9.597483206503094,35.953967385739084,26.35648417923599,22.288775077578705,0.006188119366187623,-0.6444180797771564,0.00010159373581539118,4967894.944588937,1.61309750134752,1.6541421465251946,1.0254446151850012,1.6765400734457097,17.367290404148427,5.623078360000759,2.0212683257088067,33.300780670344835,31.27951234463603,18.25491129051946,-0.11564352770053923,-0.7233041929150925,7.880870537190171e-05,3332417.8622473488,1.8242093944131805,1.9174424965215335,1.0511087720488057,1.9747208128369251,44.326560500305305,31.271990892255744,-4.362322675138713,100.72075540602206,105.08307808116078,54.24740897178918,0.07047277689123391,-1.4356433677860014,0.0001326909332058061,29427813.801525526,1.856692463568184,2.26920742446554,1.2221773228424624,2.7414080119384425,56.277883036178864,24.609196285176647,98.0,195.0,98.0,16833.5757999083,21901.576297869113,145660.39562584346,14.814957043926663,False,0,1,1
T1_600doc_325RPM_22-01-2024.csv,600.0,325,21.76051272977333,5.455257836711599,8.621317208521068,35.953967385739084,27.332650177218014,22.43389739496083,0.06762989932931446,-0.7065512373065506,-2.5235138724231455e-05,5032797.523276303,1.6026625580366243,1.6522573632442898,1.0309452572901079,1.6796042062115883,17.116272326333966,6.068198194888237,2.0212683257088067,33.300780670344835,31.27951234463603,18.16011584989674,-0.08972000474972609,-0.8359389557658181,-9.22417422712314e-05,3297898.076816708,1.8337317308762755,1.9455626806726165,1.06098544727854,2.0163370974791057,44.929912434953486,33.254056357012466,-7.28129686012864,100.72075540602206,108.0020522661507,55.89748917087376,0.06430277188937623,-1.4409601223712376,1.2712594309746818e-05,31245292.956079498,1.8018833564800645,2.227886435505333,1.236421007771255,2.7476397212890253,57.29710145647891,25.973852627271366,195.0,195.0,98.0,18222.33963263031,25694.17933702103,152288.21217673924,21.485462154472252,False,0,1,1
T1_600doc_325RPM_22-01-2024.csv,600.0,325,21.690326389083026,5.659143892614979,8.621317208521068,35.953967385739084,27.332650177218014,22.416426308898416,0.09202379224703548,-0.7358700172640802,2.0918210046814298e-05,5024961.684622731,1.603911653458643,1.6576037972317053,1.0334757489025543,1.6873482036196885,16.835343199665065,6.240961463407728,2.0212683257088067,35.255750028789045,33.234481703080235,17.954898513727365,-0.06362635360938686,-0.866278396601202,7.143259947632263e-05,3223783.8063824917,1.9635727822039408,2.094150954373799,1.0665002964765562,2.1779200992365513,44.79126112019966,34.108791259906916,-7.28129686012864,100.72075540602206,108.0020522661507,56.29979319633254,0.06838700417092024,-1.448950642225452,-4.636187121451142e-05,31696667.139498115,1.7890075555834046,2.2263710861076507,1.2444727129068047,2.7702373616306417,57.37180434871451,26.514473949583774,195.0,195.0,97.0,19128.06450011531,27331.46739294198,159013.2739696731,29.083071623129232,False,0,1,1
T1_600doc_325RPM_22-01-2024.csv,600.0,325,21.78686921261233,5.7353253306639065,8.621317208521068,36.93013338372111,28.308816175200043,22.529128406044254,0.058635476898654275,-0.7465147898118918,1.0505156634309998e-05,5075616.267360301,1.639217137837133,1.6950638030333613,1.0340691076899766,1.7262087494329141,16.84296758896084,6.440037281345534,2.0212683257088067,35.255750028789045,33.234481703080235,18.032183378279672,-0.07198525255726457,-0.8902096762200236,-5.2996705247673654e-05,3251596.373879057,1.9551570261455802,2.0932029847220184,1.0706060724179192,2.1833008185722513,44.60814412553257,34.1236866403113,-7.28129686012864,100.72075540602206,108.0020522661507,56.16326657389548,0.07809685582668399,-1.4495414103574058,3.989176676381766e-05,31543125.122504454,1.7933564329542893,2.2362799294930853,1.2469801810726187,2.7903249650524984,57.31508648100807,26.49555883632099,195.0,195.0,97.0,19219.57815569496,28914.506926153885,164830.89004549597,15.183674842272007,False,0,1,1
T1_700doc_325RPM_22-01-2024.csv,700.0,325,28.984532596912583,2.129230890050614,22.287641924843197,35.953967385739084,13.666325460895887,29.062635015508043,0.19176366908675158,0.10218730490339523,1.4750668148080296e-06,8446367.540446341,1.2371200122271697,1.240453585564077,1.0026946240493724,1.2421257787893885,19.975317250499252,1.9519053881546446,12.773600915521383,26.458387915790084,13.6847870002687,20.070456743741534,0.0535700822145856,-0.00032454520826252775,4.570362135357067e-05,4028232.339024001,1.318275326446692,1.3245540776144018,1.004762852677091,1.3277420401832294,54.33192956297791,6.918705328636443,34.55733757764101,76.39597053110599,41.83863295346498,54.77067694908376,0.15615673457737347,0.3212084921002307,2.334707106914993e-05,29998270.534608953,1.394833417927729,1.40609713561807,1.0080753139016954,1.4118543709917617,64.88232169220585,6.129549187097185,6.0,98.0,98.0,6805.729975269885,4223.813987299974,34475.55158876702,1.9240782250076784,False,0,0,0
T1_700doc_325RPM_22-01-2024.csv,700.0,325,29.080782485686626,3.076165361758978,18.382977932915093,38.882465379685165,20.499487446770072,29.243028285605163,0.1076288847545623,-0.250261450571017,2.8869915626227437e-05,8551547.033127036,1.3296319724460617,1.337050177340409,1.0055791414828124,1.3408136170710359,20.029372285973402,2.6588047001679516,10.81863155707717,29.390841953456405,18.572210396379234,20.2050735362125,-0.16366956181644177,-0.13585397533467658,-5.65100303591729e-05,4082449.9660375463,1.454626824336013,1.467387072037143,1.0087721795636173,1.474055063861496,54.33786476113426,15.427637255470916,18.01648163624108,90.017850061059,72.00136842481791,56.485533883337865,0.019437729046221874,-0.602086762400909,-3.462846383285368e-05,31906155.380857103,1.5936443169144323,1.656632082559218,1.0395243562043635,1.6928528923631603,65.49163397561523,12.839825435192253,97.0,97.0,97.0,12077.866866054857,10234.47412928029,84255.0646378881,3.723431071765371,False,0,0,0
T1_700doc_325RPM_22-01-2024.csv,700.0,325,29.011474561339174,4.295159166161532,17.406811934933067,40.83479737564921,23.427985440716142,29.327701043312135,-0.07462954589681378,-0.5077053689973323,-5.667777080427775e-05,8601140.484858917,1.392362712486158,1.407539533687331,1.010900048575758,1.4154698470092402,20.09388638634077,3.3756893074105494,10.81863155707717,29.390841953456405,18.572210396379234,20.375464372802323,-0.17536273306567135,-0.5932747465755401,3.199928713871145e-05,4151595.4840733684,1.4424624350004034,1.4626758302682268,1.0140131172759572,1.4734480302606636,53.98778222002258,22.88982831893311,15.097507451251149,96.82878982603548,81.73128237478433,58.639789132523475,0.043029731131733834,-1.3207407013150358,-7.53310599604372e-05,34386248.69506818,1.651247237728063,1.793531533327634,1.086167772062613,1.8859703177673943,66.07616728528144,18.650431182349326,97.0,97.0,97.0,23257.75066460115,17990.071145865088,153270.71080946975,8.619147906105265,False,0,0,0
T1_700doc_325RPM_22-01-2024.csv,700.0,325,29.467148812564155,4.980754527917295,16.43064593695104,41.81096337363124,25.380317436680198,29.885126314090925,-0.13025582530042987,-0.7711376831234036,0.0002680965577040052,8931207.748091698,1.3990559361938264,1.4189008797418483,1.0141845247460302,1.4294259846138118,20.598073098106326,4.007935441337963,9.841146132275462,36.23323470801115,26.39208857573569,20.984378996216794,-0.003744800864062911,-0.219674416543163,0.00016250349991730442,4403441.618568646,1.7266765299341729,1.759059429269733,1.0187544677732978,1.7763967917880963,54.577706797942916,26.39309269883413,12.178532895185054,102.66674413323402,90.48821123804896,60.62442924705746,0.06499697437646754,-1.4501956950685295,0.0003059575151409653,36753214.21531476,1.6934880114886552,1.8811113576707408,1.110791068439366,2.0108713280327346,67.5218853148436,21.20333374086769,97.0,97.0,97.0,27269.750014017394,21149.262076231014,182641.80161768774,10.082300099697699,False,0,1,1
T1_700doc_325RPM_22-01-2024.csv,700.0,325,29.56378924502415,5.020006131895919,16.43064593695104,41.81096337363124,25.380317436680198,29.986965436477195,-0.16365156762653124,-0.7594925553118106,-0.00015017329658638178,8992180.96088478,1.3943045841767943,1.4142626652863315,1.0143140037951754,1.4248858258186752,20.353408661648015,4.123234471668892,5.931207415387036,36.23323470801115,30.302027292624118,20.7668559646473,-0.061246298256125285,-0.15963804366529732,-0.00014690132206345285,4312623.066564071,1.7447626530319864,1.78020474655361,1.0203134182520663,1.7994412010850167,54.97196291115845,26.980534905869646,11.20554150018841,102.66674413323402,91.46120263304562,61.23614921035312,0.05646245490702407,-1.4591845407471378,-0.00014510532773037666,37498659.70112631,1.6765708728770992,1.8676201229917202,1.113952385315372,2.001572846991899,67.92089018460965,21.61247439299146,97.0,97.0,97.0,27857.901613087717,21629.84618915392,187187.22542283614,10.387273322188205,False,0,1,1
T1_700doc_325RPM_22-01-2024.csv,700.0,325,29.00942453128705,5.008034684406606,16.43064593695104,42.78712937161326,26.35648343466222,29.438531264936746,-0.08330638497723482,-0.7522510230874988,-5.6960163909336885e-05,8666271.230366582,1.4534396769507176,1.4749389228823473,1.0147919767655817,1.4863205961617125,19.831138525516653,3.8412113562643,5.931207415387036,32.32329599112273,26.39208857573569,20.19972672839226,-0.35209914776740514,-0.596740026153332,-1.2198523691669644e-05,4080289.5990172466,1.6001848156534644,1.6299263882168167,1.0185863359484553,1.6463785559052428,54.51232176937135,26.687304599343992,11.20554150018841,104.61272692322731,93.4071854230389,60.69436095277422,0.059520225746321605,-1.4331775870130552,-7.785589039178933e-05,36838054.51465644,1.723598787120036,1.919065699784699,1.1134062718802844,2.0561153956777276,67.06205813923212,21.47421459644743,97.0,97.0,97.0,27823.502802316147,21058.196167881597,185202.15322951286,18.253996754083683,False,0,1,1
T1_700doc_325RPM_22-01-2024.csv,700.0,325,28.787444370539266,5.049457019274104,13.502147943004967,42.78712937161326,29.284981428608294,29.22693910720706,-0.1607795732460606,-0.6191549044698061,-7.538334362472966e-05,8542139.695763893,1.4639620390854546,1.4863121859959583,1.0152668896554626,1.4982729871018996,19.618535571177887,4.0069715943555675,5.931207415387036,32.32329599112273,26.39208857573569,20.023555111806306,-0.3821559718034722,-0.3732775046044172,-0.0001033240727535703,4009427.5931554446,1.6142635915869024,1.6475896416351148,1.0206447387043223,1.6663482069522317,53.95781397731472,26.371412652376193,5.367592388056218,105.58571831822395,100.21812593016773,60.05744828489142,0.060853530128757535,-1.327234739624455,-0.0001616998356437793,36068970.94492407,1.7580786619065536,1.9568197918954788,1.1130445038070138,2.0984092901498608,66.41270551360081,21.24632602941214,97.0,97.0,97.0,27596.113799252824,20917.875245061456,180508.67496116244,8.973022652864076,False,0,0,0
T1_700doc_325RPM_22-01-2024.csv,700.0,325,29.223595385941444,5.155840129270045,13.502147943004967,43.76329536959529,30.261147426590323,29.674925690215453,-0.18229014644287256,-0.39192800009155615,0.0002541843698518443,8806012.14719809,1.474756696156618,1.4975328939384522,1.0154440375427292,1.5097866961510729,19.761150595643482,4.368148451970885,4.953722736164927,34.278265349566944,29.324542613402016,20.23817664124307,-0.45232054754781886,0.08915056790492892,0.00015393176893616846,4095837.937621565,1.6937427692824756,1.7346290229235886,1.0241395885978801,1.7585114670273336,53.98554435755152,26.621115144079756,-1.443347747996449,116.28862366318702,117.73197141118348,60.19238133763704,0.06745414405759757,-1.0478196320049071,0.0002378910282816507,36231227.71095516,1.9319492114938834,2.153993313231898,1.114932680640356,2.3213675025993346,66.74637385868664,21.40629244623914,97.0,97.0,97.0,26528.421236011043,20504.383275584038,170821.3108964227,17.826634644444447,False,0,0,0
T1_700doc_325RPM_22-01-2024.csv,700.0,325,29.702404811451117,6.0528926109836965,8.621317208521068,50.59646033376456,41.97514312524349,30.31287450149549,-0.09181823056243826,0.16653945346794474,-5.184238100426977e-05,9188703.605434155,1.6691409563045028,1.7034465948110098,1.0205528708506801,1.7223299982891969,20.123308725884765,5.278729123378093,2.9987530049309137,38.18820406645537,35.18945106152446,20.80414706819941,-0.2600557360870828,0.24794574284207593,-1.1015498630114023e-05,4328125.352352701,1.8356053695096544,1.897709993254419,1.0338333199370378,1.9351660778921045,54.530322428395145,30.556639997945435,-11.173262440115211,133.8024687731266,144.97573121324183,62.50811397017809,0.13245033512455448,-0.7101478003540991,2.492981063574581e-05,39072643.12108773,2.140561605121573,2.4460831687652047,1.1427296289500064,2.711258471298138,68.28762962650033,24.407925923383466,97.0,97.0,97.0,26150.614160849287,19958.254741456236,170042.2197441922,9.926504451086673,False,0,0,0
T1_700doc_325RPM_22-01-2024.csv,700.0,325,29.023383652993868,8.355824229202074,-2.1165098861418663,53.52495832771063,55.64146821385249,30.20226145867544,-0.16504238524335543,0.6090150282206439,-0.00019230633554713126,9121765.97218192,1.7722169050468857,1.8441266351390926,1.0405761449896025,1.8901998207984798,20.134745268774946,7.851695171342523,-4.821125174425543,46.00808448255063,50.829209656976175,21.61150351322505,-0.045582043715498816,0.36937221648913354,2.2368344185392352e-05,4670570.841021387,2.128870138738668,2.281134330349162,1.0715234756877696,2.3912173276626647,54.47865663689114,39.3200311661288,-34.525057404339314,154.23528806805612,188.76034547239544,67.1862253729559,0.1417272145703996,-0.5652201957913956,-2.9357883261518396e-05,45139888.798656225,2.2956385362011957,2.72936757347937,1.1889361197063306,3.1324103108979062,70.69193104295965,29.931145093420522,97.0,190.0,97.0,26119.554691033954,30066.512529387393,187376.83321258106,16.030786969482488,False,0,1,1
T1_700doc_325RPM_22-01-2024.csv,700.0,325,28.91415067634914,10.929951828033087,-4.068842254392803,61.33428631156683,65.40312856595963,30.911032921883177,0.018000782839707595,0.34260010037589517,0.00014471766316792367,9554919.562977456,1.9842198889492881,2.120681435526142,1.0687733992269954,2.2186980266864613,20.342754010461242,11.249414679565485,-14.595973085016013,59.692869991660125,74.28884307667613,23.246009794434833,0.06855747640615975,0.27765732668362997,6.557449621680078e-05,5403769.713629602,2.5678759718130544,2.8845389863773385,1.1233170986606116,3.1370804064740434,54.601350787724634,49.799127282248136,-68.57975919783115,185.3710127079487,253.95077190577985,73.90034225846121,0.17931789370540346,-0.4858712896044355,0.0001477479114712061,54612605.85917708,2.5083918022954035,3.0605130046569777,1.2201096343307827,3.559394401129911,75.37337412375022,35.720918056225756,190.0,190.0,93.0,34304.320895787816,50232.28800446637,248931.4125535773,25.44315970247761,False,0,1,1
T1_700doc_325RPM_22-01-2024.csv,700.0,325,30.211475388789683,14.073083586394192,-21.63983245179057,80.85760627120733,102.4974387229979,33.328440209482984,-0.04239534819256422,0.7276218173711304,0.0003408931291254672,11107849.267970823,2.426084322067998,2.6514813979766085,1.0929057056501985,2.8251066974945442,21.03207629059236,14.76376014769043,-21.43836583957076,94.88232440829276,116.32069024786352,25.696631039726384,0.380354343612232,0.7032324616320675,0.00018609225593747025,6603168.4679182945,3.692403267245692,4.330403637112606,1.172787294260744,4.851898029462528,57.105928089392755,61.63185231137295,-97.76950698494912,238.88555130720135,336.65505829215044,84.02126065634687,0.20562389130476255,-0.24652114487867616,0.0007982182199146686,70595722.42281783,2.843155999339986,3.5043739626343227,1.232564784854518,4.073110163221514,83.90876667916537,42.30830757962418,288.0,190.0,93.0,37817.67156459358,60877.51060850244,306763.94537975086,34.93274194980059,False,0,1,1
T1_700doc_325RPM_22-01-2024.csv,700.0,325,30.855159225856873,18.797112480550147,-34.3299904255569,91.5954322490096,125.9254226745665,36.1299361812256,-0.09906145335336221,0.9410162884188602,-5.2392539090848156e-05,13053722.884594347,2.535167285919698,2.8467543121475583,1.1229059036689264,3.0883539820054047,21.09717675860683,18.487877369368185,-24.37082136839628,99.76974780440332,124.1405691727996,28.05160381883176,0.6409462041409281,1.0474359755805107,-0.00021904250835526036,7868924.768086966,3.5566503950631634,4.365376414190348,1.2273841759228692,5.0302773463240875,59.006958910260614,74.83054567033984,-116.25634348988534,265.15631897211074,381.4126624619961,95.29654644927066,0.18335754377831043,-0.2583320337369104,-0.00022285456912803355,90814317.65158002,2.7824336647211214,3.453024640059493,1.2410087916347805,4.023629394716112,93.5671817480454,49.182100709042246,288.0,190.0,93.0,56059.26643845226,73845.9530394283,328279.1787294748,17.965407681062157,False,0,1,1
T1_700doc_325RPM_22-01-2024.csv,700.0,325,30.704731958713314,22.746399336332324,-35.30615642353893,91.5954322490096,126.90158867254854,38.21229183684656,-0.1257997330286463,0.3701275708038594,5.7164630805535584e-05,14601792.474243304,2.397014883066706,2.750556336349646,1.1474923897137528,3.028474323487406,20.65965453778,21.23457173515285,-26.32579072684049,108.56710991740226,134.89290064424276,29.626480762921645,0.7330772867086185,0.8575892248236747,-4.010622990853829e-06,8777283.623957664,3.664529404831538,4.655175722423967,1.2703338432177131,5.485011440537084,58.791830588350145,85.65170291115354,-122.09429185986518,280.72418129205704,402.8184731519222,103.88788935920188,0.18963746389820768,-0.5166189965824657,8.692877372767784e-05,107926935.5550977,2.702183892883101,3.3796705392153723,1.2507181869141502,3.976187901769241,100.84243279319824,54.418791916755765,288.0,190.0,97.0,64633.01911381815,87098.4404844688,394027.58453070314,19.73003633730873,False,1,1,1
T1_700doc_325RPM_22-01-2024.csv,700.0,325,30.860137584586877,25.036100344053537,-40.186986413449056,98.42860019147396,138.615586604923,39.738575870017655,-0.1297487509272278,0.13741783713977274,-4.363192095772961e-05,15791544.121771492,2.476903060477749,2.8692636988723854,1.1584077490376055,3.1818032410774406,20.632675948461884,22.012928526880675,-26.32579072684049,108.56710991740226,134.89290064424276,30.17078618670376,0.7512684780494089,0.7275242844186915,-3.5086515179198356e-05,9102763.391237944,3.59841832577925,4.625353339306991,1.2853851110558012,5.50803553065316,58.11180685925866,91.4478706393281,-125.01326604485511,280.72418129205704,405.73744733691217,108.34987374665033,0.1798368086368653,-0.6560785873415567,-0.0002244060078279391,117396951.40915066,2.590904553783439,3.2394890228679363,1.2503312860897882,3.821100014914602,105.16409862814709,56.29954042392675,288.0,190.0,97.0,69267.30481151496,88978.68080458089,433375.2641477824,22.02932037933904,False,1,1,1
T1_700doc_325RPM_22-01-2024.csv,700.0,325,30.9081649472853,25.70493937189049,-41.16315241143108,98.42860019147396,139.59175260290505,40.20023095109232,-0.1037176271267931,0.15860891321145365,-4.6880984098117745e-05,16160585.685211614,2.448458575057004,2.848303872260806,1.1633049059016625,3.165746430218231,20.747041670665386,21.70854408434963,-25.34830604761839,103.67968652129171,129.0279925689101,30.028330362284166,0.784450038583943,0.8333661146705134,3.8073012349256925e-05,9017006.243464772,3.452728981945472,4.437686589204879,1.2852693079618496,5.283505630939313,57.9936856883487,93.03981882006536,-128.9052316248417,281.6971726870537,410.6024043118954,109.63428052297132,0.17159758407990713,-0.6618518211320996,0.00020730194021245977,120196754.65789568,2.56942601660099,3.2086197024309513,1.2487690564741498,3.7829925737610277,106.36978143357071,56.770628466061574,288.0,190.0,97.0,63775.22410432415,90130.73495784335,454227.71613200865,18.993957396424022,False,1,1,1
T1_700doc_325RPM_22-01-2024.csv,700.0,325,30.961268386547633,24.972523839776166,-44.09165040537715,102.33326418340206,146.42491458877922,39.77721819122125,-0.11043336490533405,0.40664585843476875,4.7872115639909715e-05,15822270.87032023,2.572660151633902,2.9764189543923556,1.1569421450796857,3.289263255871906,20.824262977155396,20.715698749470967,-22.41585051879287,105.63465587973594,128.05050639852882,29.373288941154648,0.8437702448503885,1.2077182354224592,1.6129432683125e-05,8627901.03220558,3.5962828708545533,4.5910927925620735,1.2766217112034717,5.43723312052383,58.164251082656115,90.68894435023573,-128.9052316248417,285.58913826704025,414.49436989188195,107.73840880283325,0.18450733786448525,-0.5616387437751915,-0.0001228502390029481,116075647.31366415,2.6507643972140227,3.316664265947601,1.251210507215747,3.908001702768457,104.38765234840557,56.176507178779055,287.0,190.0,97.0,63442.545402432144,87033.1843718075,445931.6813516667,23.40827773006379,False,1,1,1
T1_700doc_325RPM_22-01-2024.csv,700.0,325,31.156111148336482,24.73694947983896,-44.09165040537715,102.33326418340206,146.42491458877922,39.78215594277919,-0.10019123099412126,0.6288138002111148,2.518096681855528e-05,15826199.314556018,2.5723408336791374,2.963552247947393,1.1520838176443042,3.257472694050217,20.73452987541075,19.701934154156717,-22.41585051879287,105.63465587973594,128.05050639852882,28.60221911965972,0.9027796119249687,1.458055349274611,-1.256869549925185e-06,8180869.385690279,3.693232872519602,4.694420937495354,1.2710871747149592,5.542429141908667,57.965663508193636,88.3522215463645,-128.9052316248417,285.58913826704025,414.49436989188195,105.66992570321514,0.1984587534149268,-0.4397125274750029,0.00012616180472339926,111661331.98123008,2.702652967402918,3.3864189749609213,1.2529980784825143,3.9832179150906812,102.41177823091861,55.485743644009865,287.0,190.0,97.0,64563.98961346998,82400.35034715553,420895.4241542422,22.28290216824072,False,0,1,1
T1_700doc_325RPM_22-01-2024.csv,700.0,325,30.982548833383387,26.43943969955837,-51.900981367528445,108.1902601712942,160.09124153882266,40.730360958866655,-0.09624831123390717,0.5333086024885927,-0.00013405952504623255,16589623.038395692,2.656255864772593,3.0836257051452516,1.1608918199637543,3.405321170991267,20.986329957949167,20.65481923038004,-30.235729443728925,112.4770486342907,142.71277807801962,29.445672051145166,0.8964607846364291,1.3334935288401581,-1.4164175355225927e-05,8670476.025435917,3.8198159797108917,4.89257388726443,1.2808402062433206,5.805551493889194,58.58798889371443,93.28150090764923,-133.7701885998249,286.5621296620369,420.3323182618618,110.15439552824832,0.19016881013509393,-0.5624782905998331,-4.9929489376555185e-05,121339908.54193772,2.6014588731372963,3.25099671325347,1.2496821482835307,3.817847445790659,106.26227864744514,58.037306081775164,283.0,190.0,93.0,74895.88073693003,90649.73141993277,409830.9636996328,13.810885675252884,False,1,1,1
T1_700doc_325RPM_22-01-2024.csv,700.0,325,30.262821589061716,29.036920162536443,-55.80564535945654,111.1187581652403,166.92440352469683,41.940208667302734,-0.07334230870651232,0.33636261448484106,-0.00014364669064091052,17589811.030568954,2.6494564928540827,3.1172043944496526,1.1765448509372187,3.471041149935649,20.8631668781807,22.04879301318075,-30.235729443728925,112.4770486342907,142.71277807801962,30.35491732034374,0.8974877369218071,1.183666252578087,-0.00012931705689287368,9214210.055249045,3.7053979573487106,4.806397210988793,1.2971338750420942,5.744869994560937,57.86690491497051,100.2297253718813,-138.63514557480812,297.265035007,435.9001805818081,115.73494084571428,0.17805933333705884,-0.7576079660189046,-0.00030066097877847587,133945765.32560985,2.5684986127334066,3.1991869623093314,1.2455474752640585,3.766855687458797,111.24518067520016,60.82341997688767,283.0,190.0,93.0,100473.4453936439,102179.7814358832,484146.8360157394,18.319181604646076,False,1,1,1
T1_700doc_325RPM_22-01-2024.csv,700.0,325,30.177309464065647,29.376591226196417,-60.68647534936667,115.99958815515042,176.68606350451708,42.114773162882244,-0.06550704403920307,0.4493059481442523,9.56941155834547e-05,17736541.185610265,2.754368109891338,3.250966685259972,1.1802949190361578,3.6258057160594093,20.91213885872714,21.680764681989587,-23.393335198014974,111.4995639550686,134.89289915308356,30.122634493724025,0.9350018693998148,1.3443018196691403,0.00011188214153903281,9073731.088424925,3.7015209934011333,4.793050505806017,1.2948867544857376,5.718661084933603,57.86058046530906,100.68408919201677,-139.60813696980475,299.21101779699325,438.81915476679796,116.12550360798653,0.17265432195611255,-0.7820060507432403,0.0002934927979469523,134851325.8820849,2.576617611985237,3.2177074592576553,1.2488106284341007,3.82070028687596,111.2600422751261,61.54155351101535,283.0,190.0,93.0,102008.41656425549,96347.43599431378,492019.1921418325,13.07343286975906,False,1,1,1
T1_700doc_325RPM_22-01-2024.csv,700.0,325,30.409148910914286,29.896057024714768,-60.68647534936667,115.99958815515042,176.68606350451708,42.643763472648104,-0.11515542817594338,0.32900581685538954,-1.323505270175305e-05,18184905.631111566,2.7202005336502033,3.2159719840361904,1.1822554786873443,3.6092567963892193,21.397362309159828,21.661787115331553,-25.34830604761839,106.61214055895806,131.96044660657645,30.44799065323355,0.9150631329143306,1.261358597659913,3.7433425137814186e-05,9270801.348193977,3.50145077792304,4.5200531352797935,1.290908660998216,5.388082114375382,58.81031743243431,103.19040825393132,-139.60813696980475,299.21101779699325,438.81915476679796,118.77252961908619,0.16294316778645057,-0.9258864690484785,2.4752722522251528e-05,141069137.92116705,2.5191937795430386,3.1286882649151186,1.2419402946773859,3.702650612849095,113.97756228829044,62.14177165857222,283.0,190.0,93.0,114196.43865113863,87644.08362251459,513057.7992509227,14.422983351601346,False,1,1,1
T1_700doc_325RPM_22-01-2024.csv,700.0,325,30.16725494919541,33.65961112370545,-65.5673053392768,115.02342215716838,180.5907274964452,45.199919161087344,-0.14562525497409948,-0.16242296352448538,-0.00010575691330487199,20430326.92168831,2.544770528178116,3.0424939382918303,1.1955867551130634,3.4680854592486923,21.592468261971426,22.932161671778914,-26.32579072684049,112.4770486342907,138.8028393611312,31.49791619432703,0.8060493556586548,0.7677330903968502,1.3183500309343988e-05,9921187.24584849,3.570936183218003,4.62389975764358,1.2948704542450495,5.534899457201318,58.76020835932029,111.49904246808009,-144.47309394478796,306.02195756196977,450.4950515067577,126.03491007546069,0.1490880920762146,-1.161092366533139,-0.00011531230062784278,158847985.57729462,2.428072963107965,2.9656304039515087,1.221392622466939,3.4534821994584948,122.4392983864161,62.67829117904624,283.0,190.0,93.0,127769.20451906018,84158.13333111811,594432.9859222067,12.917500088502038,False,0,1,1
T1_800doc_325RPM_22-01-2024.csv,800.0,325,31.342363978072406,2.0991278876764454,25.216141407936814,36.93013338372111,11.7139919757843,31.412578971214565,-0.026548377287929963,-0.7770721296060374,3.664939135125051e-05,9867501.176227916,1.1756479280979333,1.178281683205453,1.0022402583669592,1.1796094376308528,15.691685914237128,2.3053482718256646,5.931207415387036,22.548449198901658,16.617241783514622,15.860127284655613,-0.3988150537249968,0.6992942061156291,0.0002849221543668397,2515436.3748547747,1.4217066984523432,1.4369679155025248,1.0107344342309106,1.4452271655209292,60.04523888084504,5.4802506200684205,43.3142601326108,78.34195332109928,35.027693188488485,60.29480789517871,-0.1290162270861488,0.33827855263643825,9.933071308772714e-05,36354638.59116505,1.299315082938736,1.3047154908745155,1.0041563497620338,1.3074772648191635,69.61717524920827,5.215987398929952,6.0,1.0,98.0,5277.48331362264,5210.396001856343,26569.07501280575,2.2831008175290575,False,0,0,0
T1_800doc_325RPM_22-01-2024.csv,800.0,325,31.315812233293265,2.9670948163455413,18.382977932915093,42.78712937161326,24.404151438698168,31.45606058425092,-0.14984373052019764,0.6001577295010829,-3.8649183151806874e-05,9894837.474800643,1.3602189395907844,1.3663107012158004,1.0044785155151923,1.369437440381039,16.164104265818924,2.825863169426648,4.953722736164927,24.50341855734587,19.549695821180944,16.409258647744803,-0.41295625392368385,0.5911758398676152,-8.412309792805381e-07,2692637.693685876,1.4932678607460115,1.515915645827743,1.0151665924627997,1.5285219609137934,60.54973436268498,16.27796552067909,19.962465168386696,107.53170110821723,87.56923593983053,62.699621154231316,0.1328443009266304,0.1880815542557075,0.00010725292118038292,39312424.928841315,1.7150295189775704,1.7759235814994072,1.0355061308554847,1.8105236280272388,70.67236882445823,13.978780149659999,98.0,98.0,98.0,9932.588764279095,9051.057055438878,79868.70058190609,6.5065436125869205,False,0,0,0
T1_800doc_325RPM_22-01-2024.csv,800.0,325,31.792962086512947,7.5651700258915096,5.692818842288107,61.33428631156683,55.64146746927872,32.68064007566401,0.252568186800722,1.1678053510925395,0.00015055358708933566,10680242.357550967,1.8767773877611431,1.92917810377869,1.0279205815027732,1.9582261763428674,16.44043927697505,7.813463682672925,-10.686033622547985,46.00808448255063,56.69411810509861,18.20269920479797,0.14131420112795864,1.231635830396847,0.00017132325776453422,3313382.583403526,2.5275418752414236,2.770308910151686,1.0960486697721177,2.950962806918263,61.28268870290681,37.031101364028075,-38.41702595293522,167.8571675980091,206.27419355094435,71.60216758513883,0.1585491237711565,-0.28390763057019175,0.0001226793149638942,51268704.028903045,2.344302878797879,2.692433079977185,1.1485005219794049,2.977245680665685,75.31379776394223,29.22438644963764,195.0,195.0,97.0,25327.00042909237,31738.447686222713,177072.8136017487,23.379790321409214,False,0,1,1
T1_800doc_325RPM_22-01-2024.csv,800.0,325,32.81998631835896,22.15213141305605,-45.06781938165427,106.23792817533015,151.30574755698441,39.59631836520377,-0.045694054675869074,1.2704284013760967,0.00021881301990161429,15678684.280785736,2.6830254064400423,3.0422675407427104,1.1338944213649198,3.302439535762374,18.143022303939336,21.71145181526657,-40.9880609151721,122.25189542651177,163.23995634168386,28.294105362210736,0.7060432822309514,1.1891163073993676,0.0005337863819077205,8005563.9824788235,4.320754936814151,5.550274178870846,1.2845612074827055,6.5751033260796135,63.203374008370275,84.61293711322082,-144.47309394478796,310.886914536953,455.3600084817409,105.61257317652948,0.20768052291354144,-0.18028650686579306,0.0004889648097058485,111540156.12967795,2.943654388737515,3.7311103802582872,1.2675096623209556,4.471538539326726,101.70129414186944,56.38516834384028,195.0,195.0,98.0,81176.95125123029,115368.45873630831,415262.06701129524,37.77962499268301,False,1,1,1
T1_800doc_325RPM_22-01-2024.csv,800.0,325,33.71893776188992,42.15129195432483,-78.25746331304312,129.66591212689875,207.92337543994188,53.97868261831643,-0.18349896466704146,-0.4510641711526975,0.00019223175548354593,29136981.772089362,2.4021688903333778,2.8566907275265185,1.189213106131793,3.243549426154972,20.387034086644526,32.39809821610265,-47.83045665204525,144.73404304862024,192.5644997006655,38.278818253313936,0.6325439212394434,-0.1012778365661049,0.0002979266195524278,14652679.268702399,3.781047839325345,4.959634201162775,1.311708926181618,6.031501129161786,66.27491348278114,134.2370560062431,-167.8248874247074,353.69853591680527,521.5234233415126,149.7062168461062,0.13752640773139432,-1.1469601181225,0.0003032101805583332,224119513.62373376,2.3626175543557917,2.8844343878703977,1.2208638603199102,3.36613838941486,146.63867689305084,72.71874521406423,293.0,195.0,98.0,148750.69603461464,182687.09046363228,671110.6411304768,51.36351643684518,False,1,1,1
T1_800doc_325RPM_22-01-2024.csv,800.0,325,34.06772186967416,44.53233460288619,-78.25746331304312,129.66591212689875,207.92337543994188,56.06905116526308,-0.23094324384435908,-0.6766215320089763,8.023868122726141e-05,31437384.985728893,2.312611136306008,2.722684516548824,1.1773205074580055,3.0709279705439285,20.05156130564849,29.381531164707567,-47.83045665204525,144.73404304862024,192.5644997006655,35.571610651991314,0.7840016232033751,0.6259030511927031,-0.00042319237952848825,12653394.843768619,4.06880769230836,5.430484368396377,1.334662333307647,6.660284744201191,65.83259159580311,136.32519416403608,-167.8248874247074,353.69853591680527,521.5234233415126,151.38853549751363,0.1371877567445845,-1.2239893906271735,-0.000638593468401434,229184886.80081946,2.336362755306622,2.8338257797390294,1.212921997366424,3.290719340986379,149.1999504112542,71.18245191275014,292.0,195.0,97.0,184043.13158571723,102586.40361442919,850652.8572566537,24.88956217806244,False,1,1,1
T1_800doc_325RPM_22-01-2024.csv,800.0,325,34.26900720291062,31.940713359500094,-68.49580333322287,107.2140941733122,175.70989750653507,46.84628079780601,-0.2826725648038737,-0.3103527123876373,0.00011570981457264721,21945740.245868877,2.2886362022219155,2.6945885680980117,1.1773774117013347,3.0572466428384857,19.005652592775537,19.188400093019485,-30.235729443728925,114.43201799273491,144.66774743646383,27.00758279830066,0.5946794350952562,0.38920300746076997,8.90927969728547e-05,7294095.286070657,4.237032941723873,5.442486424944817,1.284504156517248,6.616628659888589,63.97524816307342,106.89871013594076,-136.6891627848148,305.0489661669731,441.7381289517879,124.57996069294096,0.1432456524931789,-1.2211114894869652,9.608342155394e-05,155201666.06254715,2.4486198620566593,3.0235748965061378,1.234807796570987,3.571604066980594,122.17349777567186,59.31093154475463,97.0,194.0,97.0,106544.55819678318,82586.63914373262,713308.6014844305,31.11685709942338,False,0,1,1
T1_800doc_325RPM_22-01-2024.csv,800.0,325,34.606272622662495,26.161869224883652,-42.1393184094131,94.52393024295569,136.6632486523688,43.38245620263972,-0.1661565060823967,-0.4977684048041118,4.042158762922859e-05,18820375.061739534,2.1788515108834274,2.5502055676755666,1.1704356882225404,2.886171850585468,19.321673418860005,16.73398650466196,-17.528427122682334,83.15250229299069,100.68092941567302,25.560777923281012,0.4362289847913329,-0.3706121327755816,5.997833543813073e-05,6533533.680432899,3.253128779670456,4.087092186080113,1.2563573294796337,4.928942455330425,64.59465454428711,96.46610981846607,-107.49942093491556,262.23734478712083,369.7367657220364,116.09556296088212,0.146416296552894,-1.2269634663912443,0.00013126316438850284,134781797.39204144,2.2588059190124308,2.813825915505497,1.2457138932661052,3.353202675508012,113.51958361941827,55.9184651818636,97.0,194.0,97.0,92632.48213976267,75075.44990884062,638741.0461958058,29.089297914563243,False,0,1,1
T1_800doc_325RPM_22-01-2024.csv,800.0,325,34.643952651218804,26.463231288640653,-50.924815369546415,114.04725615918636,164.97207152873278,43.594794018735534,-0.1316627653807032,-0.07002791026690813,-3.6267500246252276e-05,19005060.655359797,2.6160751237905333,3.05508802004331,1.1678135663079408,3.4348349937817697,19.424309317046976,17.671639038737926,-32.19069880217314,119.31944138884543,151.51014019101856,26.260057478226592,0.6827905683457031,1.0828270053101354,1.941203452752281e-05,6895906.187597644,4.543761623057322,5.721497875628257,1.2591985122182712,6.80376177367407,64.71511082758435,95.93544425189829,-138.63514557480812,316.72486290693286,455.360008481741,115.72231864785466,0.17911175193692355,-0.9579602970680057,-9.649061122079425e-05,133916550.33235611,2.736938445475958,3.4359799049406123,1.255410004057687,4.114487852400535,112.5407609820291,57.587575353691996,287.0,194.0,97.0,88934.67746358503,68061.45443576582,596468.0784978931,16.102042885791366,False,0,1,1
T1_800doc_325RPM_22-01-2024.csv,800.0,325,34.229472524350335,30.367469960099676,-60.68647534936667,125.76124813497069,186.44772348433736,45.75849670905733,-0.1727685495802488,0.5280018258960881,-0.00013099007901689225,20938400.210728105,2.748369312361562,3.2128699891350663,1.1690095558425437,3.5797154955106962,19.452167635139237,19.60305943450352,-32.19069880217314,119.31944138884543,151.51014019101856,27.61642201477657,0.8405800668895373,1.6605593635056435,2.5455392212776735e-05,7626667.648982361,4.320597408491289,5.495572553829664,1.2719473800149006,6.479038879305018,64.45648965961522,101.2684159436756,-142.52711115479468,324.508794066906,467.03590522170066,120.04137256371811,0.2128362373365625,-0.6638707838013098,0.00011074458601418649,144099311.26981378,2.703307927395251,3.3997822914437874,1.2576378210526753,4.044475065768688,115.55133276183531,62.56458590861149,287.0,190.0,97.0,111712.78556792252,71446.00351346158,491120.1044922323,13.41116055086842,False,0,1,1
T1_800doc_325RPM_22-01-2024.csv,800.0,325,34.25534096313156,36.9110221470244,-66.54347133725882,127.71358013093472,194.25705146819354,50.35724317750649,-0.1817229868093312,0.102420597473182,0.0001019375341468851,25358519.40438524,2.536151148718595,2.994842917914321,1.1808613691764713,3.3555066550371255,20.05107255780091,22.511832587645472,-32.19069880217314,119.31944138884543,151.51014019101856,30.14677623183569,0.8406314717394786,1.1579596433278994,0.0001535079059346388,9088281.171723733,3.957950278704804,5.153238853624546,1.3019968647283986,6.180867120236574,65.30561930704465,114.45779723090834,-142.52711115479468,332.2927252268792,474.8198363816739,131.77788608119485,0.20305723386516103,-0.897564032975366,0.0001686018446508504,173654112.6002837,2.5216121999569587,3.136981912572019,1.2440382040607052,3.695397450509552,126.9111540806538,68.58316329505236,282.0,190.0,97.0,139629.2699509948,85734.81732720697,437929.13802632067,9.686207220605281,False,1,0,0
T1_800doc_325RPM_22-01-2024.csv,800.0,325,34.379997422845555,40.94884194895464,-67.51963733524084,127.71358013093472,195.23321746617557,53.46767135153105,-0.20179840841735905,-0.41970407105571983,-8.539673064227754e-05,28587918.797553346,2.388613098394786,2.832438637746623,1.1858088861901075,3.2051119827875794,20.628277317424455,23.4483037424668,-32.19069880217314,118.34195670962336,150.5326555117965,31.23057433803533,0.72605165122344,0.5801772264112071,-8.366692363890794e-06,9753487.73483551,3.789298122689219,4.959783166892765,1.3088923083657686,6.032750651237166,65.926290623679,122.59202926503764,-141.55411975979803,332.2927252268792,473.84684498667724,139.19440159258428,0.16949767343281888,-1.2074053143518773,-0.0001718815759985413,193750814.3471763,2.3872563941147935,2.919403650755053,1.22291164784484,3.4028114270571588,136.15106470213144,68.35283219027971,282.0,190.0,92.0,178145.12273644356,68987.39231242104,542026.6230263214,10.060031037639847,False,0,1,1
T1_800doc_325RPM_22-01-2024.csv,800.0,325,33.80074045120739,43.804998952812134,-72.40046732515097,124.78508213698863,197.1855494621396,55.32963029250927,-0.22094777069196364,-0.7578764752178757,-8.528134769535935e-05,30613679.883057598,2.2553030171590085,2.672961151539434,1.1851893653326224,3.041149884271351,20.523002205067655,22.713067557483566,-29.258244764506816,107.58962523818016,136.847870002687,30.611714381589678,0.5452068708447453,0.009263760385610276,-5.716135366552585e-05,9370770.573800243,3.514655334132024,4.53877292206381,1.2913849269902025,5.504287784501756,66.00549223222608,124.30039659253246,-128.9052316248417,314.77888011693955,443.68411174178124,140.73845813379978,0.14473822413526521,-1.3517524194084374,-4.679067154905844e-06,198073135.97879314,2.23662305450071,2.704173136811344,1.2090428610086053,3.1215684712913205,139.55215529673546,65.80998857013219,282.0,185.0,92.0,169556.7025372469,69898.67047272106,659808.5151215874,21.286769881652702,False,0,1,1
T1_800doc_325RPM_22-01-2024.csv,800.0,325,33.85716281236631,47.256468641880076,-72.40046732515097,124.78508213698863,197.1855494621396,58.13330630717709,-0.21147195680860864,-0.9562457737051293,0.00014931047232330272,33794813.022040755,2.1465333741319093,2.5469328096109574,1.1865330585139287,2.9179225067462853,20.402771570827927,22.66446434015521,-31.213214122951037,104.65717120051384,135.8703853234649,30.495098484798362,0.4988224945161524,-0.025572396990039437,1.0516474147608617e-05,9299510.315975513,3.4319341927255906,4.385583815253108,1.2778752647847667,5.254825550060442,65.97951334715516,126.34847645967831,-124.04027464985847,304.07597477197646,428.11624942183494,142.53853403627144,0.14635523374663936,-1.3935813589557535,0.00016408809823403552,203172336.8520931,2.1332896176313905,2.571330747158265,1.205335987156416,2.9607249381076826,142.79445302649307,65.08771161959528,277.0,185.0,92.0,247685.7757632778,76510.1815984964,702496.9300484614,25.036048508189307,False,0,1,1
T1_800doc_325RPM_22-01-2024.csv,800.0,325,34.022720566768854,48.82407036199033,-68.49580333322287,124.78508213698863,193.2808854702115,59.50911998573848,-0.20431908723138506,-0.9972817967307281,-6.045032010694861e-05,35413353.61477019,2.096906863467208,2.4915917094002706,1.1882224016761793,2.8677783035005806,20.407658977625573,22.45124330472555,-31.213214122951037,104.65717120051384,135.8703853234649,30.34025166136638,0.515012426382394,0.20007563038896325,-1.7991042217506559e-07,9205308.708750455,3.449449673938551,4.36824602514515,1.266360271363961,5.15327111866008,65.62437142558494,126.65683139544261,-123.06728325486183,304.07597477197646,427.1432580268383,142.6482073639087,0.1572131704391891,-1.3962301496517353,0.00017509910129048683,203485110.64136702,2.1316494640290196,2.5697319533160976,1.2055133813882608,2.9553152345049782,143.48158733509808,64.98777879178044,277.0,185.0,92.0,297112.3877728498,70936.34502152498,750402.2458178268,51.14689922755094,False,0,1,1
T1_800doc_325RPM_22-01-2024.csv,800.0,325,34.240991314370696,49.56005412382128,-68.49580333322287,125.76124813497069,194.25705146819354,60.23823080857292,-0.20683215062691995,-1.0078132135135112,0.00012675823536129044,36286444.50946904,2.0877314364463824,2.4783224173626404,1.1870887098299865,2.852378821976236,20.60286268488837,22.684165865504152,-30.235729443728925,104.65717120051384,134.89290064424276,30.64391182316757,0.5517515621517101,0.2962506614254057,8.670386546223279e-05,9390493.318260692,3.4152679920384834,4.324604205587851,1.2662561812628381,5.074755530233309,65.81459125160032,127.39547386987208,-123.06728325486183,300.1840091919899,423.2512924468517,143.39165660576103,0.16094665213388154,-1.4053062360819764,0.00016162866894276046,205611671.84144488,2.0934552002374276,2.5208686724083975,1.2041665243767794,2.892902843742542,144.44050540803275,65.31310254757098,277.0,185.0,92.0,312268.985785122,69036.69073167563,763291.399556858,31.824703167290856,False,0,1,1
T1_800doc_325RPM_22-01-2024.csv,800.0,325,34.905077126143595,49.86474965761977,-68.49580333322287,125.76124813497069,194.25705146819354,60.86754198749218,-0.21261817038289163,-1.004214138867035,6.850179149212671e-05,37048576.67599124,2.0661463241084004,2.4525410635435425,1.187012282202173,2.8225606746939107,20.95768965071557,22.73304629155546,-29.258244764506816,107.58962523818016,136.847870002687,30.919510817438777,0.5683745262600133,0.28815741037247156,7.428545491813205e-05,9560161.491897136,3.4796677694363463,4.411523120225662,1.267800092576155,5.180550475766904,66.31753056446566,127.02345917845356,-124.04027464985847,303.10298337697986,427.14325802683834,143.29331471436166,0.16107425682807083,-1.4048844253937585,-0.00012506198600346132,205329740.41829094,2.115262557650927,2.548151612750068,1.2046502707351276,2.9232392699335357,144.6766912558279,65.28784623407167,277.0,369.0,92.0,312761.7358321714,74376.56522036286,771675.0130832437,34.827058965498736,False,0,1,1
T1_800doc_325RPM_22-01-2024.csv,800.0,325,35.156537511431715,50.208969584766535,-67.51963733524084,127.71358013093472,195.23321746617557,61.29374157739693,-0.2154308425903244,-1.0216932324454235,4.302348306600011e-05,37569227.565567166,2.08363165380707,2.4729963890638085,1.186868314534058,2.8481001620440947,21.176450731347735,22.342686975905448,-29.258244764506816,107.58962523818016,136.847870002687,30.783725032563765,0.5642230020982694,0.22740473783148873,1.156297071123217e-05,9476377.26880493,3.49501644535771,4.43150923558367,1.2679508966173438,5.2175660217191595,66.63706097543968,126.28183830033568,-124.04027464985847,303.10298337697986,427.14325802683834,142.7851553207006,0.15706516648272062,-1.4071959759813362,-0.00019763644350423893,203876005.7995659,2.122790584890983,2.5568949760132282,1.2044970399868902,2.9323271183788755,144.4410746256447,65.03027775108099,277.0,369.0,92.0,308956.00397316617,76141.75123807472,777733.3122360113,33.37240978048331,False,0,1,1
T1_800doc_325RPM_22-01-2024.csv,800.0,325,35.21461938812551,50.31206387100637,-69.47196933120489,127.71358013093472,197.1855494621396,61.41150698045742,-0.22220832724158404,-1.0326939547671825,3.1826268046350215e-05,37713731.8961077,2.079635990231866,2.46422087109052,1.1849289407689925,2.833222180055991,21.224933982378534,22.17725491415983,-30.235729443728925,97.81477844595908,128.050507889688,30.697368911422252,0.5348435605944898,0.15690806742591912,-2.6953054157470247e-05,9423284.580839533,3.18642222166353,4.026584907193795,1.2636696040525484,4.728491614239627,67.06926377889626,126.40481013557279,-120.1483090698719,304.07597477197646,424.2242838418484,143.0959893541862,0.15269765167559077,-1.4135834172416433,-9.0890190690214e-05,204764621.69253373,2.124979016842591,2.5587353931871615,1.2041226632859034,2.934799785489152,144.7296235952436,65.14215126112435,277.0,369.0,92.0,305371.14788647834,76285.94434783988,784848.8789168531,31.001745065953006,False,0,1,1
T1_800doc_325RPM_22-01-2024.csv,800.0,325,35.270456101368374,50.04691045285621,-69.47196933120489,125.76124813497069,195.23321746617557,61.226614470136774,-0.22285296229552767,-1.0340810976460773,2.1969244216761603e-05,37486983.19474762,2.0540291052073543,2.43057354227227,1.1833199130968028,2.7871222521298344,21.28798175444008,22.30524477019801,-32.19069880217314,100.7472324836254,132.93793128579853,30.833457662672533,0.50448330192625,0.1777277667862016,1.7283105594382637e-05,9507021.114358194,3.267464634872643,4.111356019666446,1.2582710079819106,4.808021484474515,67.33138768962446,126.10703652466188,-121.12130046486855,304.07597477197646,425.19727523684503,142.9562885263986,0.15323229307671585,-1.4146277064658288,3.7032813957326406e-05,204365004.2924292,2.127055604943361,2.562988467568073,1.2049466227453511,2.941593525297184,144.55817900592155,65.10632644102601,277.0,369.0,92.0,292825.22779784625,77901.43449615214,793061.8298351933,33.30787934347501,False,0,1,1
T1_800doc_325RPM_22-01-2024.csv,800.0,325,35.44597076180352,49.931388766551365,-68.49580333322287,126.7374141329527,195.23321746617557,61.23365436917123,-0.2219570255511668,-1.0323469772468818,2.7070168998759953e-05,37495604.27403122,2.069734616341305,2.4485119205217973,1.1830076673549874,2.8043689295375382,21.29580163899414,22.260890016259662,-32.19069880217314,100.7472324836254,132.93793128579853,30.806791325345696,0.49178048430459453,0.17288375316845173,-3.671405086752264e-05,9490583.917633947,3.270292950007343,4.112330787981861,1.2574808590076396,4.814205334915166,67.02538186674072,125.36639239130899,-121.12130046486855,304.07597477197646,425.19727523684503,142.15883425096757,0.15556106536157135,-1.4100117757758053,0.00011271183699483409,202091341.5559407,2.1389875372441502,2.5775970695444457,1.2050547395266247,2.957691202803229,143.98164052301,64.63002527512512,277.0,369.0,92.0,286306.42223458644,78939.87739234272,792738.0190701715,43.25613852079745,False,0,1,1
T1_800doc_325RPM_22-01-2024.csv,800.0,325,35.73286595936953,50.13586194179141,-68.49580333322287,128.68974612891674,197.1855494621396,61.56656854427278,-0.22723110277869188,-1.0369703957402727,1.302893872737294e-05,37904423.62316639,2.090253674547013,2.470084470721656,1.1817151673023405,2.8250948767120994,21.258559467608556,22.031111389742247,-30.235729443728925,100.7472324836254,130.98296192735432,30.615293885655905,0.458537671319339,0.07052257089769443,-6.055965278569232e-06,9372962.197050799,3.2907485017097353,4.131198409411034,1.2553977939258,4.838058921797903,66.78252317272927,125.35830008948983,-116.25634348988534,292.4000780320168,408.65642152190213,142.03735002682467,0.15995343946875878,-1.4094785857811114,0.00029192268605405456,201746088.02642706,2.0586140052373207,2.4820006274061983,1.205665861153057,2.8495326121914077,143.99547641129692,64.55734007646271,277.0,369.0,92.0,280388.2887731059,78100.1182941608,800116.4067975053,39.588631342474955,False,0,1,1
T1_800doc_325RPM_22-01-2024.csv,800.0,325,35.62988044857416,50.548828413380015,-69.47196933120489,128.68974612891674,198.16171546012163,61.84393611943714,-0.22406461128869265,-1.0449074006047745,-8.646109422220106e-05,38246724.34745022,2.0808789705814084,2.4590610951363687,1.1817415284125314,2.8143416041238978,21.26657484083185,21.65864570326982,-29.258244764506816,97.81477844595908,127.07302321046589,30.353980614747552,0.44659662994262905,0.10095960707663831,-4.327552607204226e-07,9213641.391604703,3.2224695563795525,4.023902507577207,1.248701481015096,4.685497998232906,66.77376625580537,125.62110139596929,-118.20232627987862,301.15700058698656,419.35932686686516,142.2652346004509,0.1618765321993902,-1.411499799220896,0.00014174436591984625,202393969.7592133,2.1168699537366247,2.5531110558439156,1.206078366475585,2.9321461286405395,144.24776465083383,64.63757377148744,277.0,369.0,92.0,282919.82952791953,75922.97709416537,802689.2012404506,31.245305981600932,False,0,1,1
T1_800doc_325RPM_22-01-2024.csv,800.0,325,35.796023946617034,51.292881366740495,-69.47196933120489,129.66591212689875,199.13788145810364,62.54850125534019,-0.2220273247388312,-1.0485138644971481,7.919344988443758e-05,39123150.09289294,2.0730458687981477,2.450691450161396,1.1821694285916544,2.808255357138183,21.337931235453386,21.7811675136154,-29.258244764506816,102.70220184206964,131.96044660657645,30.49141793464371,0.4345658563462875,0.11760436641700522,7.198540784341886e-05,9297265.67665112,3.368233056993442,4.1961244175124035,1.2457939657114925,4.876621150368916,67.14700579310055,125.92082356662904,-121.12130046486855,301.15700058698656,422.2783010518551,142.70520030705538,0.1622282906061909,-1.4111077489161734,0.0001287188237828415,203647741.946768,2.1103435609844223,2.5456795958656953,1.2062868070060588,2.923521763337403,144.98146658183435,64.70850113711218,277.0,369.0,92.0,291531.8976585606,78432.63808544076,802374.1939756951,45.770333357175296,False,0,1,1
T1_800doc_325RPM_22-01-2024.csv,800.0,325,35.98344784209317,51.65358401681488,-68.49580333322287,129.66591212689875,198.16171546012163,62.95157869654099,-0.22907578367316286,-1.0551181232343811,-8.710963272478903e-05,39629012.60386793,2.0597722060626182,2.4328973174342523,1.181148726190886,2.7877023503452842,21.317208557737548,21.934941286649543,-30.235729443728925,102.70220184206964,132.93793128579856,30.587007534945975,0.406134386658231,0.07782967556972942,-1.3643021187674895e-05,9355650.299428418,3.357706755874412,4.177626942703478,1.244190528370171,4.853010832728599,67.49027718725688,125.73577446016327,-121.12130046486855,298.23802640199665,419.3593268668652,142.70396803841794,0.16247125657193545,-1.4106782633058106,-0.0002433003623829851,203644224.93909812,2.0899070327302094,2.5228483572650853,1.2071581739065642,2.898740781355801,145.1664476312866,64.72705204435293,277.0,369.0,92.0,295267.6504911956,80737.01359557701,800335.531467176,47.21844812695909,False,0,1,1
T1_800doc_325RPM_22-01-2024.csv,800.0,325,35.73950393089435,51.53252301939553,-70.44813532918693,126.7374141329527,197.18554946213962,62.71294180606538,-0.23339299296949323,-1.0600450667987618,2.368749203646783e-05,39329130.69970943,2.020913235498946,2.3841118774412142,1.1797200570328283,2.728173972253657,21.15035192092535,21.54265862641633,-30.235729443728925,101.72471716284753,131.96044660657645,30.189791769293485,0.368889227776426,0.0765665683197101,-4.5061479143313534e-05,9114235.270733006,3.3695070817385813,4.172743221303254,1.2383838704236299,4.829849555551856,67.39365913424724,125.13208504970366,-119.17531767487526,296.29204361200334,415.4673612868786,142.12650702943972,0.15747839130457708,-1.4143831950595207,-0.00032254590476531923,201999440.0038938,2.0847064337592576,2.5144414777003976,1.2061369586537987,2.88693466632627,144.5834665578648,64.34206862966415,277.0,369.0,92.0,282585.6501222189,78076.65294973907,805678.4250048812,34.39636442444414,False,0,1,1
T1_800doc_325RPM_22-01-2024.csv,800.0,325,35.91853278239791,51.467875455097946,-70.44813532918693,127.71358013093472,198.16171546012163,62.76211597055717,-0.2366293368833762,-1.0568874912335815,7.523469412521257e-05,39390832.01101667,2.0348832756188053,2.3988086345686916,1.1788433583932312,2.7405613220080585,21.306456240907423,21.426817840065542,-29.258244764506816,97.81477844595908,127.07302321046589,30.217107742089645,0.34136913355525134,0.051821617217850946,6.316191847854333e-08,9130736.002970539,3.2370662103346213,3.9915529365675626,1.2330773228623422,4.606227366606411,67.52199670389504,125.05321962589264,-115.28335209488868,296.29204361200334,411.57539570689204,142.1180065216317,0.15406304174902963,-1.4192424702402695,-0.00024062276562094245,201975277.77682555,2.0848311263562853,2.5128850747134446,1.2053182835509946,2.8838164476964065,144.62952133102425,64.28052690076576,277.0,369.0,92.0,271278.70219840744,75545.1593810975,811116.3712902091,51.75428061525151,False,0,1,1
T1_800doc_325RPM_22-01-2024.csv,800.0,325,36.150079378116224,51.43491244340036,-67.51963733524084,127.71358013093472,195.23321746617557,62.86794459105821,-0.23868937749396024,-1.0544713878932135,2.2060782216935473e-05,39523784.571043655,2.0314578591949,2.3937849659078116,1.1783581702534098,2.731422326350045,21.540857068550597,21.539706941230477,-29.258244764506816,94.88232440829276,124.14056917279957,30.462558959513217,0.3303628426502534,0.029429341175716495,-1.0816161292903034e-05,9279674.983618189,3.114719434253627,3.8310225579690513,1.2299735622534715,4.408515319402206,67.9911731846103,125.62778241938234,-116.25634348988534,295.3190522170067,411.57539570689204,142.84655874969948,0.15512265619062504,-1.419621828062363,8.254897384327587e-05,204051393.46631342,2.067386535607586,2.493314544994632,1.2060224355973517,2.862879201683566,145.27013780402098,64.66894435892924,277.0,369.0,92.0,270845.39147207537,76722.5938871621,814962.8526344183,28.21686811837901,False,0,1,1
T1_800doc_325RPM_22-01-2024.csv,800.0,325,36.12762755347078,51.34360878841109,-67.51963733524084,127.71358013093472,195.23321746617557,62.780344344864076,-0.23499025484136404,-1.0654817067723499,-4.0198791813386803e-07,39413716.36059707,2.0342924439754637,2.3973557028203882,1.1784715171705686,2.734962061573342,21.43548421235779,21.65954917935643,-30.235729443728925,91.94986440598964,122.18559384971857,30.473202228699233,0.2770111963302204,-0.02364318403348964,-2.8266509782378044e-05,9286160.540711999,3.0174007876137336,3.701463280768887,1.2267058774436572,4.2539961542028095,68.04244985723183,125.51247912173233,-116.25634348988534,293.37306942701343,409.6294129168988,142.76959549517957,0.15652644514600583,-1.4180871868500349,0.00011193134218412185,203831573.97857198,2.0548707755981477,2.479130398430758,1.2064653543525694,2.8472103527409556,145.1756877802634,64.6309892042168,277.0,369.0,92.0,263658.3567088117,76993.39818332651,819710.5591916109,24.231555136494396,False,0,1,1
T1_800doc_325RPM_22-01-2024.csv,800.0,325,36.30587547346966,51.4320185456901,-67.51963733524084,129.66591212689875,197.1855494621396,62.95529465882354,-0.23353326589622297,-1.0762671308667344,7.172827478267828e-05,39633691.25579296,2.059650627156986,2.428754996173689,1.1792072714420465,2.774980133371061,21.368037773629435,21.628632574739417,-30.235729443728925,96.837293766737,127.07302321046593,30.40379557470306,0.2601959182903084,-0.022237165956500604,4.666124838019373e-05,9243907.853483334,3.1850396286478375,3.902365804245293,1.2252173471078556,4.484514272594383,67.71844371686278,124.83939312192285,-114.31036069989204,298.23802640199665,412.5483871018887,142.02345473365978,0.15980888235738824,-1.4138458189678775,0.0003254838341680118,201706616.9448391,2.099920938842743,2.5354192888401306,1.207387974443166,2.9135512609089784,144.6216924487443,64.36604445414018,277.0,369.0,92.0,258671.37590155052,73264.141339513,816450.5595916506,30.16100568854229,False,0,1,1
T1_800doc_325RPM_22-01-2024.csv,800.0,325,36.09707355713829,51.3476829262042,-67.51963733524084,129.66591212689875,197.1855494621396,62.766099618181265,-0.23343996182604215,-1.0797019255530642,-0.00010662416069214933,39395832.61279455,2.0658590053497417,2.4365661642352183,1.1794445593457707,2.787759377009603,21.077724805223696,21.349233580248782,-29.258244764506816,99.76974780440332,129.02799256891015,30.00100427366998,0.24223077412331454,0.02490404946549951,-7.513601095603665e-05,9000602.574287646,3.3255469348392794,4.059494950441901,1.2206999419895703,4.648856709561857,67.06906920508047,123.92291693859873,-113.3373693048954,298.23802640199665,411.57539570689204,140.9083013402926,0.16223487937713366,-1.4131828712543955,0.00010985622801593105,198551493.8660671,2.1165397891054964,2.5564816232319596,1.2078589953238696,2.9391374450981944,143.64607612196292,63.72281946114879,277.0,369.0,92.0,257732.4589993517,72212.49064249825,812387.9002736115,39.51347232149963,False,0,1,1
T1_800doc_325RPM_22-01-2024.csv,800.0,325,35.770936471924905,51.5624120242325,-67.51963733524084,124.78508213698863,192.30471947222946,62.75541594026131,-0.2279836052580683,-1.0908835160516033,7.124416262855649e-05,39382422.29835203,1.9884352651853212,2.3461261977143684,1.1798856310746986,2.6884516801059584,20.828857189034334,21.09151245043446,-29.258244764506816,99.76974780440332,129.02799256891015,29.642759474246304,0.1715568304554318,-0.0386022958531278,5.73488580511187e-05,8786931.892480189,3.365737521538219,4.084454867426489,1.2135393331443742,4.660822532264116,66.50259357557934,123.20837841482994,-112.36437790989876,296.29204361200334,408.6564215219021,140.01035484524215,0.16171676349415864,-1.4169355413558482,0.0002155243255234754,196028994.63890618,2.1162152180780076,2.554600659970792,1.2071554150767971,2.935582670361655,142.99319465827773,63.03000209736415,277.0,369.0,92.0,253300.6829698115,72031.50040299052,808852.2122120152,48.40723475533409,False,0,1,1
T1_800doc_325RPM_22-01-2024.csv,800.0,325,36.05226753742139,52.36246785900173,-69.47196933120489,127.71358013093472,197.1855494621396,63.573532502723154,-0.22661472690352427,-1.0959765457569919,3.976079045418701e-05,40415940.348747976,2.008911178963732,2.370718159545018,1.1801010340178002,2.7190152694570484,21.11633545093835,21.187405290252038,-31.213214122951037,92.92735504984856,124.14056917279959,29.91330416069003,0.15563829511304678,-0.09042689217778044,8.819879865988303e-05,8948057.658099554,3.106556017705566,3.766365268775607,1.2123925167643883,4.301715997511987,66.79867486008253,123.55441694073491,-113.3373693048954,296.29204361200334,409.62941291689873,140.45553356357303,0.16260010527129976,-1.4156799812415835,5.831186878398204e-05,197277569.08627987,2.109507800046166,2.5472032121732706,1.207486984460321,2.9275010435486113,143.78252311450225,63.17232587249232,277.0,369.0,92.0,271739.8854864268,72857.59312881797,805156.861631768,37.33250827374051,False,0,1,1
T1_800doc_325RPM_22-01-2024.csv,800.0,325,36.41979406586341,52.32247415634783,-69.47196933120489,127.71358013093472,197.1855494621396,63.74984471856842,-0.23084401293028017,-1.0957232408917084,-2.336080621074933e-06,40640427.01641586,2.0033551563104526,2.3628347963090213,1.1794387973925784,2.7067568144741143,21.23676157274758,21.21385188354117,-31.213214122951037,89.99489504754544,121.20810917049647,30.017121011758462,0.133887985470768,-0.07466952196499577,-2.1741995673548605e-05,9010275.538345514,2.998118807339724,3.6243746986656245,1.2088829467974243,4.131350637797885,66.99823541755369,122.99043843594629,-113.3373693048954,291.4270866370201,404.7644559419155,140.05503024073158,0.16253557633679108,-1.4174236091223904,-0.00021908945990835302,196154114.95732236,2.080804139173758,2.514446975197868,1.2084015635399017,2.8918060336491083,143.57838346050542,62.974038730864656,277.0,369.0,92.0,259202.507108488,71433.51393697223,808325.2187844346,31.5446490998148,False,0,1,1
T1_800doc_325RPM_22-01-2024.csv,800.0,325,36.48519718455445,52.107234414630796,-70.44813532918693,127.71358013093472,198.16171546012163,63.61079697611958,-0.23197009827719306,-1.0995324287488466,-7.826219850937772e-05,40463334.91937104,2.0077343187333474,2.367853967844709,1.1793661869258458,2.7112851412153485,21.196195958224347,21.026095110040703,-34.145668160617355,89.99489504754544,124.1405632081628,29.85591061541958,0.09010158426808401,-0.060999457861339756,-3.257214325817628e-05,8913753.986759238,3.014307491966635,3.624352191628062,1.2023830353363893,4.114557809177465,67.02995497131802,122.21660541032266,-115.28335209488868,292.4000780320168,407.6834301269055,139.39122462149268,0.16043678394873892,-1.4168785325177369,-0.0002950740261714845,194299135.0147943,2.0976935874263902,2.535987012041757,1.2089406323413985,2.91807312953837,142.97265061870593,62.6613402917134,277.0,92.0,92.0,246561.73264771287,66943.27616962465,806630.7590204624,30.453097009153755,False,0,0,0
T1_800doc_325RPM_22-01-2024.csv,800.0,325,36.26692645607884,52.44288433798978,-70.44813532918693,129.66591212689875,200.11404745608567,63.76163479913611,-0.22811938207645555,-1.104835334553493,-6.6909585265646776e-06,40655460.722584054,2.033603945936712,2.3999584573974886,1.1801503740159336,2.75274578731901,21.02376765235656,20.901729052240185,-34.145668160617355,88.03992568910122,122.18559384971857,29.645928618843016,0.03997791985927294,-0.13813749241397133,-6.653322281502572e-05,8788810.836735353,2.9697138794681863,3.556622943048062,1.1976315185235886,4.031959419581845,66.83798375247024,122.03588012783683,-115.28335209488868,292.4000780320168,407.6834301269055,139.14047617667276,0.15714348744776277,-1.4145964091213141,-0.000375077474048234,193600721.1067124,2.101473892188953,2.5391037711647466,1.2082490201769513,2.9207459875304935,142.8922911287551,62.340134765480556,277.0,184.0,92.0,242030.4710933414,67826.50067561431,807634.5043344966,34.71288255564969,False,0,1,1
T1_800doc_325RPM_22-01-2024.csv,800.0,325,36.4399030929048,52.348198902660336,-68.49580333322287,129.66591212689875,198.16171546012163,63.7824463765132,-0.23494608944996828,-1.1046946097468688,0.00016255553907592546,40682004.65772782,2.032940401211171,2.39600900985005,1.1785928443463332,2.7426469949580183,20.92543269006667,20.993038586850965,-34.145668160617355,96.837293766737,130.98296192735435,29.640873846354875,0.009493127768009554,-0.18052921255216692,6.250764418120626e-05,8785814.023755245,3.26701885608024,3.9055747425026963,1.1954552191316685,4.421047261386266,66.8922766659471,122.29436056431825,-112.36437790989876,290.45409524202347,402.81847315192226,139.3932828488844,0.15461591229849192,-1.4196879842538723,-7.723504857558035e-05,194304873.03389093,2.083702236619991,2.516138846084019,1.207532823963126,2.893300783791062,143.1411882750447,62.35278174023679,277.0,184.0,92.0,231910.57892227365,72374.9923762602,814110.4126400973,46.03314114519544,False,0,1,1
T1_800doc_325RPM_22-01-2024.csv,800.0,325,36.50579429781513,51.91671556093155,-70.44813532918693,130.6420781248808,201.09021345406774,63.46667134763776,-0.24312872556915457,-1.0990482896975389,3.0246146231096898e-05,40280183.71949063,2.0584359530893113,2.422267459933633,1.176751434164508,2.76531614524583,20.960817636777914,21.258960600245192,-34.145668160617355,96.837293766737,130.98296192735435,29.85463585115447,0.014083920890214699,-0.1644147238577527,5.000927177661289e-06,8912992.818050377,3.243626693339565,3.8838889037437254,1.197390843933696,4.401994489754294,67.19069317233289,122.70082437375638,-116.25634348988534,291.4270866370201,407.6834301269055,139.89310758925183,0.15544132272169664,-1.420796631987624,-4.0016727106247306e-05,195700815.5097799,2.083212616111838,2.516180573629612,1.2078366625514572,2.894063773995467,143.35028954198705,62.77016562795231,277.0,184.0,92.0,229589.4481358787,72679.24337865287,817101.8788995411,51.40659923413181,False,0,1,1
T1_1200doc_420RPM_20-01-2024.csv,1200.0,420,65.94723465165892,7.171392148128328,44.74204991236329,96.4529715114832,51.71092159911991,66.33601302115767,1.1398197029486865,1.956821648655887,0.000700071233349578,44004666.235432,1.4540061592293738,1.4625779537376993,1.005895294496461,1.4667108894220804,20.068320693017153,5.332002754058405,0.0450044970959426,37.2079843223095,37.162979825213554,20.76457918685247,-0.5159397864670371,0.24410173460180262,0.0013817895335460058,4311677.488070667,1.7918968637644495,1.8540656635637758,1.0346944073939173,1.893573703023797,93.65070948947721,29.05649052675011,13.151524290181696,183.4250299179554,170.27350562777372,98.05475526262649,0.33543786805226966,0.498328263424507,0.001551711547785615,96147350.29613575,1.8706388020313356,1.9586080118118638,1.0470262937371992,2.010092469825988,118.27975617234695,21.360446666069446,123.0,1.0,123.0,26032.68824774728,23517.460145154346,132506.85179381835,4.9146293095541065,False,0,0,0
T1_1200doc_420RPM_20-01-2024.csv,1200.0,420,67.38811532768051,13.527187339576223,24.25281887598336,108.16110268175602,83.90828380577267,68.73240054542515,0.37943414514864426,0.007016559077995144,-0.00014542256680267481,47241428.847367585,1.5736552459021491,1.60504715343074,1.0199484020469773,1.6213423549417267,23.63899862479106,4.312459775741436,4.934870454967022,42.09784972071648,37.162979265749456,24.02913992011078,0.26252661240954506,0.6224767470167243,8.672042055478473e-05,5773995.653002614,1.7519499183357539,1.7808643415447796,1.0165041379929929,1.7960055759992888,97.98431666407332,56.78066025918078,-70.52574198782445,254.45341362714768,324.9791556149721,113.24738271410033,-0.07783125013901274,-0.13734648002556193,5.9480184867669905e-05,128249696.9159391,2.2468811863805302,2.5378747151752417,1.1295099761209308,2.770040466320937,129.2354422662967,37.74536532960872,123.0,116.0,123.0,67399.26976071075,6507.176628258841,260082.13118888618,9.314764195346077,False,0,0,0
T1_1200doc_420RPM_20-01-2024.csv,1200.0,420,66.27242784741257,19.365542831217308,7.666298601794988,117.91787865698338,110.25158005518838,69.04389141653456,-0.02756760034948145,-0.3489072843050227,-0.0003275541864670613,47670589.41938216,1.7078683752860506,1.7792901586234426,1.041819255143377,1.8218657804061822,23.791268964035797,7.223011048074,-13.6466202968359,61.65731429815293,75.30393459498883,24.863555005664253,0.25476650703869297,2.921578534811088,-2.4448918969573646e-05,6181963.67519692,2.4798269710066227,2.5870431888554206,1.0432353624274342,2.6517557517133663,98.578522576311,90.5547175370847,-147.3920681297779,344.9416133618355,492.3336814916134,133.85769302340995,-0.07825033817090404,-0.4067574304566546,4.381750494813036e-06,179178819.81549454,2.576927822157444,3.0838352367461765,1.1967099777611705,3.5431004160843416,141.43139594679153,57.44821608674411,116.0,116.0,116.0,77144.60027876734,12570.445555948367,409013.4330556848,4.391789826046447,False,0,0,0
T1_1200doc_420RPM_20-01-2024.csv,1200.0,420,66.00411645864165,25.510198684519604,-44.044620392620565,151.09091697275642,195.135537365377,70.76237436950228,-0.3909917980526754,0.5311610385287233,8.233602157901016e-05,50073136.26409593,2.1351872138122423,2.2774970108601313,1.0666497982599865,2.380206059686418,24.316831686044463,14.500903825820547,-35.16202954173088,113.48989348888396,148.65192303061485,28.31226792422523,0.9412958914577302,4.359159553385422,0.00018621394207277302,8015845.150131129,4.00850591667992,4.554114896960982,1.136112804027733,4.915470975818084,99.49926436112497,121.17439823458464,-195.06865835905077,437.3758196353912,632.444477994442,156.79074716295838,0.02432310801370795,-0.6138325419500172,0.0005494031496039622,245833383.95918745,2.789551217463174,3.4115107358755035,1.222960422636707,3.9807450112517655,157.3272964580652,75.1023190489982,109.0,211.0,109.0,75962.88932629257,36336.70912846213,452353.41324914346,7.313860829664357,False,0,0,0
T1_1200doc_420RPM_20-01-2024.csv,1200.0,420,65.84225168318753,39.6171745482288,-70.38791552573443,171.58014652073385,241.96806204646828,76.84219300551644,-0.5061474826411874,0.42141665761248737,-0.00029235612441767,59047226.258970395,2.2328897681045654,2.4922121702703954,1.116137574666734,2.7105826241775914,24.542841244767317,25.372573725811645,-46.89770649790764,136.9612474012375,183.85895389914515,35.30040444297486,0.9144140175607958,1.7615509780709502,-0.00011308267416392721,12461185.538375989,3.879877569745357,4.963245646700994,1.279227387328807,5.826687541984978,99.65114835963003,156.86817099330543,-237.88027973890303,486.99838078022,724.8786605191231,185.8439518525634,0.13572106415346188,-0.643240115073898,0.00019682738279525882,345379744.4017791,2.6204693557451524,3.264062389891831,1.2456021982228702,3.8566220037904757,180.44713585280644,95.53871876067508,203.0,203.0,102.0,94911.27041051883,77366.37599316868,633930.732805673,15.932185950035247,False,0,1,1
T1_1200doc_420RPM_20-01-2024.csv,1200.0,420,63.71703058211145,52.628572765970624,-84.04740189105273,171.58014652073385,255.62754841178656,82.641555270849,-0.4032850119071461,-0.6281593141941575,-0.0005055384034681978,68296266.5758479,2.0761969684427886,2.410331399723773,1.1609358053978835,2.723597105572456,23.59420725925311,30.52782478128029,-46.89770649790764,139.89516664028167,186.79287313818932,38.58282910919238,0.7253113920763433,0.5561565874803911,-0.00022359158050270096,14886347.020691432,3.6258400399920796,4.7870052328060435,1.320247219956372,5.830141184300052,99.21972401510908,185.00438197248891,-239.8262625288963,489.91735496521,729.7436174941063,209.93135778786598,0.15124991476427826,-1.0174765768028116,0.0002257615558529061,440711749.8265699,2.3337025974950714,2.8843908294403087,1.2359718982771541,3.40068316147914,201.85498121192734,107.90738112957507,101.0,196.0,95.0,136896.001136655,85876.29110718994,945218.1369221619,18.834827111345895,False,1,1,1
T1_1200doc_420RPM_20-01-2024.csv,1200.0,420,62.300346496680795,60.90247482216887,-84.04740189105273,178.409889703393,262.45729159444573,87.12315773129096,-0.3746745885691047,-0.9704114659469942,6.754020048924276e-05,75904446.13071403,2.0477895240396653,2.387922882506945,1.1660978115545293,2.709906783867008,22.073067770942096,28.369058352755182,-43.96378725886345,139.89516664028167,183.85895389914512,35.94473247421145,0.5190581840430725,0.2687056673193542,-0.0002351194349603555,12920237.926426312,3.89195181075974,5.020813869000505,1.2900503688457545,6.023520291919778,96.59877649718737,187.09873064635894,-239.8262625288963,489.91735496521,729.7436174941063,210.56414374302275,0.13436511641469154,-1.2370786429416138,-0.000672735341668364,443372586.30232346,2.32668937007203,2.8333365031571933,1.2177545226286388,3.3032159053426993,205.8166804125953,104.20758657547918,284.0,189.0,95.0,230699.94290911386,89544.3065491398,1062295.3030370446,14.216435528444222,False,1,1,1
T1_1200doc_420RPM_20-01-2024.csv,1200.0,420,63.658880067947614,63.072307633247796,-77.21765870839359,182.31260009348395,259.53025880187755,89.61344208146669,-0.3920805920975127,-0.9878436818261718,0.0004555998163152821,80305690.01688385,2.0344336280236326,2.35978121964784,1.1599204747417926,2.6628931556883964,21.59161158504408,23.859833335692148,-41.02986801981926,113.48989348888396,154.51976150870323,32.179020147394425,0.39266672318957985,0.09048307351357554,0.00013221532397672436,10354893.376464162,3.526828752679512,4.438603977087921,1.258525516362451,5.214594916067237,96.03930581392868,172.2949238201421,-224.25840020895004,451.97069056034087,676.2290907692909,197.25386950681064,0.11315371806089214,-1.3530749414684604,0.0005605389551863499,389090890.3540988,2.2913146986185513,2.788690774639305,1.2170701721245996,3.2538265514282236,197.10589506825158,95.5217959634767,284.0,189.0,95.0,258594.8338566643,81236.5661331947,863653.5436737713,51.25710837578614,False,0,1,1
T1_1200doc_420RPM_20-01-2024.csv,1200.0,420,64.96258061188124,61.156000080605935,-75.2663035133481,182.31260009348395,257.57890360683206,89.21991496081041,-0.3953551666309935,-0.948522300037371,2.6950409169300216e-05,79601932.25614241,2.0434070148303127,2.3720536294002144,1.1608326741489596,2.680006838202478,22.258882721398994,20.24156692489127,-28.316217983961103,99.79827037334442,128.11448835730553,30.086191044727595,0.3768209227835215,-0.08428162623101754,9.937259149360577e-05,9051788.91579847,3.3170789291665224,4.081857644800603,1.2305578890238364,4.734031768000595,98.7464597516795,161.13075228719083,-172.68984439969063,394.5641982555389,567.2540426552296,188.9814346599319,0.10810313101882595,-1.4309352823785344,0.00016906870629861836,357139826.4612611,2.0878463483227803,2.5564653302644507,1.224450895209853,3.005784296553346,190.1203078977168,91.83476078368992,284.0,95.0,95.0,311841.17560340214,62175.95797052135,884351.7475798015,43.90574445106535,False,0,0,0
T1_1200doc_420RPM_20-01-2024.csv,1200.0,420,64.99302176572422,61.766490034320235,-66.48520513564348,172.5558241182566,239.0410292539001,89.66154230995406,-0.39717210547201104,-1.0135961675807126,-2.510389811804418e-05,80391921.69399682,1.9245243799369685,2.23030495235938,1.1588863075002596,2.5136647837484754,22.553546065815162,19.302263719301962,-23.426351093649863,85.12866821050643,108.5550193041563,29.685683836360035,0.3304599107413832,-0.2575248643045436,2.579371432282811e-05,8812398.248323275,2.867667414359441,3.50250875645766,1.2213789991542743,4.063353000312427,98.13853460413688,160.18416127812384,-158.09497347474098,357.59050149679183,515.6854749715328,187.85669404794538,0.11534872337150719,-1.4556295461507156,-0.00020574685683900598,352901374.9862336,1.9035281298281894,2.3319309842665215,1.2250572753432327,2.7436769785676525,189.6009503865763,90.8958145646014,284.0,284.0,95.0,338099.2668094543,63422.53591291509,893212.7241400679,43.25121412628055,False,0,1,1
T1_1200doc_420RPM_20-01-2024.csv,1200.0,420,65.03243912358471,62.82285563699525,-66.48520513564348,169.62879132568838,236.11399646133185,90.4208456538065,-0.40149637914728753,-1.0397043634271537,-3.670217585816935e-05,81759293.28749497,1.8759920911948187,2.1696080669406728,1.1565123739721366,2.4374233093614355,22.515894100942013,19.16694368013867,-21.47040493428707,85.12866821050643,106.59907314479351,29.569193719180827,0.26675707309906027,-0.3114009112852494,-1.821899575941859e-05,8743372.172024429,2.8789648111130437,3.5029635137198585,1.216744122817385,4.070066374790126,97.32015142693857,160.59511845110663,-158.09497347474098,354.6715273118019,512.7665007865429,187.7817987561287,0.11848265291461102,-1.4573064149225308,-2.635143577206473e-06,352620039.4408722,1.8887428369584003,2.312255655092904,1.2242300062493003,2.7189132304548664,190.03523378533112,90.54766926980344,284.0,284.0,95.0,354553.4716203114,63627.54500690986,904780.503609034,64.5979965441359,False,0,1,1
T1_1200doc_420RPM_20-01-2024.csv,1200.0,420,65.19420648277054,63.165000887174884,-66.48520513564348,171.58014652073385,238.06535165637735,90.77500700079798,-0.40693232912693833,-1.0361427109178545,6.076300215850343e-05,82401018.95994923,1.8901694661309751,2.1845715822748715,1.155754349765534,2.452646609260019,22.732123970977053,18.81739975782364,-22.448378013968465,80.23880281209945,102.68718082606792,29.510065975487255,0.21087701006130707,-0.35123573248310613,8.82974064962984e-05,8708439.938776106,2.7190316307239155,3.282913145860885,1.2073832127457969,3.79537583244281,98.64371173300525,160.3571585292638,-155.17599928975105,351.752553126812,506.9285524165631,188.26842580752538,0.10828760908529478,-1.4564268203825832,0.0002683377336419859,354450001.56043684,1.868356585115463,2.286073739701217,1.223574641968005,2.686587799235968,190.70416214413544,90.48684206457602,284.0,95.0,95.0,354569.2437095538,61598.478233154994,899283.8678199877,44.58941566119098,False,0,1,1
T1_1200doc_420RPM_20-01-2024.csv,1200.0,420,65.27167526365993,63.93482166126913,-66.48520513564348,171.58014652073385,238.06535165637735,91.36768035023634,-0.4053509398382886,-1.0392627782798152,-4.342666610200547e-05,83480530.12582965,1.8779085324594216,2.1703133591430217,1.1557077044112736,2.435501578903059,23.04458639127881,18.60477437725473,-22.448378013968465,81.21677589178086,103.66515390574932,29.617403525185438,0.1454584825895567,-0.42988128719739915,1.9081680055189783e-05,8771905.915736668,2.7421977021961905,3.2880666512279113,1.1990625798404477,3.7837996883842404,98.74130273386407,160.988020039814,-156.14899068474767,354.6715273118019,510.8205179965496,188.85705563181943,0.11524776353329194,-1.4569769417308616,-0.00014364691864433328,356669874.6192014,1.877989287322371,2.2997057902403886,1.224557459280984,2.7033412625046456,191.45806843987043,90.75262583171177,284.0,95.0,95.0,362240.52080057573,62046.32167747167,915484.8917271767,46.15722779019979,False,0,1,1
T1_1200doc_420RPM_20-01-2024.csv,1200.0,420,65.55930503582857,64.06983319444228,-70.38791552573443,172.5558241182566,242.94373964399102,91.66769334037197,-0.40985888530326803,-1.0363305527272078,5.688738270458496e-05,84029660.02344476,1.882406089106424,2.174449889480082,1.1551438884859806,2.439461820482673,23.000577594077402,18.417752312903758,-19.51445877492428,81.21677589178086,100.73123466670513,29.465915392545458,0.07265350821063195,-0.5336378090709548,-5.016402757175632e-06,8682401.699206473,2.7562956999573744,3.293608466631633,1.1949401752078228,3.7933558689150293,98.15760514900879,160.70296878704505,-156.14899068474767,354.6715273118019,510.8205179965496,188.30921280053903,0.12171493084620841,-1.4540984736800326,6.769025915179692e-05,354603596.255587,1.8834528700806437,2.3079078592704523,1.225360026753223,2.7140714894152533,191.19687032044314,90.41749044013261,284.0,95.0,95.0,362922.0293620152,61357.79654146294,904463.6359326914,38.79770115778681,False,0,1,1
T1_1200doc_420RPM_20-01-2024.csv,1200.0,420,65.80302932171813,64.22557693843169,-70.38791552573443,173.5315017157793,243.91941724151374,91.9508749332452,-0.4052155889851676,-1.0385017337992053,-2.1311149516123044e-05,84549634.00989302,1.8872196903157288,2.1813800519542776,1.1558696971783589,2.4491873644833926,23.128398681447486,18.452146581539335,-18.53648569524288,77.30488357305526,95.84136926829814,29.58723608305777,0.01331852841306183,-0.5900510800995162,6.150118625062089e-05,8754045.390345957,2.612778137033271,3.110863187083921,1.190634268938047,3.58135193837133,99.23081474703595,160.6238223855795,-152.2570251047611,351.752553126812,504.00957823157313,188.80351403804633,0.11315416631115358,-1.4567985909833219,0.0002277227121083924,356467669.13114756,1.8630614738236777,2.28155603737032,1.2246273509632184,2.6825618015823505,191.81933025072334,90.45705829454432,284.0,95.0,95.0,367923.29715980653,62209.39885546784,910121.2954836297,55.302911105817316,False,0,1,1
T1_1200doc_420RPM_20-01-2024.csv,1200.0,420,65.80420012673265,64.45203908997259,-71.36359312325716,174.50717931330206,245.8707724365592,92.11003255440981,-0.4026906671162066,-1.039227908645066,2.555825692630284e-05,84842580.97174436,1.8945512717110362,2.190802018344436,1.1563698755778962,2.4596887146722297,23.411228509490513,18.416851156034447,-21.47040493428707,77.30488357305526,98.77528850734234,29.787011042182606,-0.04097375237064253,-0.6283925352245681,3.314985784835343e-05,8872660.268271085,2.5952548063174468,3.0771824224557975,1.1856956838940163,3.535551212507129,98.75200566583375,160.12202269723457,-152.2570251047611,349.8065703368187,502.0635954415798,188.12501368951064,0.11835298074976941,-1.4558441261032171,-0.00022449013823790237,353910207.75678563,1.8594367834261214,2.278378267714765,1.2253055807128432,2.6774062068892097,191.39862116227164,90.16159224892452,284.0,95.0,95.0,368808.93644933886,61606.41857325406,905233.085946917,50.92348870279508,False,0,1,1
T1_1200doc_420RPM_20-01-2024.csv,1200.0,420,66.81500216296712,65.063347350409,-71.36359312325716,175.4828569108248,246.84645003408195,93.2603006776049,-0.3969064272927388,-1.0340193687262893,0.00021654487739079087,86974836.82477275,1.8816458411115164,2.177306368265156,1.1571286799533902,2.4448373808838046,23.13250614743954,18.555773512296565,-23.426351093649863,71.43704509496689,94.86339618861675,29.655177816040403,-0.0995741994608985,-0.6585459886439962,-0.00011675300340782781,8794295.713009749,2.4089231748368336,2.8522790272900114,1.1840473191857634,3.2763360906892336,98.38976098426389,158.81672298761558,-150.31104231476783,352.7255445218086,503.0365868365765,186.8242397738195,0.1262289401095564,-1.452634676624734,0.0001619558360068467,349032965.67065597,1.8880073857056188,2.317039047536668,1.2272404573622493,2.7234276492041407,190.91605999203546,89.61734127924892,284.0,95.0,95.0,375642.84382686636,59781.107299539915,892095.328918011,49.51691602753293,False,0,1,1
T1_1200doc_420RPM_20-01-2024.csv,1200.0,420,67.62052162431054,65.52824918792558,-71.36359312325716,181.3369224959612,252.70051561921838,94.16202199601877,-0.38735025718893684,-1.0373950189648644,-4.274623559203381e-05,88664863.86378722,1.9257968196947624,2.2318792367238145,1.1589380634025381,2.509667892684875,23.010455089537455,18.700496572680507,-23.426351093649863,73.39299125432967,96.81934234797953,29.651131774225,-0.13781701879025327,-0.7216741859775277,0.00012462538684372741,8791896.154924555,2.4752171961991816,2.9296449617272775,1.1835910667661376,3.369697360016696,99.43202952112823,157.34775881367776,-149.33805091977118,352.7255445218086,502.06359544157976,186.13179658075032,0.11586792123504666,-1.458411336121737,-2.2159447553992787e-05,346450456.9837782,1.8950311069972627,2.3251127101192948,1.2269522656034442,2.7332827358626006,190.91128460628815,89.12689330514021,284.0,95.0,95.0,384105.8763572767,59982.40375090359,893978.4055297464,45.64513502558216,False,0,1,1
T1_1200doc_420RPM_20-01-2024.csv,1200.0,420,63.328027773185354,64.7792797851299,-75.2663035133481,181.3369224959612,256.6032260093093,90.59135825850872,-0.40269419417281743,-1.0266672138248798,-0.0015157934504846644,82067941.91121474,2.0017022151108907,2.3099012884007433,1.1539684928973208,2.5850549725467316,21.042968665616964,19.01610309892676,-30.2721641433239,73.39299125432967,103.66515539765356,28.362276131001003,-0.15301374950533436,-0.6700572540823857,-0.0007329407540603755,8044187.073311493,2.58769750760971,3.0884975885411508,1.1935311524854526,3.5732804785122747,98.94679866122561,158.88530188578954,-161.0139476597309,358.5634928917885,519.5774405515194,187.17640909218125,0.11681524531264395,-1.4497171628845562,-0.0003075601665299194,350350081.2064359,1.9156446831673215,2.349167451773199,1.2263064609085501,2.7615868256146126,189.85514383497124,89.44968070652124,284.0,189.0,95.0,370532.98885043856,61122.395058649236,884964.7649855112,23.28425423192789,False,0,1,1
T1_1200doc_420RPM_20-01-2024.csv,1200.0,420,58.1478623922236,62.18497967961881,-75.2663035133481,179.38556730091574,254.65187081426384,85.1360417128937,-0.43435454887202973,-1.0491292023379741,-0.0005530656769089108,72481455.98539576,2.10704613101302,2.416579083979865,1.1469037380866591,2.6900173137677434,17.912769917169214,18.998265787479443,-31.250137223005293,67.5251527762413,98.7752899992466,26.111327600050405,-0.1905757264592535,-0.5763446341809648,-0.0004093688146880547,6818014.290371541,2.5860482396962055,3.0993742680336815,1.1984982416251364,3.590445131373711,96.11597732512953,157.95692185052638,-161.0139476597309,358.5634928917885,519.5774405515194,184.9017854366423,0.1259332637079387,-1.4378533382574314,-0.0009221323824224356,341886702.5765812,1.9392105492385976,2.3769519947190485,1.2257317781466914,2.7910364404354273,185.32639067620676,88.16317941275045,284.0,189.0,95.0,340236.47135352634,70807.70000831354,856389.2927737538,19.54508244038158,False,0,1,1
T1_1200doc_420RPM_20-01-2024.csv,1200.0,420,57.226432432080514,59.20894285186425,-68.43656033068896,158.89633775293828,227.33289808362724,82.34417698015326,-0.44725418889989765,-1.078966915428883,1.703367107760769e-05,67805634.82538803,1.9296608889689402,2.2167190648438178,1.1487609442238627,2.476081084508331,16.97831653455952,18.329295748395566,-31.250137223005293,67.5251527762413,98.7752899992466,24.98452150792264,-0.24079548398060566,-0.5474940180296533,-5.648071226317551e-06,6242263.14979849,2.7026794471460636,3.2146686378534137,1.189437630588412,3.6934316982963837,94.83522881329928,153.07329331590856,-152.2570251047611,343.96862196683884,496.22564707159995,180.0698579736459,0.11357343313036819,-1.452028367235121,0.0001287182571880804,324251537.50649005,1.9101954421332432,2.3400810188732777,1.22504795439149,2.747070001243042,180.43516435182593,85.28244258636838,284.0,189.0,95.0,320853.4390256965,73503.74425917401,830028.2717483306,31.48041235009418,False,0,1,1
T1_1200doc_420RPM_20-01-2024.csv,1200.0,420,57.04944451980626,58.42795465572124,-66.48520513564348,149.13956177771092,215.6247669133544,81.66066988011713,-0.4443406159868262,-1.098068971269502,-2.0578569717715294e-05,66684650.05269468,1.8263328233365823,2.1002666997462565,1.1499912134904393,2.3494873365323152,17.020271573962,18.49092333267586,-30.2721641433239,67.5251527762413,97.79731691956519,25.131730743152474,-0.2260525553054368,-0.6029774747074779,3.6290986213307e-05,6316038.901463152,2.68684848912125,3.1988358490884976,1.1905531190315446,3.684836159636179,95.0242810450115,152.78433599066182,-147.3920681297779,338.13067359685897,485.52274172663687,179.92405984811694,0.11512995675776416,-1.456300116237904,-9.329699184419518e-05,323726673.1222877,1.8792965981441965,2.3049637841905803,1.2265034622351414,2.7128405043708486,180.05368382436228,85.16693694692285,284.0,189.0,95.0,326217.3356719853,76085.23994302283,847071.4789851403,33.4259674625917,False,0,1,1
T1_1200doc_420RPM_20-01-2024.csv,1200.0,420,57.02495502619244,58.2645723364792,-68.43656033068896,150.11523937523367,218.55179970592263,81.5267188429173,-0.4491093135841024,-1.1071432250205093,8.05795172527662e-05,66466058.85292087,1.8413011280936034,2.116365869151115,1.1493860710020316,2.3670491002174705,16.95259582329969,18.830853026298673,-30.2721641433239,67.5251527762413,97.79731691956519,25.337551792669707,-0.24999982299312268,-0.6382607728439531,-1.574990116684955e-05,6419915.308462199,2.6650227823422425,3.1775596469122562,1.1923198810779223,3.680068897913676,94.2056060099236,152.8026877680954,-144.47309394478796,345.91460475683215,490.38769870162014,179.50865603878552,0.12685132766266502,-1.4528049469056572,5.120814865472628e-05,322233575.92851007,1.9270079359409396,2.367174529245496,1.2284197096934257,2.7902271802595315,179.66618411621315,85.0412681826201,284.0,189.0,95.0,318467.1124838085,82428.31363878933,830981.5062963181,41.96996574332217,False,0,1,1
T1_1200doc_420RPM_20-01-2024.csv,1200.0,420,57.03480938283,57.97690767333493,-68.43656033068896,150.11523937523367,218.55179970592263,81.32829338365681,-0.4571198339269219,-1.1059839970647591,-3.503590154022915e-05,66142913.04698156,1.8457935501865557,2.1199614027544067,1.148536575252493,2.3707710414846495,16.77049722607239,19.020292250378258,-31.250137223005293,66.54717969655991,97.7973169195652,25.35786060572739,-0.25483769645654536,-0.6603421766089896,-3.016904658800226e-05,6430210.94499501,2.624321536081376,3.126704026840301,1.1914332843181556,3.621195348356063,94.76702209596168,152.99282698928323,-151.28403370976446,345.91460475683215,497.1986384665966,179.96553444231827,0.11695765580089915,-1.4561842730468442,9.401465294913783e-05,323875935.87109244,1.9221158419514104,2.3593289545245395,1.2274644966919643,2.7801312644184124,180.02403166512588,85.06617429590135,284.0,189.0,95.0,322933.9219755986,84254.30127718503,854011.0963090428,34.77777592069667,False,0,1,1
T1_1200doc_420RPM_20-01-2024.csv,1200.0,420,56.85255280218008,57.46970807209687,-65.50952753812075,146.21252898514274,211.7220565232635,80.83922380884611,-0.4648659056331703,-1.0957752420744968,0.00010955966687571451,65349801.06016712,1.8086829894715406,2.0759784367852996,1.1477845752239075,2.320825250904502,16.745167727569896,19.577148830920137,-31.250137223005293,66.54717969655991,97.7973169195652,25.76170410847167,-0.23466642636861557,-0.6889877069912487,1.8992336743808247e-05,6636653.98572446,2.58318236310602,3.090498564242159,1.1963919421183031,3.59885633051539,94.64588468647851,152.96789111698186,-151.28403370976446,334.2387080168724,485.52274172663687,179.88056926989918,0.10782615501736674,-1.4533434844105548,-0.00016806384139025012,323570192.00863,1.8581145777639207,2.2772565705967542,1.2255738143646848,2.6784875906343335,179.85962887202683,84.88921372865296,284.0,189.0,95.0,315057.37391711347,89459.33746244667,844082.4716066725,35.65613384801395,False,1,1,1
T1_1200doc_420RPM_20-01-2024.csv,1200.0,420,57.05822563112375,57.964712204092635,-66.48520513564348,154.0179497653246,220.50315490096807,81.3360250631632,-0.4612610637337294,-1.0888928715752215,0.00015903416521734646,66155489.73075513,1.8936006479996867,2.1738807806656775,1.1480143835829724,2.430060007077075,16.7739201474137,19.908255804160653,-32.228110302686694,70.45907201528549,102.68718231797217,26.032730288536925,-0.2005718220022261,-0.752158543016527,2.9535223923475154e-05,6777030.462757077,2.706557139199147,3.252777535582923,1.2018137317231734,3.8057016303444478,94.00915907568891,153.2126836172632,-151.28403370976446,342.9956305718422,494.27966428160664,179.75496769581022,0.11918206065845545,-1.4513301971510317,0.0001754806135240764,323118484.1132178,1.9081287987115632,2.339490625728268,1.226065361682071,2.7492856667372645,179.94894054938774,84.99105379877292,284.0,189.0,95.0,322398.5779160625,90321.73076755763,849859.242913828,36.56088144938543,False,1,1,1
T1_1200doc_420RPM_20-01-2024.csv,1200.0,420,57.77242167449264,58.64067765957613,-72.33927072077991,155.9693049603701,228.30857568115,82.31878146881,-0.46181716229003406,-1.0824536844103776,0.0002089149343736844,67763817.82509698,1.8946989031836647,2.1752723452754155,1.148083392891769,2.4317463812313496,16.87650954802343,20.418994256880023,-32.228110302686694,70.45907201528549,102.68718231797217,26.490600238330302,-0.16720072755281754,-0.8473610464217556,3.518659344966396e-05,7017519.009870254,2.6597763501536464,3.1992847261089175,1.2028397522686842,3.741852682590313,95.77504123073541,154.59091965420515,-148.36505952477455,345.91460475683215,494.2796642816067,181.85491734424443,0.11687747917789362,-1.4557778908955694,0.0004180329284846799,330712109.6228198,1.9021460063245306,2.3338019977612046,1.2269310505089734,2.7479835693308954,182.0457473683035,86.07375041727028,284.0,189.0,95.0,326874.7832759759,96201.9409636562,860244.1632172759,64.1498566340639,False,1,1,1
T1_1200doc_420RPM_20-01-2024.csv,1200.0,420,57.92657875255741,58.292002545867156,-72.33927072077991,155.9693049603701,228.30857568115,82.17935316600892,-0.4606992013758267,-1.0739660401049276,-6.554119919500096e-05,67534460.86783619,1.8979135141803747,2.1808624842532733,1.1490842274733954,2.439858431761258,16.865751848184402,20.817816058410344,-32.228110302686694,70.45907201528549,102.68718231797217,26.79244391328165,-0.1504242988690311,-0.8574992001981516,-2.9775140764026363e-05,7178350.50846343,2.6298113096117093,3.1704188563601687,1.205568948909981,3.7158566848352192,96.44358370193385,153.40191671569335,-148.36505952477455,345.91460475683215,494.2796642816067,181.20020112935975,0.10674939242933296,-1.457159757818177,-0.00022388026927817363,328335128.89320433,1.9090188785711222,2.3417814183858594,1.2266936931177206,2.7582625532998404,181.6332878581968,85.5227616998645,284.0,189.0,95.0,321951.76925436454,100644.83633063042,848368.2644040912,52.51654142186621,False,1,1,1
T1_1200doc_420RPM_20-01-2024.csv,1200.0,420,57.607824842738964,59.146842861597385,-67.46088273316623,149.13956177771092,216.60044451087714,82.56518941785447,-0.45404982265727534,-1.0757592498107769,2.7133963586392416e-05,68170105.03606188,1.8063249515837718,2.0737334417522804,1.1480400799059143,2.3148388569901153,16.89303729960645,21.656604640418443,-33.20608338236809,73.39299125432967,106.59907463669776,27.466037824143626,-0.10582284030485557,-0.8888656615703168,4.4420838281888896e-05,7543832.337572884,2.6721361022016294,3.2312218828949013,1.2092280330454086,3.7877378485418682,94.92017095821402,153.99828711466915,-152.2570251047611,341.04964778184893,493.30667288661004,180.9013855363984,0.11469836528048992,-1.459468973652426,-9.930128747745749e-05,327253112.8898865,1.885279356874952,2.310142114216411,1.2253579851665661,2.7158376756662066,181.7464202433192,85.23463940846432,284.0,189.0,95.0,335459.60898605513,104431.82174631616,861332.8518500617,49.536358868952895,False,1,1,1
T1_1200doc_420RPM_20-01-2024.csv,1200.0,420,57.84686587725809,58.9360442486668,-67.46088273316623,153.04227216780188,220.50315490096813,82.58157908094455,-0.459351775013695,-1.0668406568305102,4.562503030618824e-05,68197172.03502299,1.8532253060672694,2.1272282815820907,1.147851950120562,2.3749688774468796,16.911325403469526,22.00461773013189,-34.18405646204948,73.39299125432967,107.57704771637916,27.752407613597573,-0.10042833311488987,-0.9417821725555262,-5.462576931228677e-05,7701961.283512685,2.644563033095912,3.1946463980802533,1.2080053899643206,3.7337328391474585,95.09277963877398,154.36959329181786,-152.2570251047611,341.04964778184893,493.30667288661004,181.30804745655854,0.11501921787500599,-1.4584538739770316,0.00010242218271028478,328726080.7250968,1.881050800370924,2.30471450621626,1.2252271473804928,2.7096750674868937,182.072282455129,85.51143412399881,284.0,189.0,95.0,325272.8113828622,109835.8225239891,847455.9099947299,67.86345538957407,False,1,1,1
T1_1200doc_420RPM_20-01-2024.csv,1200.0,420,57.856525090357394,58.4734944623726,-74.29062591582537,155.9693049603701,230.25993087619548,82.25890255876425,-0.4610264822015023,-1.0512952495213312,-7.917750530791532e-05,67665270.50172272,1.8960781156659425,2.1787707304987034,1.1490933377148722,2.4365975112627773,16.891765950062727,22.160091630960718,-34.18405646204948,77.30488357305526,111.48894003510475,27.86398065611362,-0.08727991398603882,-0.9584250644582366,1.5307456904524348e-06,7764014.180042738,2.7743661082428237,3.3500014821103252,1.2074835661224563,3.906540374587054,95.91933593718714,153.43607765986087,-147.3920681297779,342.9956305718422,490.3876987016201,180.9506809444878,0.10314062010925532,-1.457874154633526,-4.319594658860209e-05,327431489.34273815,1.8955199769436992,2.321174505758958,1.224558186667901,2.7295760542685206,181.7174966090205,85.23396522866332,284.0,189.0,95.0,329447.5744210839,109187.73578709112,859087.2609522239,48.640816128446616,False,1,1,1
T1_1200doc_420RPM_20-01-2024.csv,1200.0,420,57.51211085452399,58.96823549959108,-74.29062591582537,155.9693049603701,230.25993087619548,82.3704782848703,-0.4593625921557632,-1.0495388760134063,-0.00013880172325391802,67848956.92878291,1.893509764760202,2.1751141826281524,1.148720869101836,2.431324064919065,16.90633776071737,23.15012622345834,-34.18405646204948,78.28285665273665,112.46691311478614,28.66622752720545,-0.04972799002234876,-0.9903233221162697,-5.84789930117191e-05,8217526.006415116,2.7308391583246503,3.2968268974827244,1.2072578084405758,3.8308193454743833,94.85167237401603,154.193153234435,-149.33805091977118,342.9956305718422,492.33368149161333,181.03140129967957,0.10893363644115871,-1.4583223496004107,-0.000278850373270804,327723682.56525624,1.8946747807804176,2.3184529174334725,1.2236680093870782,2.723697767970251,182.0303183452655,85.1115723810031,284.0,189.0,95.0,326211.7407317379,117060.03404783263,848354.6734731394,90.39860679226419,False,1,1,1
T1_1200doc_420RPM_20-01-2024.csv,1200.0,420,57.73612646145536,57.982866885434674,-70.38791552573443,151.09091697275642,221.47883249849085,81.82587091517696,-0.4633464387468067,-1.0358623854143811,2.0441381507468716e-05,66954731.51027204,1.8464932335322355,2.1229919583506103,1.1497426147018412,2.3763134033860798,16.82086290853669,23.248927316070336,-33.20608338236809,78.28285665273665,111.48894003510475,28.69588908425224,-0.02752414617701614,-1.0171836333739128,-6.640496059051736e-06,8234540.503357069,2.7280164215471827,3.3035076320351067,1.2109559187189705,3.850890720733594,94.48514653373135,152.50408115706,-149.33805091977118,339.1036649918556,488.44171591162683,179.4016100403222,0.1123963275389105,-1.4560684802458224,0.00015178503448845716,321849376.85059834,1.8901929860921476,2.3152134760459733,1.2248556063222562,2.7215275851673613,180.49326985752626,84.41590147928858,284.0,189.0,95.0,321136.89420481137,120169.86891695636,840776.3275669002,60.444770656854544,False,1,1,1
T1_1200doc_420RPM_20-01-2024.csv,1200.0,420,57.97155748897529,57.72765317544689,-72.33927072077991,151.09091697275642,223.4301876935363,81.81187822585575,-0.46285989282502715,-1.032259243418172,-0.00011141794728015252,66931834.1884225,1.846809048383463,2.12510747206217,1.1506914988976826,2.381576473111337,16.911129828416183,23.543417582648036,-31.250137223005293,77.30488357305526,108.55502079606056,28.98756325641202,-0.008642186953359226,-1.0710936815777492,8.721896557366855e-06,8402788.235444883,2.666829318809869,3.2354947489471666,1.2132365300345043,3.781395446748798,95.89345443074953,151.927889093176,-149.33805091977118,343.96862196683884,493.30667288661004,179.65978427842614,0.0999517357683848,-1.4590720485855344,7.324998096143181e-05,322776380.86970615,1.9145554657561903,2.344409963275047,1.2245192187989589,2.7583138530900473,180.7347457078057,84.53432452733136,284.0,189.0,95.0,323125.8414443778,121685.33316715831,848092.7679129855,74.28556889578515,False,1,1,1
T1_1200doc_420RPM_20-01-2024.csv,1200.0,420,57.716710489590504,57.37334137478665,-72.33927072077991,150.11523937523367,222.45451009601356,81.38131831229457,-0.45858345006614143,-1.0349701397685651,-7.610523576498062e-05,66229189.70247012,1.8445909022901048,2.1230265152268717,1.1509470813236051,2.3788604404163856,16.895971228141924,23.948551643208855,-31.250137223005293,77.30488357305526,108.55502079606056,29.30882067824704,0.012435647704372088,-1.0965297891434993,-3.319857792372545e-05,8590069.695496414,2.637597889785815,3.198337215670291,1.212594697643624,3.731571993376125,94.69015592013339,151.0492982291035,-143.50010254979134,343.96862196683884,487.4687245166302,178.27539405000294,0.1029906756352967,-1.4627216672484886,-0.00047540014893789854,317821161.2368382,1.9294228673552225,2.3618252480184694,1.2241097003561316,2.777992932228716,179.53700147249748,83.84811963153923,284.0,189.0,95.0,324695.2257562487,122483.15931753554,842819.457558571,56.61385472368817,False,1,1,1
T1_1200doc_420RPM_20-01-2024.csv,1200.0,420,57.69631884399794,56.03788975585532,-72.33927072077991,151.09091697275642,223.4301876935363,80.43077953394251,-0.4631964620187146,-1.0150041429444632,1.3938728465866055e-05,64691102.96437667,1.8785211065745633,2.1632521326628393,1.1515719068003851,2.426323757346634,16.742038252010232,24.01376345177454,-32.228110302686694,76.32691049337387,108.55502079606057,29.273822434891493,0.0269819562216637,-1.1236108809916412,2.0056705187525423e-06,8569566.799495565,2.6073434947941667,3.1611058364830336,1.2123856495296883,3.682655105254281,93.48831690084003,149.5682717015466,-137.66215417981147,334.2387080168724,471.9008621966839,176.38234973131398,0.10818231026163724,-1.46137116134259,0.00023539965025348936,311107332.96739554,1.8949668633285786,2.320655091319069,1.2246415154947636,2.729954236277114,177.62288011078343,82.98742515753237,284.0,189.0,95.0,319226.4092171207,124253.96215826101,840898.2149214824,110.79279657022624,False,1,1,1
T1_1200doc_420RPM_20-01-2024.csv,1200.0,420,57.8349626253593,56.13607105071195,-70.38791552573443,154.0179497653246,224.40586529105903,80.59864375339879,-0.4609753439440678,-1.0139690939081234,2.5699889746552838e-05,64961413.74887289,1.91092483189371,2.201629807412717,1.152127896747734,2.4715680653265415,16.857439091058982,24.49106449523839,-32.228110302686694,76.32691049337387,108.55502079606057,29.731893528981463,0.012563357862451595,-1.1681920119541165,5.586178406906711e-05,8839854.928186899,2.567172871750447,3.1015980515911705,1.208176545382517,3.6021802678329644,94.90168429873097,150.65001955007205,-137.66215417981147,338.13067359685897,475.79282777667044,178.04987524054343,0.0983222738587577,-1.4644790969387913,0.0001384189849467905,317017580.7317308,1.8990784078901946,2.3233061509414683,1.2233861125947796,2.732827575784714,179.08439190631316,83.72971704493634,284.0,189.0,95.0,318107.213634309,124881.32605951268,854168.2751244812,78.76093227300423,False,1,1,1
T1_1200doc_420RPM_20-01-2024.csv,1200.0,420,58.04405036010896,55.63050815218153,-70.38791552573443,154.0179497653246,224.40586529105903,80.39816676689091,-0.45597829956817065,-1.0138977596621879,4.012937166353469e-05,64638652.19476801,1.9156898217827443,2.210541940452185,1.1539143317027445,2.4867820568276455,17.018413469653268,24.643945504282566,-32.228110302686694,83.17272205114365,115.40083235383034,29.949130989765372,0.004705967756404356,-1.1570721983225536,-1.3485873249548544e-06,8969504.470421247,2.777133068721312,3.3517839540933503,1.2069223444293318,3.893958818197976,94.72430797035459,150.10139022358192,-135.7161713898182,338.13067359685897,473.8468449866772,177.49118814046682,0.10033564825459174,-1.4636353753227147,-0.00015539906551211442,315031218.6751459,1.905056116528229,2.332315600251158,1.2242765869288752,2.7460243638256943,178.54442251365074,83.58125820601461,284.0,189.0,95.0,312859.4151538561,125257.56342028423,851994.0510279102,87.25333228233039,False,1,1,1
T1_1200doc_420RPM_20-01-2024.csv,1200.0,420,58.00063271122393,55.48725499757575,-68.43656033068896,149.13956177771092,217.5761221083999,80.26773238399285,-0.46006833366302735,-1.0055709597418323,-0.00012754751103577489,64429088.62068295,1.8580263494207372,2.143458279287979,1.1536210344682296,2.4107845609683674,16.827904305553833,24.75508413606542,-32.228110302686694,83.17272205114365,115.40083235383034,29.93313471557155,0.02245860910041991,-1.1306147168751244,-6.306840646546406e-05,8959925.539005548,2.7786171692828505,3.358966347218127,1.2088625897626126,3.9042626206818745,93.87926487352746,149.65855654124653,-136.6891627848148,335.21169941186906,471.9008621966839,176.66635197230798,0.1076031058156817,-1.4582260280240809,1.6509352014793336e-05,312109999.1920341,1.897428093519544,2.3252417140779156,1.225470267895538,2.740260955917592,177.86195068099693,83.156646367701,284.0,189.0,95.0,311871.69262602855,126756.47263395184,846134.8562506624,85.27528217296422,False,1,1,1
T1_1200doc_420RPM_20-01-2024.csv,1200.0,420,58.1666930483039,55.38012733343978,-68.43656033068896,152.06659457027914,220.5031549009681,80.31390093653532,-0.4644471677778785,-1.0047950229058127,6.14311286573505e-05,64503226.83643609,1.8934031692775497,2.1836896768836525,1.1533146834843766,2.4555654888793477,16.83856420970734,25.139954290882812,-32.228110302686694,83.17272205114365,115.40083235383034,30.258131905193917,0.03397476743822663,-1.1635703504512378,4.351606735954665e-05,9155545.46392114,2.7487725386267736,3.32332125841701,1.209020103233885,3.8594424777603695,95.66236902085946,150.4694548913839,-136.6891627848148,338.13067359685897,474.8198363816738,178.3040821237509,0.09729290212836014,-1.4625474327520218,0.00038051159883568784,317923457.01993304,1.8963709050821471,2.3227158652661393,1.2248215046125293,2.7379567194679586,179.20486429540807,83.9275851248766,284.0,189.0,95.0,311694.66985949146,127468.86818011769,858362.9628665084,92.94804340518128,False,1,1,1
T1_1400doc_420RPM_20-01-2024.csv,1400.0,420,77.56704872269512,31.774671480806553,-82.16212730497122,235.09185182213784,317.25397912710906,83.8228894471083,-0.8090083094696295,4.561837184836786,-0.0013692255642221527,70262767.9526214,2.8046259604362516,2.9719848706259233,1.059672452779992,3.1056844562163293,29.791134192344888,21.983569902866233,-48.85365564107895,134.0273281621933,182.88098380327224,37.0241680816802,0.3676025490494527,2.5601246826211996,0.0001779480689954564,13707890.221405068,3.6199956705714853,4.18256555082672,1.1554062301313255,4.561757499313959,112.91862689667242,134.04291612207751,-263.3405957174301,550.4885845661163,813.8291802835464,175.2658542407511,0.28969929718543586,1.273998036942488,0.0006654054150948424,307181196.6274022,3.14087753687576,3.861120655398172,1.2293127032386115,4.355253088317794,175.42953299829756,91.32176319006383,285.0,190.0,95.0,72850.84302538648,73902.05111030122,634248.5158638376,17.160334140404483,False,0,1,1
T1_1400doc_420RPM_20-01-2024.csv,1400.0,420,70.5981019857258,56.21853722914517,-86.06679129689932,235.09185182213784,321.15864311903715,90.24752590609741,-0.3819298724019748,-0.28227508126468237,-0.0011233460925371278,81446159.32171723,2.6049672770725154,2.9951240139794435,1.149774141249632,3.3473011955257093,28.192734848194323,33.080217383483536,-70.36906339406968,134.0273281621933,204.39639155626298,43.46413556438362,-0.09568419562371958,-0.0688139310055278,-0.0007159077371840404,18891310.80359117,3.0836303637894287,3.7226862062109305,1.2072413898649563,4.271865674980009,109.02626489925792,198.1182040883456,-263.3405957174301,550.4885845661163,813.8291802835464,226.13612986224584,0.13896823382159443,-1.0414632458638309,-0.0022427901341735912,511375492.29074514,2.4343238955290096,2.995731825833029,1.2306217062302707,3.5080182671999514,218.52052742971742,115.8450488084989,94.0,189.0,94.0,157091.3782918401,121241.30028193572,1006545.0437958026,40.199656376869214,False,1,1,1
T1_1400doc_420RPM_20-01-2024.csv,1400.0,420,72.17548877108686,62.53652197661001,-86.06679129689932,220.44936185240743,306.5161531493068,95.49930764291598,-0.37571739921824976,-0.6397983698457046,0.0013875523221212162,91201177.60276312,2.3083870165498532,2.66425773774555,1.1541642361719682,2.9762830134560425,25.972833579718397,30.15972630994741,-70.36906339406968,132.07138200283052,202.4404453969002,39.80197451447204,-0.24829781515001256,0.07083170063412991,-0.00011886252300222386,15841971.752506817,3.3182118127031415,3.957750419138911,1.1927359199878134,4.503734181499414,103.48482789024122,187.2088744940904,-245.8179593992233,523.2311502933502,769.0491096925734,213.90715811495633,0.13055003692253564,-1.151688438637034,-0.0008002582982502909,457562722.9281693,2.4460665781561146,3.0058955180920375,1.2288690524351675,3.53715713338186,211.5249381770586,108.2487309742496,94.0,188.0,94.0,235937.47925704974,83851.51195846945,1173340.654926831,22.806836204893894,False,0,1,1
T1_1400doc_420RPM_20-01-2024.csv,1400.0,420,75.96887006817353,59.99930202488031,-92.89995923936368,236.06801782011988,328.9679770594836,96.80488346621692,-0.3758687904812504,-0.10025087922431686,-0.0006967792355779943,93711854.62907837,2.4385961675425514,2.770389185743369,1.136059025523351,3.0286440479816616,26.537906476153456,23.238362361813103,-46.89770649790764,103.71016269207,150.60786918997763,35.27438114830648,-0.2069382880783175,0.08562974858061478,0.000415416741550973,12442819.653959997,2.940098715156314,3.447097256636666,1.1724426934601742,3.8653274424879203,105.42137134960592,162.56046602267855,-215.6400857400894,471.6367211341858,687.2768068742752,193.75131135231558,0.15864209904437424,-1.0400042591148566,0.0005034705932190338,375395706.5074194,2.43423756898639,3.0409348352457464,1.249235027011757,3.633178798514104,193.98030162155771,102.59961336113932,94.0,182.0,94.0,170929.45865153702,56055.426405892315,905056.0016017369,7.908545653953947,False,0,0,0
T1_1400doc_420RPM_20-01-2024.csv,1400.0,420,75.25041177205125,65.290456969712,-101.6854532212019,253.63900578379636,355.3244590049983,99.62664424328004,-0.22310604591186542,-0.21126871219394827,3.462689835576512e-05,99254682.43177083,2.5458953045174426,2.9496469650519868,1.1585892632026644,3.278738660143183,27.500721061690932,24.90334137424412,-49.83162872076035,115.44583964824676,165.27746836900712,37.1007556596233,-0.054991545159950965,0.17132225221808284,0.00016448502156903198,13764660.705150705,3.1116843200551383,3.6892744865125775,1.1856197824229178,4.163777473307192,106.07185079131754,171.29564811352054,-230.2422826719284,501.8145947933197,732.0568774652481,201.47812931662483,0.1850457096095291,-0.9575037685823462,-0.000421533973244303,405934365.929266,2.490665346632801,3.111022830888828,1.2490729977412283,3.6993468272555603,198.96954898058752,110.93461806433704,270.0,182.0,88.0,164011.96865915702,57306.855362898845,911725.9416540161,6.548030019681917,False,0,0,0
T1_1400doc_420RPM_20-01-2024.csv,1400.0,420,74.947898019975,71.68305815966691,-101.6854532212019,267.3053297555447,368.9907829767466,103.70944144452211,0.01562308488535695,-0.43984498764233715,0.00034873237555485944,107556482.44734761,2.577444502953339,3.0987063997710402,1.2022398139786983,3.559638026068466,26.884891349403542,28.158571868774114,-53.743521039485934,116.42381272792817,170.1673337674141,38.93202476828235,0.09885629839430331,-0.12131138581189616,-0.00018314290373864158,15157025.525581505,2.9904381655170895,3.6354232673026003,1.2156824739674843,4.18578865195974,103.216926020414,177.75598032230417,-230.2422826719284,501.8145947933197,732.0568774652481,205.55029155281443,0.15809842704374133,-1.1843097277361505,-0.00028880811718497596,422509223.5744701,2.4413227098944916,2.99530370706326,1.2269183811396696,3.5000333977876856,204.44790593574302,112.79772565628039,264.0,264.0,88.0,272111.04699644103,80396.37881491687,1177693.7433345024,12.64290179066573,False,0,1,1
T1_1400doc_420RPM_20-01-2024.csv,1400.0,420,79.0235867861124,73.46273385918622,-97.7807892292738,277.0669897353649,374.84777896463874,107.89578552755368,0.18692259660619417,-0.3490363938471761,0.0016142199329888228,116415005.34607863,2.567912994753715,3.14063004222585,1.223028213433323,3.6656205117137564,26.19903878483559,30.248397179811786,-53.743521039485934,123.26962428569794,177.01314532518387,40.01693597961949,0.21337597120156257,-0.1713261308317935,7.647492263725646e-05,16013551.65196965,3.08043635196055,3.791879822289448,1.2309554196359545,4.390326817626855,102.59097781094594,175.02209771049087,-211.74616655826568,449.24668583869936,660.9928523969651,202.87346651345663,0.09939384551410609,-1.4256592689393373,0.0005516642335547554,411576434.15186614,2.2144181472292277,2.675649172647238,1.2082854252233806,3.0944717655827056,206.17889711281336,109.04476833088034,264.0,264.0,88.0,263789.30074344756,105937.45380392157,1200074.6417491683,44.76414342919313,False,1,1,1
T1_1400doc_420RPM_20-01-2024.csv,1400.0,420,85.10314939639444,78.6669468334534,-97.7807892292738,277.0669897353649,374.84777896463874,115.89234039090944,0.16263805559916328,-0.6216637428324456,0.0006659167907232844,134310345.6128242,2.3907273664575848,2.9206566902928657,1.2216602910353989,3.4027298215622652,26.151509342815512,31.17723519648544,-51.78757488012314,123.26962428569794,175.0571991658211,40.69301457749644,0.30263809038583056,0.06704438782869282,3.636851782486378e-05,16559214.35404338,3.029257614987979,3.737824574467488,1.2339077917882268,4.312287438847463,103.12843558855113,171.89736858085442,-165.99260429143905,418.0953323841095,584.0879366755486,200.45992006374755,0.07537660127476742,-1.499178470287064,8.996981127661256e-05,401841795.51964056,2.085680430537698,2.5153595141942766,1.2060138635648059,2.913401680911931,208.4469825037202,108.72438104558053,88.0,264.0,88.0,249400.3926995517,121005.04073098276,1190669.8617718525,46.31333080614959,False,1,1,1
T1_1400doc_420RPM_20-01-2024.csv,1400.0,420,30.165985693822115,92.3002230731602,-97.7807892292738,273.16232574343684,370.94311497271065,97.10467482173563,0.8045953546179175,-0.6509886131971792,-0.019326769282924896,94293178.72235017,2.8130708047260047,3.5355985537218024,1.256846627458484,4.02679809442785,27.65807701711509,26.894130263640157,-48.85365564107895,123.26962428569794,172.1232799267769,38.57801792371293,0.01338382082632093,0.9316546118303628,0.0006345536633338163,14882634.669223158,3.195333273198757,3.7471218713821535,1.1726857735972613,4.160947800975832,103.27620968136834,169.06030333676568,-146.5230083823204,378.1826370096207,524.7056453919411,198.10946885615837,0.06445052686582692,-1.5300819679779507,0.000404069890530685,392473616.50469184,1.9089579069247231,2.3026054607542417,1.2062107039665813,2.6699698235893288,197.38937267721127,105.8412894088291,1.0,264.0,88.0,413642.8969683214,87491.50763404174,1180261.744767115,18.765803253010755,False,1,1,1
T1_1400doc_420RPM_20-01-2024.csv,1400.0,420,-38.36507194186469,43.84854570455465,-97.7807892292738,269.25766175150875,367.03845098078256,58.26297027708827,4.274976977046148,18.93008723830328,-0.006548841963811088,33945737.055088714,4.621420097035346,5.063208187850217,1.0955957436326291,5.2089139249230465,34.144092851901185,17.242048132938606,-48.85365564107895,115.44583964824676,164.2994952893257,38.25058562293944,-1.2527762198303025,4.145178124419893,0.0018763446202939113,14631073.004978215,3.0181456772000947,3.2237302316498635,1.0681161800779901,3.3749813274955693,106.25028810537394,166.3521817618843,-136.78821042776107,364.5539198732376,501.34213030099863,197.38837883577128,0.046302985501180186,-1.5566014735384615,0.0010814097757932254,389621720.9941396,1.8468864379120788,2.229935968985728,1.2074028609505032,2.58821024678888,183.88096362709047,100.03821430330156,1.0,88.0,88.0,118164.92245555915,39023.43647728951,1163390.1455253602,3.71683127730701,False,0,0,0
T1_1400doc_420RPM_20-01-2024.csv,1400.0,420,-50.62688950696231,1.1263843037056271,-53.85331336349249,-45.06781938165427,8.785493981838222,50.63941827025469,0.45790054290440696,0.8875801419080154,5.343571773022283e-07,25643506.82749804,-0.8899750613471572,-0.8901953057071866,1.0002474725074835,-0.8903061084193367,40.90902662505038,9.511890073243334,-5.822834540456533,103.71016269207,109.53299723252653,42.00029181058801,-0.7576318864332044,2.245981232129262,0.0005924876457234369,17640245.121745463,2.4692724317197556,2.534998080676384,1.0266174149568636,2.5782351724670933,107.4177825385059,166.45857946989264,-136.78821042776107,364.5539198732376,501.34213030099863,198.10865373482375,0.04184498259000738,-1.5657577737090778,-0.00013981484472044508,392470386.84624296,1.8401716078551895,2.2217890810843013,1.207381459207441,2.5784340425050876,183.84721774237104,98.87170681209997,88.0,1.0,88.0,4392.16248896533,30784.21655849902,1165045.9362827253,2.4345601666305257,False,0,0,0
T1_1400doc_420RPM_20-01-2024.csv,1400.0,420,-50.6220086769724,1.1106761473460436,-54.82947936147452,-45.06781938165427,9.761659979820251,50.63419164947488,0.23355599213128025,0.36152265166232844,5.642442567290202e-06,25638213.639957517,-0.8900669273767632,-0.8902811358047771,1.0002406655291025,-0.8903886179291316,38.71738858700742,9.403613550675548,-16.58053953588009,67.5251527762413,84.10569231212139,39.84299344687571,-0.6441738858125616,1.3609186589960212,-0.0016013593601492187,15874641.26807781,1.6947811129270531,1.7435439162101003,1.0287723310763295,1.7747114628026741,105.05271313128499,167.15675841653473,-138.73517001867293,364.5539198732376,503.2890898919105,197.4270863396606,0.05547492694666362,-1.5518623959353657,-0.00022412988543418514,389774544.20567805,1.8465243378309601,2.229393753647583,1.2073459894205154,2.5871044175554863,182.60692358985617,98.91133083939252,88.0,1.0,88.0,4372.5678727231925,31933.222654321973,1172233.2301358706,3.1726788830108354,False,0,0,0
T1_1400doc_420RPM_20-01-2024.csv,1400.0,420,-50.60726857040287,1.1271568215607881,-54.82947936147452,-47.02015137761832,7.8093279838562,50.61981938586187,0.02814461197703367,-0.06790490670811034,7.030439347374762e-06,25623661.14657277,-0.9288881696553636,-0.92911853782833,1.0002480042059874,-0.9292338639893553,33.29403830755914,9.490245451854967,-42.98581417918205,67.5251527762413,110.51096695542336,34.620192742988436,-0.931550495547064,3.045208160763811,-0.0003730027993195228,11985577.45561669,1.950455714603641,2.0223107442774846,1.036840123636668,2.0711764959668875,105.02126971884636,167.49163203229915,-138.73517001867293,370.3947986459732,509.1299686646461,197.69399053638875,0.06558011033200246,-1.5422987976570597,0.000659379804177861,390829138.9420177,1.8735764179832066,2.265870174990069,1.2093823092783924,2.6335453871097934,181.03215914012375,100.35534420989057,88.0,88.0,88.0,4359.62473001467,24845.88177263587,1174713.2527614846,3.0041108373165124,False,0,0,0
T1_1400doc_420RPM_20-01-2024.csv,1400.0,420,-1.338115259665929,74.28594378957791,-60.68647534936667,261.4483337676525,322.1348091170192,74.29799457022027,1.2195019435802934,0.18102399949558778,0.017902632334787182,55201919.97156481,3.5189150835094662,4.153272429258578,1.180270717165604,4.617166122781717,29.310069154101242,19.53878432062126,-54.72149411916733,123.26962428569794,177.9911184048653,35.22561917902867,-0.9694143965957277,4.583076462416078,-0.0008995704085511143,12408442.465459524,3.4994310152278505,3.785874993101605,1.081854443373019,3.9704417383032427,105.54422304340419,169.704984919496,-137.761690223217,374.2887178277969,512.0504080510138,199.84835482025423,0.07095390660604323,-1.5387369597771174,6.209170934642661e-05,399393649.24362224,1.872863642857787,2.264217877287209,1.2089603457901814,2.6303220182005695,190.54641437858285,101.9434408656587,1.0,352.0,88.0,328886.1659197687,47440.066258083585,1190075.989512995,6.758016490448379,False,0,0,0
T1_1400doc_420RPM_20-01-2024.csv,1400.0,420,70.76385525113773,83.15616864921927,-94.85229123532773,268.2814957535267,363.13378698885447,109.19007095162715,0.01616822759089885,-0.9527972815639218,0.008686450425494593,119224715.9442137,2.457013658983512,2.986269901678745,1.2154063086951625,3.5259690991458776,26.619860666666284,29.466552953277088,-55.69946719884872,129.13746276378632,184.83692996263505,39.710133780447144,0.0021204606284175253,1.0204176859643361,-6.254540623354698e-05,15768947.248610092,3.2520027124001345,3.8140509650437657,1.172831421849834,4.2048686503041015,104.80632528104039,170.8432968282783,-141.65560940504074,389.86441831588746,531.5200277209282,200.42903454856645,0.07301588800296845,-1.5327620788695993,0.00010257606463534852,401717978.9007045,1.9451494100841884,2.347039201990345,1.206611271001934,2.720342524436138,207.35079154208154,103.32866715594989,264.0,352.0,88.0,232313.57420696117,104257.02402973607,1197565.5764037448,25.426962740275215,False,1,1,1
T1_1400doc_420RPM_20-01-2024.csv,1400.0,420,82.52079923351542,88.57282391081421,-100.70928722321987,268.2814957535267,368.9907829767466,121.05712470430753,-0.08685581767434226,-0.9707105269120957,-0.004833418407459156,146548274.41674262,2.216156185840589,2.667755710665685,1.203776036955538,3.097454055962649,26.66592324802671,34.10318356635708,-55.69946719884872,135.98327432155608,191.68274152040482,43.2908603752605,0.27855795154874424,0.32992506909895125,8.656039738391485e-05,18740985.920302995,3.1411543485808537,3.8455649888721988,1.224252157685149,4.372739322574065,104.45266004989229,172.85843553670207,-142.62908920049665,396.67877688407896,539.3078660845756,201.96632622220605,0.0771466579744456,-1.5222440100773977,0.00016075619473698976,407903969.2769456,1.9640837376407376,2.366103306929139,1.2046855546858244,2.7347462594502034,215.21156502232944,104.89664075669332,264.0,352.0,88.0,503510.41353387263,136756.31570242933,1211461.5993095944,48.91839280501632,False,1,1,1
T1_1400doc_420RPM_20-01-2024.csv,1400.0,420,90.95233607735558,90.91528380038456,-100.70928722321987,268.2814957535267,368.9907829767466,128.59982996268968,-0.22237367903809682,-1.0727829535985483,0.007433405368436024,165379162.66432703,2.0861730208458478,2.4816775975944294,1.1895837846604989,2.869936178855133,26.532332121873555,35.02439757139652,-57.65541335821152,141.85111279964448,199.506526157856,43.93942504249059,0.32468523426195917,0.3486863880601021,3.8119078386376847e-06,19306730.730646495,3.2283333853929745,3.969886352190574,1.2297014831717366,4.516453091286437,104.08896795440816,173.11609397090652,-143.6025689959526,396.67877688407896,540.2813458800315,201.99924564601113,0.07449730068387626,-1.5212779934313903,8.938727793180993e-05,408036952.4155755,1.963763654737748,2.3644910439549642,1.2040609053184312,2.731143255777426,219.0941099526967,106.16051792022559,264.0,264.0,88.0,470241.1508197545,143569.578872654,1213104.1800810602,46.59569053017734,False,1,1,1
T1_1400doc_420RPM_20-01-2024.csv,1400.0,420,147.7698884359269,83.17814357868664,-88.9952892908454,271.2099937474728,360.2052830383182,169.57164709220376,-0.9117034475423134,-0.19413593228993564,0.01364558110682353,287545434.9756289,1.5993829062709033,1.7742553768614557,1.1093374637836304,1.9577006965869754,26.226422107834463,34.72167705970009,-57.65541335821152,141.85111279964448,199.506526157856,43.51344705279521,0.3307080443276371,0.3874056816043838,1.4126908480393883e-05,18934200.74416412,3.2599373850464066,4.008834608664485,1.229727487114731,4.561903387053196,103.62111352442079,173.1550350782919,-143.6025689959526,384.0235395431519,527.6261085391045,201.79197541281317,0.06979714433018493,-1.5273822718988783,4.8311923197104686e-05,407200013.4100539,1.9030664562232518,2.288759229076878,1.2026691036418438,2.642507080760081,246.73737289259742,102.41403092859908,1.0,264.0,88.0,246430.2176972397,139358.49944485683,1212968.8593231041,62.46079331262682,False,1,1,1
T1_1400doc_420RPM_20-01-2024.csv,1400.0,420,186.1820224733838,45.43451600891605,-46.04398537963629,271.2099937474728,317.2539791271091,191.64561236105573,-2.53900322201347,8.551084937989213,0.0009862804472500904,367280407.3724404,1.4151641167579654,1.4520723644152984,1.026080542334473,1.4888777041058203,25.52834485208635,33.86408063073237,-56.67744027853012,136.9612474012375,193.63868767976763,42.408399496465165,0.31473134727082097,0.4287689931228744,-0.00014517265885375934,17984723.478517868,3.229578315320613,3.9620963211861366,1.2268153716510213,4.502504413680862,102.19593905685291,171.35298671121396,-143.6025689959526,384.0235395431519,527.6261085391045,199.51404966709853,0.06953609356845468,-1.5304896386589937,-0.0002188699518292656,398058560.1456546,1.924794470283766,2.313782726336229,1.2020933985721165,2.6718419234389406,267.75856343525953,81.47220879997917,88.0,264.0,88.0,94321.7416059008,135732.88564925734,1200326.0481277385,51.25185726239326,False,1,1,1
T1_1400doc_420RPM_20-01-2024.csv,1400.0,420,170.84254753249826,45.591368945117374,-82.16212730497122,263.4006657636166,345.5627930685878,176.82123449881166,-2.4931580044493593,7.29085340031031,-0.006800333226770634,312657489.6968374,1.489643857030004,1.5330885063047255,1.02916445368448,1.5744039157023018,25.35680835017963,33.187899025820826,-55.69946719884872,134.0273281621933,189.72679536104204,41.76606722515083,0.30252789112153333,0.4988221903137031,0.0002171008585067823,17444043.714558184,3.209000441427348,3.921927254303003,1.2221647599894216,4.438823408990973,102.02626155092919,169.66852213978845,-143.6025689959526,381.1031001567841,524.7056691527366,197.98173009436627,0.0706118060201179,-1.537327750668782,0.0005452093835554103,391967654.51158494,1.924940750720456,2.315095209459953,1.2026838792796464,2.673461880636486,255.7610761667892,82.42081478791569,1.0,352.0,88.0,138464.37884332545,132659.77249068572,1188305.3427687516,49.56953478530056,False,1,1,1
T1_1400doc_420RPM_20-01-2024.csv,1400.0,420,151.84274459723318,45.24920721817709,-82.16212730497122,263.4006657636166,345.5627930685878,158.44150289836975,-1.6023877442719399,4.760392823491528,-0.0020652795292326687,251037098.40694112,1.662447407688196,1.723705947806614,1.0368484078564653,1.776560718908076,25.879143808439927,33.35142822631776,-61.5673056769371,130.1154358434677,191.68274152040482,42.214308581251686,0.26827085677025486,0.4191130037710522,0.0001654296875507196,17820478.489931397,3.0822590779386796,3.7586422853715136,1.2194439825886338,4.251736119831585,103.09650532095635,171.2324663518598,-141.65560940504074,381.1031001567841,522.7587095618248,199.87357739915194,0.07079794092105128,-1.539860773747316,0.00017532128277348124,399494469.42334783,1.906720763774157,2.2919581694528,1.2020418579362955,2.6435741563102177,243.53547426974373,86.75066226970841,1.0,352.0,88.0,102141.0408460097,129183.63458604825,1198477.9670846702,66.34942785246002,False,1,1,1
T1_1400doc_420RPM_20-01-2024.csv,1400.0,420,152.36606674633492,15.626150170098953,3.740486660180614,222.4016938483715,218.6612071881909,153.16525345158107,-4.06572340312813,34.30070701626702,0.0014930156522732448,234595948.64887065,1.4520375139696917,1.4596537050381084,1.0052451751384819,1.465677298373209,25.985938470307634,33.40799255580118,-61.5673056769371,130.1154358434677,191.68274152040482,42.32449603705969,0.24470863079227428,0.38890790397294595,8.053402288757691e-05,17913629.64791081,3.074234734644862,3.7423646217022437,1.217332098791267,4.233196016179951,102.87143678726275,170.63411973967567,-140.6821296095848,376.2356774187088,516.9178070282936,199.24491292379275,0.06954911383317204,-1.5415929209719208,1.2711677339800529e-05,396985353.2600976,1.8883075703047512,2.27027084465058,1.2022781036058572,2.620057586415952,242.389575957483,78.71967113015326,1.0,352.0,88.0,28501.251506834447,130050.6605117587,1194949.718567446,76.70157801551758,False,1,1,1
T1_1400doc_420RPM_20-01-2024.csv,1400.0,420,151.121161927527,24.813532192745658,-49.94864937156439,201.902207890749,251.85085726231338,153.1447581936981,-6.279187728062515,41.03495755276967,-0.0016185865193018394,234533169.62206262,1.318374917118497,1.3284993320099932,1.0076794656512613,1.337367790195681,25.94965566305586,32.31840249643751,-55.69946719884872,128.15948968410493,183.85895688295363,41.447120152706695,0.19132121893080944,0.5306141209789081,5.7930819530892695e-05,17178637.689529058,3.092120495028784,3.727894559439061,1.2056110250012615,4.179877188690875,102.41175959074077,169.91947986040333,-139.70864981412885,374.2887178277969,513.9973676419257,198.3955597751666,0.06954112497796464,-1.5423004366371662,6.997899135743789e-06,393607981.385017,1.8865780980782165,2.268454949459205,1.2024177275088643,2.61837745469255,241.47016310337438,78.89321390646127,1.0,352.0,88.0,42015.33566140302,123874.50304725775,1189279.788237279,26.117849648073015,False,1,1,1
T1_1400doc_420RPM_20-01-2024.csv,1400.0,420,149.86796001931768,24.62404137599014,-49.94864937156439,201.902207890749,251.85085726231338,151.87741390357647,-6.275445531786569,41.11238637196976,0.0005974832983634422,230667488.5403828,1.3293761244771534,1.339545170342721,1.007649487363531,1.3484196639381523,25.831712039060566,27.09066258734469,-64.5012249159813,121.31367812633516,185.81490304231647,37.43235694276149,-0.3221388488205232,1.5716989532782772,9.831736086859473e-05,14011813.462903041,3.2408773594416767,3.693586462762627,1.139687205997496,3.9968990076934245,102.70935239612164,170.21827301178695,-138.73517001867293,374.2887178277969,513.0238878464698,198.80510943319825,0.069789456210706,-1.5414307343743132,0.0001131779885331472,395234715.3674593,1.882691641552422,2.265047237787925,1.2030898676111517,2.6172746791039865,239.96469904286963,80.05213894918428,2.0,352.0,88.0,39226.65058745843,92284.42303742448,1191002.797687052,19.779529309652474,False,1,1,1
T1_1400doc_420RPM_20-01-2024.csv,1400.0,420,152.93507387059574,1.2348514188993396,149.18923208653928,156.99856007039548,7.809327983856207,152.94005910104562,-0.017251213535407206,-0.186307715899809,4.74377437889758e-06,233906616.77831325,1.0265365463646674,1.026570008415715,1.0000325970382313,1.0265867425893094,25.293239939182385,22.220195451764663,-64.5012249159813,107.6220550107956,172.1232799267769,33.667270048753196,-1.6113621043706283,2.5926043256202878,-8.836495124853243e-05,11334850.725356739,3.196637412387441,3.413332687591092,1.067788506248449,3.579555350265053,102.70146720203765,170.48143202868118,-138.73517001867293,372.3417582368851,511.076928255558,199.0264053637131,0.07065425991499143,-1.5399673405369556,-0.00021901634502237936,396115100.32001054,1.8708158726800337,2.2500465871727755,1.2027087326073813,2.598646909760182,240.63613869636524,78.92975063733395,88.0,88.0,88.0,4727.740460905225,84682.40621889228,1190896.3136294812,14.4378713597241,False,0,1,1
T1_1400doc_420RPM_20-01-2024.csv,1400.0,420,151.7904220751425,41.03991810446292,-37.258488419502974,269.25766175150875,306.5161501710117,157.24060261831522,-1.1399255914536872,5.642112000291258,-0.0006129058448206112,247246071.11770922,1.712392710711641,1.7703606396938762,1.0338520063882688,1.8223002178597953,24.755354756155274,26.101755154298974,-56.67744027853012,126.20354352474212,182.88098380327224,35.974007439234136,-0.49905057124099866,1.6476773069010662,4.778869596730993e-05,12941292.112380726,3.508186952424473,3.955641441319697,1.1275457935860553,4.259596754980434,103.36771679700097,171.36709680539752,-142.62908920049665,384.0235395431519,526.6526287436486,200.128875336208,0.07252795313776526,-1.5381073759308765,0.0002492831464440572,400515667.4333549,1.9188812154068655,2.3091915379878505,1.2034051505883476,2.668138627508944,241.67579745823852,87.53920258529301,88.0,88.0,88.0,83881.46299407152,78188.04538937238,1199338.66180477,22.409853078606222,False,0,1,1
T1_1400doc_420RPM_20-01-2024.csv,1400.0,420,151.2418181835913,75.03690523538768,-55.80564535945654,271.2099937474728,327.01563910692937,168.83312682878037,-0.5112073565577477,-0.4382263458393507,0.0007481044782939813,285046247.14783037,1.6063790255008217,1.7756694380210138,1.1053863439653742,1.93281194800081,25.497929875414897,32.33828438649351,-61.5673056769371,135.98327432155608,197.5505799984932,41.18141650056862,0.21303502204697725,0.7328830722588227,0.0003966122960178655,16959090.649933055,3.3020543215087916,3.9826859133855526,1.2061236810803777,4.461017006476367,104.34878977028919,172.918907371808,-146.5230083823204,393.7583374977112,540.2813458800316,201.96439897463094,0.07284874335920356,-1.5335406686022552,-0.00023514347246070217,407896184.53183913,1.9496423107082936,2.3471840294419146,1.2039049504363681,2.7129761972210287,245.2256597536676,104.18506625874319,88.0,264.0,88.0,244179.49512002696,117412.60475761903,1210828.5512907028,34.81692279084023,False,1,1,1
T1_1400doc_420RPM_20-01-2024.csv,1400.0,420,153.30787450968296,89.02747268826363,-95.82845723330976,271.2099937474728,367.0384509807826,177.28281157499796,-0.5459739726552826,-0.9546546192028229,0.0015986923496275863,314291952.79936236,1.529815504041348,1.7345575735510583,1.1338344845955861,1.9409382510434838,26.33468372391354,34.54326718821742,-61.5673056769371,138.91719356060028,200.4844992375374,43.436768697442666,0.2921646897643962,0.44384861046483337,-1.544411134845174e-05,18867528.74875135,3.198147507891834,3.904393714953263,1.2208297789012788,4.411784171175133,104.31452324081734,172.76143850616174,-146.5230083823204,393.7583374977112,540.2813458800316,201.81187872292682,0.07107299919871592,-1.5328498852581867,-0.00024171508231379634,407280343.9367732,1.9511157618145611,2.348804980128877,1.2038265622663313,2.714843779412275,248.49860455725883,110.87121394475572,88.0,264.0,88.0,319244.5922728575,138158.00893108288,1209545.1802235735,83.90420557339053,False,1,1,1
T1_1400doc_420RPM_20-01-2024.csv,1400.0,420,170.3115162299491,83.88077600837521,-95.82845723330976,269.25766175150875,365.08611898481854,189.8472995444271,-0.8833060073690745,-0.24244899436357903,0.0050952536145642815,360419971.44311434,1.4182854451848468,1.5561193005129654,1.0971834377882617,1.6917658907785311,26.188476732006308,34.23844885822051,-54.72149411916733,138.91719356060028,193.6386876797676,43.10577332283712,0.28108956167830046,0.4278871426564712,-5.420214619634737e-05,18581076.93759817,3.2227050543831206,3.929849837090164,1.2194258459194935,4.438531878248108,103.78232182678455,171.85226018762407,-140.6821296095848,384.9970193386078,525.6791489481926,200.75848588628355,0.06964649245757233,-1.5364137766541206,-0.0005215689093572284,403039696.5535311,1.9177123080948282,2.30799052883459,1.2035123929133502,2.6678011120395575,258.94970187969824,105.58942366468236,88.0,264.0,88.0,299737.1046235794,135015.01249925327,1202921.6227941825,57.4672595869961,False,1,1,1
T1_1400doc_420RPM_20-01-2024.csv,1400.0,420,196.52362640081634,64.44141177357184,-88.01912329286337,268.2814957535267,356.30061904639007,206.81932038641526,-1.4467621940599766,1.8275866235522145,0.003765039890554879,427742312.85098684,1.2971781130132198,1.358189046734264,1.0470335824425234,1.4089531208766648,25.894302401739537,33.930492919796606,-56.67744027853012,132.07138200283052,188.74882228136065,42.682470015840245,0.25664349015399474,0.3951906784973631,-7.943767531754915e-05,18217932.466531016,3.094276923378999,3.762049259085562,1.215808847185321,4.241807344330695,102.69621039282966,170.10525664334278,-140.6821296095848,384.9970193386078,525.6791489481926,198.70156005111244,0.06880026397080426,-1.5395867301828179,-0.0005180448194038595,394823099.6674584,1.937564150173628,2.3310441639103754,1.2030797347801294,2.6943505506468504,275.01764149041213,91.88923423094121,88.0,264.0,88.0,205138.7413727822,132817.45367511924,1190270.9591163595,66.66675783447819,False,1,1,1
T1_1400doc_420RPM_20-01-2024.csv,1400.0,420,219.32657437938778,38.242158943264826,-47.99631737560034,264.3768317615986,312.373149137199,222.63559677113417,-2.689735496519518,9.752631124868934,0.004340286929269096,495666089.49639046,1.187486797241026,1.2046291127061393,1.0144357945746776,1.2178577704202558,25.862224865405825,33.429754437510944,-56.67744027853012,130.1154358434677,186.79287612199784,42.26586278240511,0.2391512118961862,0.3854041635697638,-4.6708381711505434e-07,17864031.567410976,3.0784994621624895,3.7384183865476355,1.2143638264343195,4.218069685719489,102.99691831834352,170.30940957189299,-141.65560940504074,377.2091572141648,518.8647666192055,199.0318069349779,0.06994983757934174,-1.5435026609008218,-0.0001588947577006903,396136601.7180232,1.8952204827110675,2.2801281100194286,1.2030938515173495,2.635636506200631,292.1206373902137,75.04802121920179,1.0,352.0,88.0,78835.13680217459,127735.80540550273,1190870.0510980112,54.15648248738103,False,1,1,1
T1_1400doc_420RPM_20-01-2024.csv,1400.0,420,234.76971703565587,20.366577773912237,180.42654402196408,273.16232574343684,92.73578172147276,235.65147469774666,-0.25709552091269744,-0.4734177334100007,-0.0002458055632183283,555316175.2722274,1.1591793605102734,1.1635330535494492,1.0037558407158487,1.1657633055090821,25.842861000693965,34.19630195116049,-57.65541335821152,133.0493550825119,190.70476844072343,42.86304389373358,0.27773601330408243,0.41330830144880926,-7.751497777382461e-05,18372405.318361316,3.104057551590806,3.783547405170603,1.2189037549357176,4.273807927262644,102.923517959299,171.21158588373711,-145.54952858686443,377.2091572141648,522.7586858010293,199.76650792848744,0.06838219647907015,-1.5404379500026841,-0.0006379726999134404,399066576.89942443,1.8882502433751227,2.2698713180231724,1.2021030189123276,2.6205140854674696,304.8308029210159,65.98255329653503,1.0,352.0,88.0,84352.80256582078,131545.09994968702,1198762.2062708342,64.30404059793321,False,1,1,1
T1_1400doc_420RPM_20-01-2024.csv,1400.0,420,215.07976069506938,31.7123555166319,139.42757210671903,273.16232574343684,133.7347536367178,217.4050987282993,0.4036801607600473,-1.3307625147675683,-0.009456481842728454,472649769.5306157,1.256466970375979,1.2700512817229435,1.0108115148804107,1.2768484636042792,25.91552441383886,34.2580639988883,-57.65541335821152,133.0493550825119,190.70476844072343,42.95613291017016,0.26896511409822105,0.39452748492146306,2.8067823205428233e-05,18452293.545962043,3.0973308365709884,3.770671035189706,1.217393696103889,4.256332925510281,102.60752643192265,169.83827059932133,-145.54952858686443,372.3417582368851,517.8912868237495,198.4271721328659,0.06704559937982106,-1.540905998920711,-0.0002637088287660998,393733426.40646,1.876465577947998,2.256361100943143,1.2024527001505554,2.6061622689224184,288.83194351529966,71.13126846527152,1.0,264.0,88.0,170115.01938209176,131075.1418469213,1186818.8372727097,76.50349032300115,False,1,0,0
T1_1400doc_420RPM_20-01-2024.csv,1400.0,420,165.52888536471303,36.20760912156005,114.04725615918636,239.972681812048,125.92542565286163,169.44262406013425,-0.12382014308327721,-1.0852060628147784,-0.011029006311503125,287108028.48383987,1.4162474356327426,1.449732965236318,1.0236438412957232,1.467982970058778,26.161973661481674,33.631453677581085,-56.67744027853012,132.07138200283052,188.74882228136065,42.60896082200718,0.2421731351599255,0.39237689709360835,2.879023136667753e-06,18155235.423313428,3.0996151855132017,3.763247845296664,1.214101628771568,4.248703307196671,102.9922456804726,168.78513051369768,-135.81473063230513,371.36827844142914,507.1830090737343,197.72663693299592,0.06583129048407363,-1.5463700817270516,-0.0003814546588525881,390958229.5283278,1.8781904360578163,2.2595756093519994,1.2030599059457903,2.6115278176515266,251.64574305776273,79.350925290475,1.0,352.0,88.0,177989.8700855651,127497.6035032075,1179858.3969563353,67.17565597402924,False,1,1,1
T1_1400doc_420RPM_20-01-2024.csv,1400.0,420,130.11826745036365,23.602600977170873,114.04725615918636,188.23587200582028,74.18861584663392,132.24162089588856,1.8107425016903425,1.3091775465473026,-0.004490108090978785,174878462.9717191,1.4234238111314061,1.4466521549530071,1.0163186421640213,1.4570659749620027,26.2874476165469,33.70316598562533,-56.67744027853012,131.0934089231491,187.77084920167923,42.74264029803622,0.22838110049992014,0.3500699152361002,2.2458805142537233e-05,18269332.996473096,3.0670405012198576,3.7212763875050308,1.2133117857507794,4.2027495596073186,103.45318839570734,169.00343360786053,-134.84125083684918,380.1295966005325,514.9708474373817,198.1532809733017,0.06623523528447697,-1.5481994522462716,-0.0002151624839387572,392647227.6048424,1.9183613550751628,2.308021177657207,1.203121180246449,2.6662616508813763,227.16312408000476,83.52495085611127,1.0,352.0,88.0,97666.32388063654,125685.13561268349,1180394.340512076,51.22000490284762,False,1,1,1
T1_200doc_420RPM_20-01-2024.csv,200.0,420,9.195673473060905,1.6036899848718718,3.763587932628579,13.520364559032023,9.756776626403443,9.334464751164596,-0.2239820459453828,-0.7532895232472945,1.1563728901642128e-05,871322.3219073433,1.4484349043521945,1.4702962864699876,1.01509310639512,1.4820290745966398,15.814137131964863,1.5662383196919423,9.824736599326132,21.560415047407155,11.735678448081023,15.891508289104006,0.04614498688974152,0.11259346392207359,1.0146367317640464e-05,2525400.3570266133,1.356725532603474,1.3633633544145405,1.0048925310621442,1.3667378708330906,22.316423215791996,1.7810494577241844,17.043490241244434,28.719387723356487,11.675897482112052,22.387382212246244,0.11516475507351044,-0.3171767900968461,1.359789123154297e-05,5011948.823171995,1.2828381385138696,1.2869171482208446,1.0031796760514935,1.2889703204468679,28.936469613302965,1.883580773152354,132.0,930.0,132.0,4143.315270321929,3181.2642740475903,8348.736456237331,1.8013658816757354,False,0,0,0
T1_200doc_420RPM_20-01-2024.csv,200.0,420,9.260556037342761,1.6211653392148022,3.763587932628579,14.496042900756002,10.732454968127424,9.401386875234786,-0.23921510663725348,-0.7461116843265843,6.712072168512027e-05,883860.7517783688,1.5419047309861913,1.5653534023552564,1.0152076006369521,1.5779624408827808,15.902154709136186,1.6732132013873686,10.802709679007531,21.560415047407155,10.757705368399623,15.989939549935741,0.05466688345314968,-0.029239461790319332,7.996545395499536e-05,2556781.6681059925,1.348373768398255,1.3558172110487743,1.005520311077663,1.359606356816193,22.318855689826574,1.8620231305449315,17.043490241244434,28.719387723356487,11.675897482112052,22.396393670454806,0.13613357249225452,-0.43360517375531415,2.1359702120785205e-05,5015984.494419882,1.2823219731685167,1.2867768904678845,1.0034741019748417,1.2890186016068303,29.015792391824604,1.9355834533693919,132.0,7.0,132.0,4371.486238739546,2925.8787532657593,8944.642144764493,0.9999999996582224,True,0,0,0
T1_200doc_420RPM_20-01-2024.csv,200.0,420,9.394419019676695,1.5446708382058376,3.763587932628579,14.496042900756002,10.732454968127424,9.52056283607575,-0.35200109035073274,-0.6267198970531198,2.4044137599830797e-05,906411.1671566674,1.5226035635022475,1.5430483641823842,1.0134275271450897,1.5540753822484903,15.97188418897152,1.6846796697978754,10.802709679007531,20.582440475821496,9.779730796813965,16.06048660955666,0.030128131023542296,-0.16607908361162815,1.2396231393294272e-05,2579392.301357487,1.2815577121787882,1.2886670246478205,1.005547399388628,1.2922894394823108,22.248897624185727,1.5605733003538869,17.043490241244434,27.746396328359843,10.702906087115409,22.303561027720992,0.08990363986314574,-0.1057400297146538,-6.74481815327271e-06,4974488.345172747,1.2440343626685433,1.2470908355566366,1.0024569039086162,1.2486281261779313,29.03134358504594,1.7917229182277128,931.0,203.0,132.0,3458.856779073185,2690.357695396369,4822.911826061798,1.1855615577506278,False,0,0,0
T1_200doc_420RPM_20-01-2024.csv,200.0,420,9.445837236089542,1.4858161177867422,4.73926562317647,13.520364559032023,8.781098935855553,9.561981521973914,-0.3831834023606545,-0.5896662132868005,1.542418280524391e-05,914314.9062657057,1.4139709983711584,1.4313569269831379,1.012295816980693,1.4407092083496003,16.086698228973688,1.6585198051377308,10.802709679007531,21.560415047407155,10.757705368399623,16.171967964787072,0.056522038963153685,-0.06529303692457544,4.513520284285668e-05,2615325.4785409933,1.3331967447841175,1.3402635357810577,1.0053006362523669,1.3438572026979612,22.289179481371544,1.3008223161088899,17.043490241244434,26.7734049333632,9.729914692118765,22.327105962280047,-0.0011821767982546116,0.01802656673681824,4.706789492455763e-05,4984996.606508812,1.1991435423200318,1.2011839626370904,1.0017015646960086,1.202210792548839,29.13117560176479,1.6847276310119146,931.0,931.0,590.0,3899.9597340500063,2981.0096520691864,3294.6715985859987,2.671749943737137,False,0,0,0
T1_200doc_420RPM_20-01-2024.csv,200.0,420,9.593652404449372,1.4659844951193786,4.73926562317647,13.520364559032023,8.781098935855553,9.70501298285209,-0.42173694104503934,-0.45232296744416134,2.0482511472834766e-05,941872.7699732762,1.3931320424734441,1.4093031505666715,1.0116077353762651,1.4180080703357683,16.382339491707324,1.529973768873247,11.780682758688927,21.560415047407155,9.779732288718227,16.453627774901005,0.09226898394932356,0.07008493266762228,4.7548562720259994e-06,2707218.6695499374,1.3103745473260455,1.3160766847934602,1.0043515325286578,1.3189628695823052,22.556071026807913,1.275983404913972,18.98947303123772,26.7734049333632,7.783931902125481,22.59213300722221,0.06157597970130949,-0.07543496038610176,4.3714756213743435e-05,5104044.738160193,1.1850764566942098,1.1869711219450843,1.001598770476092,1.1879224235096342,29.541298940803838,1.62026993380816,931.0,931.0,590.0,3182.224398236726,2447.4473457330314,3188.4654716954474,2.0361644119279605,False,0,0,0
T1_200doc_420RPM_20-01-2024.csv,200.0,420,9.566918833821344,1.5074444503691637,3.763587932628579,13.520364559032023,9.756776626403443,9.68495352306217,-0.39545177400558507,-0.48481400163855204,-6.197051220533827e-05,937983.2474387431,1.3960174952659123,1.4132412737980282,1.0123377956154018,1.422527618705966,16.333832026656747,1.5084763258392841,11.780682758688927,21.560415047407155,9.779732288718227,16.403340193407416,0.033993194891734135,-0.0632307356439048,-8.082136082569469e-05,2690695.695006553,1.3143917515087806,1.3199851089579375,1.004255472116845,1.322822187186004,22.48387505579961,1.455669967453875,17.043490241244434,26.7734049333632,9.729914692118765,22.530947884608743,-0.03235426501072992,-0.12150000508529635,-7.170987059879576e-05,5076436.125789552,1.1882946545561248,1.1907824993208689,1.0020936261517335,1.1920374210138207,29.45341487862699,1.7343179670865247,931.0,3.0,132.0,2892.8794175695516,2359.8100223078372,5363.172345713435,1.4495870263053416,False,0,0,0
T1_200doc_420RPM_20-01-2024.csv,200.0,420,9.685170968538976,1.5084277935016805,3.763587932628579,13.520364559032023,9.756776626403443,9.801933028644836,-0.4605095941248926,-0.3645629034592779,7.692258132909946e-05,960778.9109803854,1.379356961481023,1.3959861527433204,1.0120557562158836,1.4049948508366812,16.391434642392692,1.6217692119545744,10.802709679007531,21.560415047407155,10.757705368399623,16.47146821059602,0.07108229377579821,-0.2247170036111541,7.22445469300312e-05,2713092.6501267515,1.3089552656597692,1.3153464304854732,1.0048826457201212,1.3185877033627145,22.443690510221455,1.5283369308984898,17.043490241244434,26.7734049333632,9.729914692118765,22.495667527169598,0.09027556971865801,-0.22581197989023893,5.707795685803183e-05,5060550.574929527,1.1901582783007918,1.1929145485752388,1.0023158854790157,1.1943000142081919,29.499156565781835,1.8005486694774484,931.0,931.0,132.0,3110.762721259881,2467.602084981587,4486.876481970858,1.1809429524320034,False,0,0,0
T1_200doc_420RPM_20-01-2024.csv,200.0,420,9.800203364477753,1.5252103580124277,4.73926562317647,14.496042900756002,9.756777277579532,9.918177888166223,-0.4947816731589625,-0.3051362383421745,1.91482801874098e-05,983702.5262130941,1.4615631080837754,1.4791573563972147,1.012037966897308,1.488715711509724,16.523558806054417,1.6966944954368346,10.802709679007531,21.560415047407155,10.757705368399623,16.610441530193714,0.017477070793276914,-0.2916013572780689,4.859083720610564e-05,2759067.678279841,1.2980037290529334,1.304828778138713,1.0052581120785833,1.3083034688120823,22.662808177198688,1.5351109404762522,18.01648163624108,27.746396328359843,9.729914692118765,22.71474059011182,0.07440794999922178,-0.2873357093298696,2.6927705409191093e-05,5159594.400760735,1.2215149989623215,1.2243141322740319,1.0022915259444936,1.2257216581787174,29.78148871276104,1.8164224665682704,931.0,210.0,131.0,3362.3015449213535,2941.501877718518,5004.768258727298,1.3776695997229051,False,0,0,0
T1_200doc_420RPM_20-01-2024.csv,200.0,420,9.858061048057401,1.5779115523989495,4.73926562317647,14.496042900756002,9.756777277579532,9.98354508651214,-0.4520044712156904,-0.23198715207573484,0.00011761622079770059,996711.7249442067,1.4519935328724352,1.4704760733463451,1.0127290790595647,1.4805266196291345,16.676122607529045,1.6920538388993565,10.802709679007531,22.53838812708855,11.735678448081018,16.76174547638388,-0.0304465017915414,-0.19525274155799677,0.00013260493055631243,2809561.114150754,1.3446325240317933,1.3515364846809634,1.0051344590628146,1.3550596993836561,22.742204276885793,1.4999294181840377,18.01648163624108,27.746396328359843,9.729914692118765,22.791613449493575,0.05825943105159216,-0.16104494220427634,2.5071298657227327e-05,5194576.436311364,1.21739500320353,1.2200398866595397,1.0021725762378275,1.221370307736897,29.945967543361885,1.8231718055490707,931.0,931.0,132.0,3496.949622540638,2809.878281321318,3759.4629633068203,1.430426730813163,False,0,0,0
T1_200doc_420RPM_20-01-2024.csv,200.0,420,10.144227310536875,1.475121357748986,4.73926562317647,14.496042900756002,9.756777277579532,10.250918531913587,-0.5626512343503861,0.16616155573127767,2.710443712713784e-05,1050813.307479294,1.4141213644051815,1.4289942897571772,1.0105174320439263,1.4370778635669923,17.096064248541,1.5706710552267844,11.780682758688927,22.53838812708855,10.757705368399622,17.168063966387386,-0.0865502042288713,-0.11926642832286793,5.640806494957583e-05,2947424.20353969,1.3128089556991103,1.3183378232222076,1.0042114791334227,1.3211573251273028,22.860033539198582,1.3880451304994232,18.01648163624108,27.746396328359843,9.729914692118765,22.902135330522945,0.05088379585900634,-0.09764135487956072,2.424392534546412e-05,5245078.026975874,1.2115200581921584,1.2137513394624952,1.0018417204529544,1.2148728615655024,30.355208030637225,1.7008524969036172,931.0,931.0,590.0,2813.8699465201207,2331.278111999647,3144.305735667445,1.1424075356838495,False,0,0,0
T1_200doc_420RPM_20-01-2024.csv,200.0,420,10.10373668687217,1.4674129799206612,4.73926562317647,14.496042900756002,9.756777277579532,10.209740246024198,-0.5046505898462254,-0.0005067020086930718,-7.701836392949258e-05,1042387.9589128625,1.4198248487664458,1.4347209700734558,1.0104915203589737,1.4427698160570896,16.906826462695125,1.719016734044842,10.802709679007531,22.53838812708855,11.735678448081018,16.993993043767386,-0.05668927047771572,-0.06006543395067032,-0.00018128298581382264,2887957.9957161434,1.3262561699914661,1.333093953310484,1.0051557033050877,1.3365900814847569,22.89564502329067,1.373878622988745,18.01648163624108,26.7734049333632,8.756923297122121,22.936828540651387,-0.03627774433465807,-0.0846608365391357,-2.1446206072625846e-05,5260981.035032401,1.1672670825398626,1.1693667029746428,1.0017987489463094,1.1704247251080597,30.26478154780215,1.782048492593658,930.0,1.0,590.0,3576.5494037172466,3532.8363414033834,3238.2195631604545,2.0225240625094005,False,0,0,0
T1_200doc_420RPM_20-01-2024.csv,200.0,420,9.905478986329708,1.4935757931569569,4.73926562317647,14.496042900756002,9.756777277579532,10.017448906708927,-0.45905800201855695,-0.15620947108817695,-4.3010981933142154e-05,1003492.8259852387,1.4470792949138631,1.4634368434642697,1.0113038370515697,1.4722733600874556,16.50282578273279,1.6798628094976893,10.802709679007531,22.53838812708855,11.735678448081018,16.588104107280117,0.16996105940172454,0.18782894316750465,-4.7448736200275394e-05,2751651.978739635,1.3587079018389447,1.3657290226423453,1.005167498322412,1.3692793170296405,22.80029186680364,1.3403444631973795,18.01648163624108,27.746396328359843,9.729914692118765,22.839654824262475,0.04757680141402687,-0.030967550558762547,-3.384913757595037e-05,5216498.324914561,1.2148343108445299,1.2169316292287269,1.0017264234023313,1.2179856189162577,29.900116292859824,1.7740796592605395,930.0,1.0,590.0,2494.3987180906825,3699.342373062167,3256.257632566033,2.7908246439956326,False,0,0,0
T1_200doc_420RPM_20-01-2024.csv,200.0,420,10.084613405793279,1.4479996941624145,5.714943406749517,13.520364559032023,7.8054211522825065,10.188038607043064,-0.5759442034619486,0.016206361613532838,8.568357581616435e-05,1037961.3065859997,1.3270821873098615,1.340692400887179,1.0102557427923187,1.348075537375469,17.089316239512865,1.6531057242319314,10.802709679007531,22.53838812708855,11.735678448081018,17.16908524265537,0.047885101073301586,-0.2483173083317869,0.00022402686039172732,2947774.8806956643,1.3127308653051315,1.318858391477166,1.004667770320621,1.3219671562473505,22.882315040511273,1.469667745812831,18.01648163624108,27.746396328359843,9.729914692118765,22.92946281307722,0.10798801013974903,-0.19456659408768706,5.0917295364555555e-05,5257602.64896291,1.2100761607260775,1.2125694572090766,1.0020604459156548,1.213821117952529,30.34935844078966,1.8028660119172837,931.0,1.0,132.0,3231.917440480126,4373.39324316196,4213.519016835935,3.197394377731572,False,0,0,0
T1_200doc_420RPM_20-01-2024.csv,200.0,420,10.074466354574307,1.537486226278988,4.73926562317647,15.47172049827874,10.73245487510227,10.191110647296854,-0.5693068794294883,0.07247340927715529,-7.275708484453126e-05,1038587.362254473,1.518158425880946,1.535735983797674,1.0115782105589728,1.545348454248253,17.286573416547363,1.6692502633789057,11.780682758688927,23.516361206769947,11.73567844808102,17.366980650863653,0.05559682389644933,-0.15503929758927804,-0.00013234732238329944,3016120.1692747246,1.3540846091517058,1.360383034862143,1.0046514269993683,1.3635778691719609,23.016879739158593,1.7931108197498893,18.01648163624108,28.719387723356487,10.702906087115409,23.086619487027402,-0.03779623304516854,-0.42937025750113644,3.87018613510196e-08,5329919.993387935,1.243984106876028,1.2477533031767214,1.0030299392732265,1.249660880883086,30.574182175111712,1.9188894743560105,132.0,1.0,132.0,3680.2221498197905,3536.028310033424,7977.819973940364,1.5854200014886095,False,0,0,0
T1_200doc_420RPM_20-01-2024.csv,200.0,420,10.071246616009407,1.585579184209259,4.73926562317647,15.47172049827874,10.73245487510227,10.195296452280267,-0.49986312410319667,0.01854350293467144,9.433874959404088e-05,1039440.6974987861,1.5175351271731148,1.5362269526480126,1.012317227548938,1.546432101787931,17.105746190682893,1.6639846621143455,11.780682758688927,23.516361206769947,11.73567844808102,17.186488812314575,0.06437432165908792,-0.023068038993296902,8.787539871004756e-05,2953753.9769581407,1.3683051531689154,1.374763833429188,1.0047202045869044,1.3780405341137285,23.15066605589642,1.8304492937512657,18.01648163624108,28.719387723356487,10.702906087115409,23.22291720367252,-0.07151111055615532,-0.30985289614140976,5.762671311548474e-05,5393038.834486291,1.2366830347573536,1.2405426113449434,1.0031209101112535,1.2424996964332327,30.573315336847003,1.9737629563950991,132.0,1.0,132.0,4102.203189654912,2790.531105057535,9061.151279216754,1.1818743511837195,False,0,0,0
T1_200doc_420RPM_20-01-2024.csv,200.0,420,10.474689327404171,1.4916109004900806,5.714943406749517,14.496042900756002,8.781099494006487,10.580360087638587,-0.5068923646702443,0.3094086743419049,6.399097094305991e-05,1119440.1958409562,1.3700897493736766,1.383911488699818,1.0100881999390623,1.39138326471215,17.667004965728463,1.7415454868240725,11.780682758688927,24.49433428645134,12.713651527762414,17.75263487884972,0.053530573402582,0.11931182574262023,0.00013379329567357546,3151560.451417515,1.379757678429674,1.3864452030192411,1.0048468834014235,1.3898429737693916,23.23434332024483,1.8137219449247979,17.043490241244434,29.69237911835313,12.648888877108696,23.305027286328315,-0.027278649569407454,-0.287806960409136,-2.4642990267258517e-06,5431242.968165073,1.2740761361722113,1.2779521550962538,1.0030422192316448,1.2799135947424594,31.08677988258869,1.9586929503710895,132.0,7.0,132.0,3782.3153268776055,3055.5867102592897,9028.79611468233,0.9999999996727307,True,0,0,0
T1_200doc_420RPM_20-01-2024.csv,200.0,420,9.993485094546966,1.8278849085297029,3.763587932628579,14.496042900756002,10.732454968127424,10.159276921797288,-0.5194914292894056,-0.2765375687594891,-0.00026236816680052355,1032109.0757376297,1.4268774256614607,1.450549309236064,1.016589990947281,1.4637765475904814,17.197186708991232,2.1596865909575556,10.802709679007531,24.49433428645134,13.69162460744381,17.33226692833533,-0.0048647273136568775,-0.3584091787530297,-0.0003360853560103521,3004074.7687506652,1.4132216165219127,1.4243221697212214,1.0078547858803832,1.430031913127329,22.8931152175361,2.020839248902927,16.07049884624779,29.69237911835313,13.62188027210534,22.982134705751108,-0.07566481818363954,-0.49316696450276387,-0.00012256963659312167,5281785.156332895,1.291976550416913,1.2970003792060945,1.00388848295084,1.2995551006549277,30.42590086439843,2.4620025734994564,1.0,1.0,132.0,5362.867500341961,6691.410971834645,10542.390596227564,2.3407576045443994,False,0,0,0
T1_200doc_420RPM_20-01-2024.csv,200.0,420,9.056346690357469,1.958545038464199,3.763587932628579,13.520364559032023,9.756776626403443,9.265706343481936,-0.20091200558947855,-0.8826473414861358,-0.00016577069592145605,858533.140436414,1.459183364746183,1.4929159650466466,1.0231174512507761,1.5115559665825848,15.919269255038321,2.0017341104274755,10.802709679007531,23.516361206769947,12.713651527762416,16.044627545170915,0.45172613224417907,0.15205149061557854,-0.0002535779679313712,2574300.7306325724,1.465684456716969,1.4772261735146672,1.0078746259092841,1.4830014853412203,22.310779783915827,2.7138819290423215,13.151524290181696,30.66537051334977,17.513846223168073,22.47523191629331,-0.14915433612229703,-0.3923282313973453,-0.0001313539075716096,5051360.496911695,1.3644073007815798,1.3744643087489437,1.0073709719682697,1.3796752084022992,29.009077183699446,2.6254290598370056,132.0,1.0,132.0,7049.945475682806,5617.1762289591725,15091.609389103152,2.519792799493278,False,0,0,0
T1_200doc_420RPM_20-01-2024.csv,200.0,420,8.890871751817246,2.161169884946014,2.7879102420806885,14.496042900756002,11.708132658675314,9.149768072408142,-0.07351778068770577,-0.949968260557029,5.082123614514982e-05,837182.5577885942,1.5843071415624164,1.6304411204439082,1.029119340354671,1.6560706827851182,15.770226143372595,1.651557574854381,10.802709679007531,22.53838812708855,11.735678448081018,15.856471077644338,0.15252380156900044,0.2684096286216384,0.00011947284298069458,2514276.750361714,1.421400008660495,1.4291734260615065,1.0054688457532353,1.433112403701609,22.23537285699553,3.83419183631948,13.151524290181696,31.638363392651083,18.48683910246939,22.56352882701003,0.06309534884020035,-0.9775890878964679,6.215372794174966e-05,5091128.3312731255,1.4021903947390482,1.4228843202283994,1.014758285013928,1.4336679307035924,28.907847520986223,2.9317427659592017,132.0,207.0,132.0,9833.93251603399,2840.5492918936275,20849.37545973867,1.449671805414262,False,0,0,0
T1_200doc_420RPM_20-01-2024.csv,200.0,420,9.038882045770798,2.517988320755041,2.7879102420806885,15.47172049827874,12.683810256198052,9.383051413096725,-0.04880933849137974,-1.0970049961628177,2.6383923499093022e-05,880416.5382081644,1.6489007485010196,1.7116851862800668,1.038076541499616,1.747407606912404,16.173933430068317,1.6125999714891466,10.802709679007531,22.53838812708855,11.735678448081018,16.254125669144074,0.11847793902653349,-0.06894823057120014,7.452724100356037e-05,2641966.0126832826,1.3866256842023912,1.3935007352749658,1.0049581160589343,1.3969813213076654,22.35894272201513,4.872660304383332,9.259558431888,32.61135478764772,23.35179635575972,22.883730860335394,-0.025693050541348683,-1.2188287386916787,-4.154650890913366e-06,5236651.380882664,1.4250890725241536,1.4585374269749272,1.0234710623326364,1.4765627999521882,29.386970293698692,3.508471196216588,132.0,933.0,132.0,12350.519412034811,2482.1055675935127,26740.53355104976,1.0068500280546488,False,0,0,0
T1_200doc_420RPM_20-01-2024.csv,200.0,420,9.09449566859703,2.676326636320512,2.7879102420806885,15.47172049827874,12.683810256198052,9.480114753019016,-0.08846479359330489,-1.1474436873077611,3.02667972205151e-05,898725.757304088,1.632018272073305,1.7012180842201112,1.0424013709472109,1.741396855431276,16.425565902426005,1.6373821493876546,10.802709679007531,22.53838812708855,11.735678448081018,16.50697535946768,0.057612262912050224,-0.14445106402611874,9.152448610565468e-05,2724802.355180732,1.3653857012733415,1.3721529146073257,1.004956264978953,1.375589000532482,22.405257103919325,5.285689355719906,9.259558431888,32.61135478764772,23.35179635575972,23.02029665008464,-0.030141712814984824,-1.3198111271028088,5.314873232679544e-05,5299340.578578981,1.4166348628495113,1.4555224533416782,1.0274506801378203,1.4767162088485872,29.63238848434136,3.7694060300601406,132.0,14.0,132.0,13085.87162683203,2823.700771449966,28728.888977195165,0.9999999996458548,True,0,0,0
T1_200doc_420RPM_20-01-2024.csv,200.0,420,9.111570028004872,2.7075099925603676,2.7879102420806885,15.47172049827874,12.683810256198052,9.50533106919748,-0.11582774286739235,-1.1129195137649555,-5.881164369748143e-06,903513.187350509,1.6276887554622539,1.698030136488621,1.0432154985345405,1.739234854276987,16.51260550875551,1.728003378801412,10.802709679007531,22.53838812708855,11.735678448081018,16.602774959775,0.07275264569770587,-0.1267754122896938,-3.2282153474182846e-05,2756521.3636493185,1.3575072951174896,1.3649201584291455,1.0054606434442874,1.368687825338757,22.473755707394716,5.370281697892775,11.20554150018841,35.530328972637655,24.324787472449245,23.106484395302946,-0.016672996098821415,-1.3287063283481035,-1.3194567819565397e-05,5339096.211103786,1.537677838168242,1.5809697958471103,1.0281541143432487,1.6045651937840486,29.755994374351307,3.807082216597722,132.0,933.0,132.0,14329.885001279641,2921.6337083118146,31273.122503341674,1.0185134037217511,False,0,0,0
T1_200doc_420RPM_20-01-2024.csv,200.0,420,9.139376839776133,2.6988563569298596,2.7879102420806885,15.47172049827874,12.683810256198052,9.529534860357932,-0.04886845497907751,-1.1512189186315642,3.848889154703677e-05,908120.3465477708,1.6235546356664063,1.692863831912824,1.0426897837152052,1.7328780700605229,16.437888370838703,1.8646496730642752,9.824736599326132,22.53838812708855,12.713651527762417,16.543309599213003,0.1778153615771546,-0.12948782370372358,3.816067373977327e-05,2736810.9249541303,1.3623868907199042,1.3711242964195032,1.0064133072324133,1.3755518769264354,22.34532083687265,5.281667858074385,11.20554150018841,35.530328972637655,24.324787472449245,22.961040452596897,0.0006183537348793973,-1.3121655954045286,1.2955587503558192e-05,5272093.786657911,1.5474180730611957,1.5900567833426698,1.0275547449159124,1.613208900285357,29.627949012322414,3.7265457382412928,132.0,207.0,132.0,13642.990606027784,3154.863547170002,29499.49687248318,1.0767897149265244,False,0,0,0
T1_200doc_420RPM_20-01-2024.csv,200.0,420,9.312071786277432,2.6922526843518515,2.7879102420806885,15.47172049827874,12.683810256198052,9.693446521706504,-0.03332982538192929,-1.1902440443166304,3.156462131342535e-05,939629.054691839,1.5961010837201162,1.6614692039937198,1.0409548749389022,1.6988300745111304,16.761597468269528,1.8892436713463598,9.824736599326132,23.516361206769947,13.691624607443815,16.867732252381224,0.1446211484818965,-0.11784846940926208,8.334895580848028e-05,2845203.9133802177,1.3941625853973425,1.4029904519117284,1.0063320208179807,1.4074717937478807,22.50829690265925,5.151879764926744,12.178532895185054,32.61135478764772,20.432821892462666,23.09037233503439,0.0020877299757388794,-1.320378984509891,6.297426340855049e-05,5331652.945705216,1.412335596605664,1.4488592774780238,1.025860483131728,1.4685831913836485,29.97181910505177,3.6522117835334775,132.0,7.0,132.0,13780.460687536834,3203.4773156953515,29049.552531982892,0.9999999996878393,True,0,0,0
T1_200doc_420RPM_20-01-2024.csv,200.0,420,9.458130736189652,2.896919570121663,1.8122325515327973,16.447398095801475,14.635165544268677,9.891834006826505,-0.11395495492508086,-1.147061268947176,9.457097980946893e-06,978483.800186093,1.6627248379270088,1.7389692059202337,1.0458550725015223,1.7840271180620682,17.00413479590947,1.880698684178125,10.802709679007531,23.516361206769947,12.713651527762416,17.10782358157017,-0.00547023895585508,-0.04812470478805375,-2.424078792934601e-05,2926776.276981284,1.3745968968316655,1.3829789924052511,1.0060978571921015,1.387268822876833,22.695111288320543,5.753681838235301,9.259558431888,35.530328972637655,26.270770540749655,23.41309315500396,-0.002194736006761193,-1.2570258382944026,-9.398169230272942e-06,5481729.310848933,1.5175410073932902,1.565549889632946,1.031635970300481,1.5919943856256544,30.37620346884217,3.9981497747247703,132.0,7.0,132.0,14344.117206033949,4879.180631872522,31057.7859760657,0.9999999997950475,True,0,0,0
T1_200doc_420RPM_20-01-2024.csv,200.0,420,9.454032903945453,3.365731191389682,0.8365548609849063,17.423075693324208,16.5865208323393,10.035281989140948,-0.08739718845359852,-1.2028946828633142,-2.364846176186589e-05,1007068.846015767,1.7361819739771636,1.8429252225315433,1.0614816016721205,1.9092441569795098,17.068192035164834,1.9176445363109862,10.802709679007531,23.516361206769947,12.713651527762416,17.175579754899328,-0.036131214014835926,-0.15769450246612982,2.0221486149495187e-05,2950005.399169077,1.3691742312256978,1.3777886467600222,1.0062916868707152,1.3822067298724843,22.92892122795551,7.168102888790592,6.340583968590945,39.42229455262422,33.081710584033274,24.023262220233054,0.026243072318309142,-1.1689958162722474,7.857016481494792e-05,5771171.277020768,1.6410050471589024,1.7193261802722573,1.0477275394423395,1.7646882066110274,30.80787329230199,4.8682127548030385,132.0,7.0,132.0,16387.571267079,4462.560461881943,36461.3499291949,0.9999999997759134,True,0,0,0
T1_200doc_420RPM_20-01-2024.csv,200.0,420,9.355391919366555,4.2084799150666345,-1.114800520110876,19.37443088836968,20.489231408480556,10.25839466780589,-0.036881556160881956,-1.2374621850791092,-4.5796225276541006e-05,1052346.611604683,1.888641597030071,2.070752461831267,1.096424258095114,2.1988454794828343,17.023792048545065,1.791409301267939,11.780682758688927,22.53838812708855,10.757705368399622,17.117787327711937,0.010907014912090568,-0.21323091291155993,-9.502047305316411e-05,2930186.4299677545,1.316664805772018,1.3239346476283342,1.0055214066818272,1.3276416973084781,22.928532093255907,9.587776301309553,3.4216095980629326,43.3142601326108,39.89265053454787,24.8524252006805,-0.019580405934551955,-1.2012196318190418,-7.59749261988625e-05,6176430.383554192,1.742858484950788,1.8890986983571902,1.0839082545537435,1.9864065589536832,31.267007447279745,6.186322639857704,131.0,7.0,131.0,19961.8193645253,3640.06908952238,47328.09764647418,0.99999999972528,True,0,0,0
T1_200doc_420RPM_20-01-2024.csv,200.0,420,9.328951076976434,5.2227967243769635,-1.114800520110876,20.350108485892417,21.464909006003293,10.691442083310488,0.01280839478483991,-1.3521136748740454,1.7824024321094947e-05,1143069.338207825,1.903401648469785,2.180559915522941,1.1456120768183498,2.41181653846651,16.82741504564119,1.7342614515760155,9.824736599326132,23.516361206769947,13.691624607443815,16.91654692603351,-0.08258603488420206,-0.10523832776435071,-7.890222900898306e-06,2861695.5990069387,1.3901395662834555,1.3975028929271818,1.0052968254571821,1.4012743877189742,22.739285217882067,12.477513066587171,-0.4703563529998069,47.206225712597366,47.676582065597174,25.93768348459522,0.01588991975296881,-1.3461906167751163,3.394059062810724e-05,6727634.245470435,1.819986188845039,2.0759680865658496,1.140650461684688,2.2834798928217235,31.834252604047382,7.7343570780138,131.0,7.0,131.0,30438.928175217094,4141.807548815618,74609.37426779786,0.9999999997585595,True,0,0,0
T1_200doc_420RPM_20-01-2024.csv,200.0,420,9.431689947949474,5.8779598835780735,-1.114800520110876,20.350108485892417,21.464909006003293,11.11337876917746,-0.011394605861440319,-1.465914350756656,2.5314633875921114e-05,1235071.8766720432,1.831136048591512,2.1552892477941805,1.1770230013504475,2.463294245121494,16.83367408125824,1.8413386412998076,9.824736599326132,23.516361206769947,13.691624607443815,16.934081346975077,0.04186866740351985,-0.10207767517917343,1.4244305530522196e-06,2867631.1106596924,1.3887001441014488,1.3969832784722778,1.0059646673229004,1.4012078054202843,22.903234235145145,14.374759604348178,-0.4703563529998069,47.206225712597366,47.676582065597174,27.040559389789347,-0.0019482216289945062,-1.4525882207009464,2.517450249479925e-05,7311918.521127248,1.7457562557090693,2.0609806965602693,1.1805661241770353,2.3638413070770268,32.646644853524606,8.698202725490688,131.0,7.0,131.0,37496.47013885422,4807.754850493849,93148.79111737516,0.9999999997920026,True,0,0,0
T1_200doc_420RPM_20-01-2024.csv,200.0,420,9.635411445884632,6.111985638122556,-1.114800520110876,20.350108485892417,21.464909006003293,11.410412883506933,-0.02623490384909594,-1.4873875859736003,3.548860016524807e-05,1301975.2217210098,1.783468196431987,2.109360226509744,1.1827293756792177,2.4279742478057402,17.06418234121162,1.8170555441595626,11.780682758688927,23.516361206769947,11.73567844808102,17.160652954496793,0.037401506067092735,-0.21364362588507335,4.2298214303766716e-05,2944880.0982467947,1.3703651760294877,1.3781123956918642,1.0056533979393896,1.3820586166248388,22.89048802393628,15.048998987989025,-1.443347747996449,47.206225712597366,48.649573460593814,27.394284303746005,-0.0035467460844423792,-1.4681917663628408,-2.124991003690871e-05,7504468.125144648,1.7232144190801946,2.0617175045476013,1.1964370084879457,2.41387426889067,33.09210392018041,8.946787280763159,131.0,7.0,131.0,40379.53910542014,5334.5642425624255,101059.9546155941,0.9999999998125432,True,0,0,0
T1_200doc_420RPM_20-01-2024.csv,200.0,420,9.674536112921944,6.132807718930034,-2.090478117633612,21.325786083415156,23.41626420104877,11.454605166377348,0.011523476555729136,-1.4554665651146337,-3.4418332431441215e-05,1312079.7951759864,1.8617652702698686,2.201627550666193,1.1825484049055552,2.5284215566024852,16.951911044792954,1.9881807991197666,9.824736599326132,24.49433428645134,14.66959768712521,17.068103320538043,0.032463165828341675,0.21333199260203273,-0.00012658322434191401,2913201.509605618,1.435094094900241,1.4449305580785925,1.0068542287319742,1.4499741660676564,22.813427091871155,15.30163337571482,-2.4163391429930927,48.17921710759401,50.59555625058711,27.469846006865613,-0.00023386674479029934,-1.4699025153968603,6.926428588292691e-06,7545924.3964091055,1.7538946922218803,2.110017742422186,1.2030469969375182,2.493007064696812,33.06222840004447,9.165676371243109,131.0,7.0,131.0,41114.01865485506,5245.371830708269,104268.62661984478,0.9999999998093557,True,0,0,0
T1_200doc_420RPM_20-01-2024.csv,200.0,420,9.567894540647371,6.077132808939492,-2.090478117633612,21.325786083415156,23.41626420104877,11.3347319826469,0.047338494992767544,-1.4375373065948551,-3.7454078091792843e-06,1284761.4911843855,1.8814548165818326,2.226000040192525,1.183127025200983,2.551975395822608,16.557298902665796,2.0825065125118685,9.824736599326132,24.49433428645134,14.66959768712521,16.68774940867918,0.1095534675193814,0.18946292054567726,-5.671253857709311e-05,2784809.803268723,1.467803338041019,1.4793677658683597,1.0078787311131034,1.4852897950776216,22.762539636856918,15.499380736159715,-3.389331280142069,48.17921710759401,51.56854838773608,27.5384097929405,-0.0004491382232751332,-1.4746274723626325,-1.6648349553094837e-05,7583640.139239212,1.7495279309825946,2.113696379025459,1.2081524059111963,2.516628884939593,32.80497793470506,9.442169563863285,131.0,131.0,131.0,41517.510850256804,5957.409518432248,107808.9315256344,1.4247860754399748,False,0,0,0
T1_200doc_420RPM_20-01-2024.csv,200.0,420,9.36114843897843,6.217875662266669,-3.066156087256968,23.277141278460626,26.343297365717593,11.23801930270617,0.01631912544177193,-1.4422674498523513,-9.693576750382268e-05,1262930.778479965,2.0712850415602486,2.4770958658316076,1.1959222492939319,2.89046575616344,16.24904176691437,2.004019109959534,9.824736599326132,22.53838812708855,12.713651527762417,16.372154743222122,-0.10640718596929212,-0.1161106777827734,-0.00011676138590295215,2680474.5093601067,1.3766293124256703,1.3870595232871077,1.007576629937553,1.3924622334473298,22.57669825844485,15.878460997571436,-3.389331280142069,49.15220850259065,52.54153978273272,27.601319314559294,-0.00029289960439123026,-1.4788858448515045,-5.9894858564770026e-05,7618328.27904264,1.7807919955718776,2.1689456060167633,1.2179668436347815,2.6151505630658396,32.605370794142544,9.64692448735594,131.0,131.0,131.0,42263.588230077665,5936.109820751683,110037.89535055596,1.4323013651465175,False,0,0,0
T1_200doc_420RPM_20-01-2024.csv,200.0,420,8.995269300715908,6.584630661718319,-3.066156087256968,23.277141278460626,26.343297365717593,11.147745545339788,0.02583912354738007,-1.4616795213921747,-9.646606223624005e-05,1242722.3074364308,2.088058180354809,2.5607798612000225,1.2263929641868923,3.102318964616543,15.758588261784913,1.901584035913796,9.824736599326132,21.560415047407155,11.735678448081023,15.872905400401889,-0.03379089793740318,-0.10199197518629122,-0.00015246182543087367,2519491.2585010743,1.3583156015571833,1.3681691969636556,1.0072542753651479,1.3732432345516037,22.298422680744736,16.696957913513025,-6.308305465131999,50.125199897587294,56.433505362719295,27.856921179749502,-0.007086668540142519,-1.4801710690180785,-9.04355316280004e-05,7760080.576147764,1.7993804690098216,2.219058221905691,1.2332345827488131,2.725597749379215,32.438622862461045,9.998257898031365,131.0,131.0,131.0,45051.53801070863,5446.406832412374,116050.88269648496,1.4242457746754666,False,0,0,0
T1_200doc_420RPM_20-01-2024.csv,200.0,420,8.97136518892522,6.835694733491247,-3.066156087256968,21.325786083415156,24.391942170672124,11.278834861923427,0.0724931454526247,-1.4691148093600113,5.785424786348266e-05,1272121.1584253924,1.8907791757293608,2.3474074744034152,1.241502711969478,2.8854275117578374,15.668223547730449,1.8063350724183587,9.824736599326132,20.582440475821496,10.757703876495365,15.772002901835375,0.02040177490910064,-0.09454855454323186,7.273417645944489e-05,2487560.755355035,1.3049985219966156,1.3136422526217322,1.0066235558733752,1.3180676682139802,22.275849264034907,17.260902254608467,-6.308305465131999,50.125199897587294,56.433505362719295,28.1807062913113,0.0009634936354458353,-1.4894023919794361,5.5391917031840694e-05,7941522.070771522,1.7787063027956096,2.2104218952374928,1.242713252751931,2.7466291178330158,32.65339464265273,10.191968247908404,131.0,131.0,131.0,47168.24829487585,4850.686856862765,120538.8389231977,1.2368941257021464,False,0,0,0
T1_200doc_420RPM_20-01-2024.csv,200.0,420,9.171183979288948,6.892415555946104,-4.0418336847797045,21.325786083415156,25.36761976819486,11.472402005587764,0.040939601682044406,-1.4644237447653647,1.913489472207138e-05,1316160.0777781415,1.858877162169543,2.294785995646994,1.234501150667046,2.803196838458261,15.932667470714152,1.875320381440706,10.802709679007531,21.560415047407155,10.757705368399623,16.042653124262205,0.09666420127064382,-0.21077331129238885,2.8953928820392295e-05,2573667.1926539987,1.3439432293652307,1.353220676138341,1.006903153771973,1.3579504669383073,22.433863075887096,17.357720753080823,-6.308305465131999,51.09819129258394,57.40649675771594,28.364919923200613,-0.0004093503069240339,-1.4890211441893761,1.8892409394618341e-06,8045686.822495832,1.8014572729602183,2.2371247874414313,1.2418417139393536,2.775463507954892,33.019788708602704,10.16095285551659,131.0,131.0,131.0,47860.11854694346,4503.7256883197215,122048.08767308644,1.0546815886571965,False,0,0,0
T1_200doc_420RPM_20-01-2024.csv,200.0,420,9.328951058138838,6.997027062999699,-4.0418336847797045,23.277141278460626,27.31897496324033,11.661377087012493,0.03197656466275467,-1.4507758252943646,3.232551300867874e-05,1359877.1556549997,1.9960885498149992,2.4602808452033806,1.232550953429097,3.000855928818569,16.174226826915504,1.8858769537282098,9.824736599326132,22.53838812708855,12.713651527762417,16.28380008883419,0.12549651784859722,-0.09330326699721914,4.7320464381079815e-05,2651621.453331164,1.384098797831787,1.3934754574841535,1.0067745594946367,1.3982477965489915,22.48358293213597,17.599963579540027,-6.308305465131999,51.09819129258394,57.40649675771594,28.55293714256681,0.001959900295392277,-1.4909279754613092,7.763692928988218e-06,8152702.194673714,1.7895949210915536,2.2257001983081417,1.2436893802484577,2.7612265736718307,33.357942872677775,10.181735002893838,131.0,7.0,131.0,48620.63357051702,5000.511843730911,123924.76079035205,0.9999999998000204,True,0,0,0
T1_200doc_420RPM_20-01-2024.csv,200.0,420,9.543502574550628,7.118825795310806,-3.066156087256968,23.277141278460626,26.343297365717593,11.906138000814412,0.031614950693289914,-1.4525190729225756,5.460141328248918e-05,1417561.2209443701,1.955053878669003,2.4081265742385245,1.2317443526814578,2.9370540461237247,16.578227511651935,1.8505382194057007,9.824736599326132,22.53838812708855,12.713651527762417,16.681190578899766,0.16986354914939442,-0.019474232813275538,9.976709286667275e-05,2782621.1912957435,1.3511258696125457,1.3595173616267204,1.0062107403928113,1.3637712891952631,22.77022620969074,17.804830451373434,-6.308305465131999,51.09819129258394,57.40649675771594,28.904933645359613,0.0028670358132342434,-1.491624843202353,8.847679342667721e-05,8354951.890426421,1.7678017157734325,2.1995519632984326,1.244230019505386,2.7333505689507094,33.93726988543029,10.187008539807945,131.0,7.0,131.0,49512.47118422123,5399.764947261489,125382.97115406564,0.9999999998148067,True,0,0,0
T1_200doc_420RPM_20-01-2024.csv,200.0,420,9.674926363709377,7.068005729010075,-3.066156087256968,23.277141278460626,26.343297365717593,11.981690411979354,-0.02906521044832454,-1.4469799175734037,1.738058979485447e-05,1435609.0512851798,1.9427259825698737,2.3727383755182805,1.2213448508984157,2.8696265005387835,17.053718037464503,1.8939612180217935,11.780682758688927,23.516361206769947,11.73567844808102,17.158566023905163,0.16402080332405106,-0.18873325721821477,7.363846659115974e-05,2944163.879967127,1.370531848291236,1.37895801696193,1.0061481013237303,1.3832270355242373,23.007830731420587,17.602677766969098,-5.335314070135355,51.09819129258394,56.433505362719295,28.96919984282358,-0.0027541188709959905,-1.4882017436953983,5.867590290554382e-06,8392145.395334497,1.7638799680289508,2.187613339678402,1.2402280083281136,2.7146617891773364,34.28508225627952,10.085879601642436,131.0,7.0,131.0,49164.05695266279,5002.14100435187,123898.8401617491,0.9999999998000856,True,0,0,0
T1_200doc_420RPM_20-01-2024.csv,200.0,420,9.744004347176972,7.031308447654805,-3.066156087256968,23.277141278460626,26.343297365717593,12.01602759666711,-0.06323552450155479,-1.451170354037105,2.903219247226641e-05,1443849.1920386557,1.9371744190165654,2.356353670517346,1.216386943470781,2.841088898073518,17.187015775535407,1.9516899705467148,10.802709679007531,24.49433428645134,13.69162460744381,17.297473948806385,0.048889823442513886,0.09933104581675511,-1.7071133680807126e-05,2992026.050096356,1.4160642391452527,1.4251650551992525,1.0064268384176507,1.4298167892271707,23.068350804733402,17.51288972730955,-5.335314070135355,51.09819129258394,56.433505362719295,28.962909305716313,-0.0031745744410335824,-1.4886376072250345,2.395425233697102e-05,8388501.154511485,1.764263070163979,2.1861788015996675,1.239145589209932,2.7127924771273686,34.366492533351014,10.068854483990632,131.0,7.0,131.0,48852.38808061027,4579.86321439362,123364.85125499933,0.9999999997816528,True,0,0,0
T1_200doc_420RPM_20-01-2024.csv,200.0,420,9.937188522761122,7.066981337784376,-3.066156087256968,23.277141278460626,26.343297365717593,12.193848488704786,-0.013105730353891863,-1.4581769663587894,4.9889667433917314e-05,1486899.4096548802,1.9089249222689901,2.3211764102255357,1.2159600323445587,2.784808159115399,17.486373354322257,1.97315875344729,10.802709679007531,24.49433428645134,13.69162460744381,17.597346633883674,0.05076446852008227,0.19376986167652666,0.00012387169611237622,3096666.0855305707,1.391933386098534,1.4007669738103166,1.0063462718834142,1.405282248143919,23.213034630763378,17.599515866852744,-5.335314070135355,51.09819129258394,56.433505362719295,29.130532702245958,-0.0017514894267631656,-1.4885905507826842,3.097243099337922e-05,8485879.355166212,1.7541111182166704,2.1723782424902685,1.2384496169768493,2.6912534208799137,34.722771730346096,10.063478941074216,131.0,7.0,131.0,48985.46147779947,4591.98263184083,123954.23924666445,0.9999999997822291,True,0,0,0
T1_600doc_420RPM_20-01-2024.csv,600.0,420,29.687148988677222,7.455296528208083,5.714943406749517,53.52315126687288,47.80820786012336,30.608957208624904,0.395732194405983,-0.12740178240740319,0.00021074836228433556,9369082.613994304,1.7486107384210816,1.8029064120399971,1.0310507492753602,1.8318789995538474,17.933698455951934,3.3709828904283485,2.0009508429467684,28.40622660517693,26.40527576223016,18.247768793925832,-0.039865650182181384,-0.03370630067035041,0.00048212246509218696,3329810.6595657337,1.5566958857256323,1.5839580817613956,1.017512859310382,1.5986729795626615,50.968978940095575,22.350517955963234,-15.065229504406451,118.2346064531803,133.29983595758677,55.65413252486953,0.07604159973860243,0.18796245207948203,0.0002899590549471005,30973824.67095741,2.1244533171071556,2.311931916605864,1.088247926178955,2.4500796112038152,64.34031594431289,15.086269871566698,130.0,1.0,130.0,34906.507324940605,7713.2220957647,107742.41844031205,5.496210153695453,False,0,0,0
T1_600doc_420RPM_20-01-2024.csv,600.0,420,30.63999571753394,10.26676497120638,2.7879102420806885,62.3042496445775,59.51633940249681,32.31432809984587,0.27326613355963975,-0.6297259326220699,0.00012880161143206075,10442158.005444886,1.9280688570119044,2.033428797410813,1.0546453203762618,2.0943762167449487,19.56397980229834,3.6813497376090103,4.934870454967022,34.274065083265306,29.339194628298284,19.9073263296539,0.0948987958043012,0.3434713960169993,0.00016788098068228817,3963016.415953313,1.7216809789374254,1.7518963641149767,1.0175499326223605,1.7679978448087608,52.19368341634449,38.3128325081528,-33.552066009342674,140.6134085381031,174.16547454744577,64.74607110368446,0.0029725684265152585,-0.8854939493043013,9.649137478012536e-05,41920537.23363364,2.1717674314619737,2.5819929227769713,1.1888901571006825,2.967801396984853,70.88058520445527,24.668072615774857,130.0,124.0,124.0,42997.65179094634,8546.832634907101,190275.723018895,5.7530326348406655,False,0,0,0
T1_600doc_420RPM_20-01-2024.csv,600.0,420,31.526886846197666,13.22314386183192,-1.114800520110876,74.98805841237306,76.10285893248394,34.187660461102844,0.4397654529238289,-0.42648007437044155,0.00017328383961500826,11687961.278036546,2.1934246860118156,2.3785073347942385,1.0843806719067015,2.493303767459609,20.45765176330118,4.546735996256316,1.0229777632653714,40.141903561353686,39.11892579808831,20.956820462277975,-0.03091167378678569,0.4198826834116627,0.00010257851178444038,4391883.238881528,1.915457720965288,1.9621950762386098,1.024400097565071,1.9883909230445567,53.365359883218375,52.217919045831,-54.95787966787815,164.93819341301918,219.89607308089734,74.6630611811649,-0.021086653356158714,-1.2039448207620005,7.626168022324568e-05,55745727.04942373,2.2091003342711564,2.718351969458425,1.2305244480238988,3.24381482366769,78.43732722348925,32.095838588038994,124.0,124.0,124.0,53946.604091620575,13669.272586138255,275712.3584958476,3.672885765421626,False,0,0,0
T1_600doc_420RPM_20-01-2024.csv,600.0,420,32.46168369903836,14.879987531064746,-1.114800520110876,74.98805841237306,76.10285893248394,35.70959167368139,0.4140806641390617,-0.8566402015288626,0.00018040636817038497,12751749.37501055,2.0999416374632087,2.3100146237083736,1.1000375355664356,2.4435247204543216,21.196901725975977,5.030105021914459,1.0229777632653714,40.141903561353686,39.11892579808831,21.78555942160248,0.058898552004533214,0.2789587597820815,0.0001288245263648134,4746105.993121725,1.842592277963224,1.8937627810087616,1.0277709310179575,1.9224152503472143,54.147936899767096,58.4064036264895,-56.90386245787144,165.91118480801583,222.81504726588727,79.64488090945684,-0.03392191549519201,-1.2716728116568874,2.88459418004815e-05,63433070.550815634,2.0831368308106284,2.5651451153034133,1.2313858011454857,3.0666473225625848,83.04861637312946,34.58352079247518,123.0,118.0,123.0,68726.06749654085,14188.602739828142,303411.72890034894,2.3806195267920343,False,0,0,0
T1_600doc_420RPM_20-01-2024.csv,600.0,420,33.18953925146141,15.184217806090198,-2.090478117633612,75.9637360098958,78.0542141275294,36.49802715362961,0.41368051970106845,-0.8373265916365424,6.432676460117652e-05,13321059.861070842,2.0813107429107016,2.2886913262445727,1.0996394142682657,2.420008876893392,21.62740553596196,5.115539100271338,4.934870454967022,40.141903561353686,35.20703310638666,22.224162762708584,0.0881338910447055,-0.0633782616236842,2.249672015554514e-05,4939134.105033629,1.8062279326315267,1.8560665307082673,1.0275926405390763,1.8835133922337923,54.29622076038544,57.501626542541395,-56.90386245787144,165.91118480801583,222.81504726588727,79.0855021094158,-0.03344373275805951,-1.2162924106982542,-3.373109519437397e-05,62545166.4389841,2.097871043146133,2.577807558853109,1.2287731256289354,3.071030016951475,83.1846693755237,34.07120222994293,123.0,117.0,123.0,77204.69263352468,15775.467072152414,326937.6251316181,2.9011093307878366,False,0,0,0
T1_600doc_420RPM_20-01-2024.csv,600.0,420,33.20163763651685,14.423102190733827,-2.090478117633612,75.9637360098958,78.0542141275294,36.19909693004679,0.4081963873736512,-0.6479177812068357,-0.00010910065519526262,13103746.185509231,2.098498096698171,2.287857381533215,1.0902356238173323,2.406400657294725,21.591416125175076,5.43248878887271,2.9789239226281645,42.09784972071648,39.11892579808832,22.264347839802046,-0.017191045538503088,0.03847627521504249,-5.597814893358861e-05,4957011.847316979,1.8908189013045342,1.9497493576454854,1.031166631717238,1.983314684855018,54.28318262367687,55.345654950420226,-57.87685385286808,165.91118480801583,223.7880386608839,77.52293491378168,-0.0291772468200342,-1.0603187166799242,2.8331168584685274e-06,60098054.37646431,2.1401561356331062,2.6063214905280807,1.2178183858333644,3.0529037044943848,81.80242417364822,33.52975753332534,123.0,117.0,123.0,66841.20340845143,15539.633929597207,277932.9140611742,2.3421015038944124,False,0,0,0
T1_600doc_420RPM_20-01-2024.csv,600.0,420,33.51775718125847,13.233260946681142,2.7879102420806885,74.01238081485033,71.22447057276965,36.03552749363827,0.39118510903822457,-0.5360627922495467,0.00017273271885419976,12985592.417447597,2.0538725519674026,2.208154334868042,1.0751175055885787,2.3010352869803357,21.968913763546396,5.571789407900079,2.9789239226281645,43.07582280039787,40.09689887776971,22.664465781397222,0.07433151762999965,0.2279758779246741,0.0001328021990208778,5136780.091561257,1.9005884901886414,1.9607625239930948,1.0316607377741622,1.9947975061787016,54.90901073831967,52.66532693006667,-57.87685385286808,165.91118480801583,223.7880386608839,76.08308695703475,-0.02963125378037736,-0.9365683863931316,0.000198714176482521,57886361.209117115,2.1806579023496817,2.6406711694013048,1.210951597018475,3.0711973163711193,80.74826661392031,32.872341119242456,123.0,117.0,123.0,58100.11905417968,18965.880079081388,248170.62274542803,3.8748658387755475,False,0,0,0
T1_600doc_420RPM_20-01-2024.csv,600.0,420,33.78119009865402,11.651090854106162,2.7879102420806885,74.01238081485033,71.22447057276965,35.73397154770286,0.3858104661647428,-0.10113320131765269,-4.658378050698008e-05,12769167.225720372,2.071205007706684,2.1909346769224474,1.0578067688955293,2.260554765780681,22.144362152951125,5.424620022763324,3.956897375285626,43.07582280039787,39.118925425112245,22.799106946378817,0.12084343558708921,0.03927878839929688,-4.881285770049082e-05,5197992.775524189,1.889364478253812,1.9452275257635843,1.0295671100800001,1.9761364686154999,54.68979581127726,46.94502337057603,-49.1199312978983,161.04622783303262,210.1661591309309,72.07502331004223,-0.01153923935690584,-0.8684665405705987,-0.00016861010370103322,51948089.851431295,2.2344249149981756,2.689543865400668,1.2036850499417493,3.1183568408093887,77.71593021071622,30.850594431074946,123.0,117.0,123.0,41822.82565824534,14686.564574307344,190098.10727021933,5.160430206286866,False,0,0,0
T1_600doc_420RPM_20-01-2024.csv,600.0,420,34.02657302242186,10.224976333433476,7.666298601794988,63.27992724210024,55.61362864030525,35.52967509940784,0.17774959173218804,-0.6152566371682164,0.00022237215707867852,12623578.126694815,1.7810443541926706,1.8597208481853829,1.0441743597274844,1.9044552840318782,22.268858142330917,5.171531529758805,3.956897375285626,41.11987664103509,37.16297926574946,22.86146936061957,0.12316022450989185,0.14803602447544684,0.00014600477261494122,5226467.8132654745,1.798654145645899,1.8465193131241084,1.0266116571627064,1.8727727252287225,54.73494265538391,42.58629029232289,-45.22796571791172,147.42434830307965,192.65231402099138,69.35060250891956,-0.008649224504909557,-1.0265528272569764,0.0002693645503899086,48095060.6835016,2.1257832371985317,2.562456987802224,1.2054178163429135,3.0036608833771683,76.04379973338007,28.493002377000817,124.0,118.0,124.0,34757.09677703421,14573.250353766845,151599.06764383987,3.442751900566045,False,0,0,0
T1_600doc_420RPM_20-01-2024.csv,600.0,420,34.205512358069306,11.40499530672636,6.690621004272252,67.18263763219119,60.492016627918936,36.05677458709364,0.30260408133210415,-0.6567408207174061,-0.00013371115927027046,13000909.936244821,1.8632459059784816,1.9640880372997063,1.0541217511857446,2.0216838977726157,22.223284578765725,5.161140552331851,4.934870454967022,41.11987664103509,36.185006186068065,22.81472658766111,0.1754138054685885,0.3028953437229034,-0.00019340858122040574,5205117.492697307,1.8023392251947459,1.850305993036016,1.0266136181084817,1.876521432258715,55.22464927055482,44.94282257673767,-41.33600013792515,149.3703310930729,190.70633123099805,71.20125833312157,-0.016903699158080838,-1.1349520246698914,-0.00013133255118762284,50696191.88219914,2.0978608326587462,2.5485519731559307,1.2148336693649961,3.0111954532346386,77.67924262335404,29.260163987514197,123.0,117.0,123.0,47909.206539137514,12767.654662083714,223495.45625174724,2.96964298488027,False,0,0,0
T1_600doc_420RPM_20-01-2024.csv,600.0,420,34.28746930327572,12.379404171344643,5.714943406749517,71.08534802228212,65.3704046155326,36.453809113185685,0.37857414020360547,-0.6494786743285199,0.00019305942501978676,13288801.9886058,1.9500115283307906,2.0732165268170095,1.0631816769779214,2.144263842778289,22.15873834745047,5.204223549999951,4.934870454967022,40.141903561353686,35.20703310638666,22.761670147621984,0.12054530868613253,0.04417308586358537,0.000152072133367762,5180936.279091459,1.763574610343235,1.8115608809457473,1.0272096628750926,1.8379039136005875,54.993369180813936,48.13122763236533,-41.33600013792515,149.3703310930729,190.70633123099805,73.08136374792048,-0.0072131334812318496,-1.1255234412020934,5.892211818149396e-05,53408857.272558644,2.043890855790485,2.4897772860796157,1.218155695068503,2.9323262211499657,79.00261448320988,30.764369956865764,123.0,118.0,123.0,46911.9742361872,14136.278358662346,215358.64204993768,3.02793420077232,False,0,0,0
T1_600doc_420RPM_20-01-2024.csv,600.0,420,34.646030843751845,12.988494858007785,-0.13912292258814,78.89076880246401,79.02989172505215,37.000654749648675,0.34633630409303895,-0.5312564972731768,-2.058208516944437e-05,13690484.519026991,2.1321452103009904,2.277047043064546,1.0679605835772792,2.3634922309417488,22.463768189792606,5.195466181608188,6.890816614329815,42.09784972071648,35.20703310638667,23.056750641167383,0.21752506968352478,0.12551859902750406,-3.0088901512204047e-05,5316137.501289725,1.8258361889706862,1.8740333039870611,1.0263972832324821,1.9000707945930255,55.20752460824524,49.62190856625121,-45.22796571791172,159.10024504303934,204.32821076095107,74.23075227375377,-0.005556785487601408,-1.1070813399555743,2.059921565483363e-05,55102045.83127399,2.143319852886543,2.613935810016534,1.2195733672210347,3.079618971918653,80.21916723717153,31.237029195071933,123.0,117.0,123.0,60274.57057569549,16087.719312364783,269344.3609064904,2.7999381412759106,False,0,0,0
T1_600doc_420RPM_20-01-2024.csv,600.0,420,34.56231769877728,12.979138491725656,-0.13912292258814,78.89076880246401,79.02989172505215,36.918990244840224,0.3339192202895826,-0.4741454058540868,7.351250765118946e-05,13630118.406986075,2.1368614980874168,2.282562253704481,1.0681844638725873,2.370119295789069,22.36401492544556,5.641872030576238,3.956897375285626,44.05379588007927,40.09689850479364,23.064689106834937,0.1108343848772504,0.1259671868126575,4.9639050895410055e-05,5319798.835949501,1.9100103919035472,1.9698518368432714,1.031330428982685,2.0033703636342564,55.49951933840755,50.45298392171798,-50.09292269289494,159.10024504303934,209.19316773593428,75.00466807738974,-0.020624895849671192,-1.0063722894714138,0.00010423793865897892,56257002.33399407,2.121204574612341,2.5686728246212174,1.2109500683547474,2.9942023504043416,80.59957782640802,32.00624957563383,123.0,117.0,123.0,52896.346414921645,15856.63760547639,224053.06982363728,2.535849510820957,False,0,0,0
T1_600doc_420RPM_20-01-2024.csv,600.0,420,34.22209887192475,12.574890637298717,3.763587932628579,75.9637360098958,72.20014807726722,36.459291349940095,0.3366552640966695,-0.4887032886433347,-9.2594779030553e-05,13292799.257398166,2.0835220103645984,2.2197275594985557,1.065372743103454,2.30032171969159,22.145437908494326,5.7309025478033,3.956897375285626,44.05379588007927,40.09689850479364,22.87495714031823,0.10837614893713537,0.05618872243006123,-6.811007742787262e-05,5232636.641713959,1.9258526085905665,1.9892944118834315,1.032942190388752,2.025054665482239,55.583683090595926,49.77637586941659,-50.09292269289494,157.15426225304606,207.247184945941,74.61389562681497,-0.019897955332085163,-0.9701054684595332,-2.6253412318669317e-05,55672334.20609237,2.1062331745692617,2.5467964976363326,1.2091712011692004,2.9646272557112665,80.00113324541921,31.931108498909506,123.0,117.0,123.0,57028.72234323455,20803.39087683432,245995.84739222462,3.547466038025281,False,0,0,0
T1_600doc_420RPM_20-01-2024.csv,600.0,420,33.95593393933744,11.020268656736592,3.763587932628579,75.9637360098958,72.20014807726722,35.69946457524678,0.31478628346251925,-0.23819350483318757,1.682288131336251e-05,12744517.709592994,2.1278676561039345,2.237126981858477,1.0513468614653383,2.299819084468405,22.103091653182865,5.564554491584325,3.956897375285626,43.07582280039787,39.118925425112245,22.792782351411454,0.24755881196474797,0.16039650107393522,2.0131565265239863e-05,5195109.273188134,1.8898887435622962,1.9488596200158685,1.031203358745032,1.9812255075694918,55.31708344460043,45.77405035708797,-45.22796571791172,152.28930527806284,197.51727099597457,71.80002372499685,-0.008377080058216574,-0.9425091645596022,-6.074339894854473e-05,51552434.06910111,2.1210202640231723,2.556707755109747,1.2054141105941905,2.9780535528271823,77.66708010167744,30.28251597321207,123.0,118.0,118.0,39101.100043707826,17550.99768060461,173953.60435706086,2.9237416701932237,False,0,0,0
T1_600doc_420RPM_20-01-2024.csv,600.0,420,34.388354286039316,10.832478818190456,5.714943406749517,70.10967042475939,64.39472701800987,36.05414688837753,0.3256401531674371,-0.3499769366314185,0.00013018797046218672,12999015.078487033,1.9445660617575184,2.038762013488441,1.04844060255057,2.091816169641589,22.52273997589639,5.200844868975902,3.956897375285626,43.07582280039787,39.118925425112245,23.11541916931195,0.06337116331810715,0.2356919629528056,9.750835350053008e-05,5343226.0337299425,1.863510347135966,1.9125480668203418,1.0263147021210492,1.939726351944198,55.50457891147318,44.37863971330848,-34.525057404339314,148.39733969807625,182.92239710241557,71.06491358570412,-0.010456785999075045,-1.0720020900579723,0.00017340531106297397,50502219.429435946,2.088194190500343,2.5211549922481176,1.207337422792099,2.951426414988228,77.61050706498958,29.34374289828233,123.0,117.0,123.0,40523.07302722912,12241.046200020475,190441.81619295126,2.3016886760643507,False,0,0,0
T1_600doc_420RPM_20-01-2024.csv,600.0,420,34.61354074274894,11.819385422472314,4.73926562317647,70.10967042475939,65.37040480158292,36.5758810490587,0.2943770520439218,-0.5718786961738496,-2.1348584703509442e-05,13377950.745148916,1.9168279317926011,2.0254983720336788,1.0566928509537368,2.0883423957112206,22.54992762504989,5.337374183054885,3.956897375285626,41.11987664103509,37.16297926574946,23.172975619564465,0.1211374483325493,0.14955495159534937,-1.9580509950245628e-05,5369867.99064929,1.7744754629750021,1.8235037080720615,1.0276297114950583,1.8505330860628646,55.52394142408254,47.39048948555227,-42.308991532921794,148.39733969807625,190.70633123099805,72.9984011122517,-0.011346019252339174,-1.0518871521875128,-6.271871187468221e-05,53287665.6494519,2.032884795242042,2.463407047485612,1.2117789720554777,2.8829637578143528,79.20232321451297,30.50476087349035,123.0,117.0,123.0,50758.06847428484,14895.409741641763,229124.39891316564,2.9248950958056716,False,0,0,0
T1_600doc_420RPM_20-01-2024.csv,600.0,420,34.58056287171146,12.177573205222853,4.73926562317647,70.10967042475939,65.37040480158292,36.66208692495492,0.2930602157016295,-0.573988821456282,7.100768669288522e-05,13441086.176929504,1.9123207734537766,2.0274299954241757,1.0601934694055037,2.094972320839272,22.539756689691888,5.48031582882809,2.9789239226281645,41.11987664103509,38.14095271840693,23.196432769161166,0.183388591732159,-0.03818806413919962,0.00011520780786473397,5380744.93214214,1.7726810432551727,1.8243265536153925,1.0291341245830572,1.852585330990543,55.44036144380793,48.61850858751654,-42.308991532921794,152.28930527806284,194.59829681098464,73.73868085539966,-0.020557578649983033,-1.0149538261594027,7.712743553487036e-05,54373930.54294485,2.0652567080322424,2.4969549973845044,1.2090288764942834,2.9076436448173335,79.6914708320522,31.126285384315,123.0,117.0,123.0,49725.15728665873,16056.262388280273,222785.97899881698,3.1861619646523347,False,0,0,0
T1_600doc_420RPM_20-01-2024.csv,600.0,420,34.01310870940007,11.972292311841182,0.8365548609849063,74.01238081485033,73.17582595386543,36.05866535630012,0.35091776273035047,-0.40477029240181306,-0.00019540130341213875,13002273.472776385,2.0525546379358435,2.175995774076241,1.0601402437035907,2.248059040921547,22.268955925055522,5.394229157992375,2.9789239226281645,41.11987664103509,38.14095271840693,22.912968079255915,0.05834458361606222,0.017153318592253886,-0.00015360079405313295,5250041.062010005,1.7946115273587215,1.8465112050794348,1.0289197282696039,1.8755021123856261,54.909983791517405,47.946179339349996,-42.308991532921794,152.28930527806284,194.59829681098464,72.89679302428755,-0.012386511165668303,-1.0049855362376203,-0.00026742701288851435,53139424.332258165,2.089108436187632,2.5261541838524044,1.209202040494522,2.9428579147099576,78.59986914113544,31.003781345197865,123.0,117.0,123.0,51373.179746447415,17949.083409473624,231167.29916587265,4.485288397238512,False,0,0,0
T1_600doc_420RPM_20-01-2024.csv,600.0,420,34.11662809077606,11.33978705454362,0.8365548609849063,74.01238081485033,73.17582595386543,35.95184394056479,0.2695952788845611,-0.412175902815048,0.00013265267496709107,12925350.827267256,2.0586532623252043,2.1693931949523666,1.0537924159710528,2.233892254531907,22.295263388031277,5.461242374360965,4.934870454967022,41.11987664103509,36.185006186068065,22.95438820385339,0.16678050477275685,0.05086161617641194,4.9800937787169945e-05,5269039.378132037,1.7913732344272295,1.844332400356813,1.0295634460266547,1.8735366728143141,54.79585193324215,46.3844404301549,-40.36300874292851,149.3703310930729,189.73333983600142,71.79207270380473,-0.0024540483929048626,-0.9892561415473753,0.0001411415739823388,51541017.03108385,2.0805964428598647,2.511821737561231,1.2072604210111164,2.9255342504618453,77.77936993526285,30.395893408844607,123.0,118.0,118.0,38181.686798588504,17345.995299849557,181206.15310611646,3.999578152359006,False,0,0,0
T1_600doc_420RPM_20-01-2024.csv,600.0,420,34.8519963945798,11.840376038247747,2.7879102420806885,67.18263763219119,64.3947273901105,36.8083707519759,0.17065526650899002,-0.6064535183760045,-4.400732665796314e-05,13548561.574149149,1.8251999819520612,1.927655359296418,1.0561337816992418,1.9885960502694902,22.816131904985177,5.61097092902584,2.9789239226281645,42.09784972071648,39.11892579808832,23.495933049616387,0.1019970543219566,-0.04498353452190562,-6.14744758476724e-05,5520588.698720556,1.7917079365104764,1.8450914421439848,1.0297947587024021,1.8747859189060265,55.620851410384454,47.29224139912258,-43.28198292791844,152.28930527806284,195.5712882059813,73.00845983972644,-0.019937164422889505,-0.9872359289068857,5.7502614546434465e-05,53302352.08168949,2.0859131340721278,2.5144301792933814,1.2054337921468001,2.923845167673294,79.33441733679078,30.711568850969368,123.0,117.0,123.0,50080.04647728347,18639.368009481932,225693.84390098238,3.5349589812412745,False,0,0,0
T1_600doc_420RPM_20-01-2024.csv,600.0,420,34.39996488113421,10.731630522812273,2.7879102420806885,65.23128243714571,62.44337219506502,36.035059005105325,0.1611629838691714,-0.4593571991295322,-0.0001337041463655709,12985254.775014225,1.8102171673398388,1.8962601462689328,1.047531854454533,1.9462400081629287,22.391398153214325,5.696801645297381,2.9789239226281645,42.09784972071648,39.11892579808832,23.1047237646684,0.06575616357580936,-0.06331940891992094,-0.0001379309843014854,5338282.602416327,1.8220451432140579,1.880090266479106,1.0318571268561751,1.9127669680926027,55.06858141576777,44.939053684541506,-43.28198292791844,152.28930527806284,195.5712882059813,71.07789533467594,-0.004198752833802212,-0.8662127669589146,-0.00014599292934533296,50520672.05207148,2.1425691427833717,2.5690403012640584,1.199046625831018,2.9709470243173355,77.31055052409053,30.124736025602754,123.0,118.0,118.0,36475.585706386155,18956.65650464061,193076.9663326832,3.171661891590859,False,0,0,0
T1_600doc_420RPM_20-01-2024.csv,600.0,420,34.72486554207715,10.136162556583654,10.593331766463816,67.18263763219119,56.58930586572737,36.1739972672198,0.2409620727229302,-0.41275209923899814,0.00023754300748814083,13085580.78288825,1.8572080142514646,1.9347126787513114,1.041731816740563,1.978095312652683,22.544353162532335,5.414303928997503,4.934870454967022,41.11987664103509,36.185006186068065,23.185395113142658,0.08925514542121403,-0.011834952733855264,0.00021820274128889205,5375625.465525394,1.7735249470787005,1.8239545993883033,1.0284347014078765,1.8518922849401516,54.91990832451736,41.65047780311895,-29.660100429356092,142.5593913280964,172.2194917574525,68.92719805418973,0.0049316553963032585,-0.9930803899386502,0.0002022371388926229,47509586.31601496,2.0682603580667522,2.476696571932646,1.197478142571793,2.872441709193588,76.1013287992359,28.384274016318404,123.0,118.0,123.0,27304.027935221176,14814.927661912607,145515.56739276327,2.7021550025596337,False,0,0,0
T1_600doc_420RPM_20-01-2024.csv,600.0,420,34.97902962074477,11.727092234048522,-0.13912292258814,73.0367032173276,73.17582613991574,36.89250879887163,0.230513191892079,-0.5723093558373393,-0.00016264930244941348,13610572.054748205,1.9797163596410512,2.088010668482172,1.0547019315740542,2.1513715357157417,22.730657068376246,5.318749076448777,4.934870454967022,44.05379588007927,39.11892542511225,23.344632413005513,0.07690435986551947,0.19387745790664734,-0.00012171083967789956,5449718.6249834765,1.887105999387529,1.9380784175116779,1.0270108929443775,1.9663357096315517,55.6565601551447,45.08431016218624,-41.33600013792515,152.28930527806284,193.62530541598798,71.62574754306897,-0.010785682926126704,-1.0257274838835073,-6.435987031305466e-06,51302477.111034505,2.126181024309595,2.566512340446984,1.2070996359683774,2.997315931633646,78.50350551480199,29.554634170702773,123.0,117.0,123.0,41051.53596136146,13223.369660559607,191450.85323247316,2.3720888495480206,False,0,0,0
T1_600doc_420RPM_20-01-2024.csv,600.0,420,34.74213508652178,12.63929727750678,-0.13912292258814,73.0367032173276,73.17582613991574,36.969822640084686,0.2932684664891348,-0.5843621863828226,4.269108919708816e-05,13667677.86039318,1.9755762403397967,2.102248064118094,1.0641189244898541,2.1775362662339512,22.546406910475376,5.494341140918106,3.956897375285626,44.05379588007927,40.09689850479364,23.2062114345603,0.1327389930157433,0.2531532956879454,5.1539567915194725e-05,5385282.491455171,1.8983622554809314,1.9539164734763685,1.029264287063779,1.9847912383308275,55.49601653485693,48.57510107499033,-48.14693990290165,152.28930527806284,200.43624518096448,73.75193757239629,-0.021593343777918148,-1.000018975073024,-0.00013059641450590873,54393482.9568264,2.064885483565402,2.4985140531261707,1.210001267872749,2.916063318705156,79.86713415093587,31.0786938815628,123.0,117.0,123.0,50623.11485575294,16024.925456660272,219390.04117024963,3.5579437642307545,False,0,0,0
T1_600doc_420RPM_20-01-2024.csv,600.0,420,34.864777784158775,12.712149851729352,1.8122325515327973,73.0367032173276,71.2244706657948,37.10999169754143,0.2983813215232432,-0.46934332196413475,-8.312930785594662e-05,13771514.83791594,1.9681142429941945,2.0948564097979907,1.0643977692123079,2.170784154562292,22.814175942153785,5.937197427143436,3.956897375285626,44.05379588007927,40.09689850479364,23.574073411449856,0.13622196315741364,-0.01873491303119801,1.1495888116379696e-05,5557369.372084271,1.868739233614267,1.9309834373057941,1.0333081269831013,1.9659231768811718,55.201686611477655,49.67369728083403,-48.14693990290165,162.01921922802927,210.1661591309309,74.26104231896916,-0.01634034984101171,-0.9523808673304073,-1.4091461795687086e-05,55147024.06299728,2.181752560543353,2.635961604940175,1.2081854068197833,3.0618999515047265,80.17758788631477,31.924054066362267,123.0,117.0,123.0,52745.922205862815,22691.300451357165,219177.2193130754,7.102617704188911,False,0,0,0
T1_600doc_420RPM_20-01-2024.csv,600.0,420,34.99317690363821,11.474867028228255,1.8122325515327973,72.06102561980487,70.24879306827206,36.82655296283971,0.17555753648973527,-0.32396510416321833,6.447266728071693e-05,13561950.031248387,1.956768142066376,2.0592878954157703,1.052392386785862,2.1202360516037944,23.001751198455217,6.085187173918198,4.934870454967022,43.07582280039787,38.14095234543085,23.79306750163279,0.10120301198205481,-0.17264106302987559,4.793862763022267e-05,5661100.611372545,1.8104358673988468,1.872719273795589,1.034402437290545,1.907849171702052,55.90885685931438,46.341756101896905,-48.14693990290165,162.01921922802927,210.1661591309309,72.61789472246495,-0.006796865941757211,-0.8349593335886043,0.00011521561529521119,52733586.339230046,2.231119751505372,2.6753400052026737,1.1991019322909848,3.090543132150546,78.94960375032154,31.02617871817782,123.0,118.0,118.0,40067.9853288015,21087.730942027436,181683.09893135776,5.556699555087718,False,0,0,0
T1_600doc_420RPM_20-01-2024.csv,600.0,420,35.56999756486708,11.059475081721503,6.690621004272252,67.18263763219119,60.492016627918936,37.24965390239041,0.1874186744274287,-0.5119994170743647,5.960993205147328e-05,13875367.158478692,1.8035774992228826,1.888744510304614,1.047221154133065,1.9377007061006426,23.519881415961894,5.778802597089045,4.934870454967022,44.05379588007927,39.11892542511225,24.21940092729448,0.07914114270969731,-0.03190232543711735,9.398273450799265e-05,5865793.812770328,1.8189465549675126,1.8730449827090507,1.0297416257744332,1.9031913034360028,56.71566141788148,44.16631681200782,-30.633091824352743,147.42434830307965,178.0574401274324,71.88414144167277,-0.00012459712397378434,-0.9794381608987957,1.9735916042684778e-05,51673297.90806416,2.050860528433809,2.4591722244923,1.1990928638966536,2.8533025491442103,79.09084279669,29.76717107218264,123.0,117.0,123.0,36466.46238257889,15726.863779747155,157852.65328257994,3.0351782972497077,False,0,0,0
T1_600doc_420RPM_20-01-2024.csv,600.0,420,35.54297134291435,11.814505065342768,2.7879102420806885,71.08534802228212,68.29743778020143,37.45511102402769,0.2238457984286756,-0.47872234831962013,-4.491594278862561e-05,14028853.418222405,1.8978811189928237,1.999983269166192,1.0537979692993376,2.059955197485852,23.645844368765566,5.922374121568809,3.956897375285626,45.03177194356919,41.07487456828356,24.376227582374394,0.002274064922818354,0.03098620457092993,-2.3675314393480182e-05,5942004.711477101,1.8473642728922544,1.9044264709384993,1.0308884386710087,1.9367907173144843,56.11834193916344,46.260532789664694,-44.25497432291508,148.39733969807625,192.65231402099133,72.72760958524975,-0.013041632361272351,-0.9686574377338877,-0.00013854803036303931,52893051.959845126,2.0404539698795965,2.453483835453329,1.2024205748675156,2.845500796221268,79.76482261989203,30.396777483338973,123.0,117.0,123.0,44850.442570403146,17862.765889831593,190437.05471128534,3.0300292586366764,False,0,0,0
T1_600doc_420RPM_20-01-2024.csv,600.0,420,35.23895015533923,11.75972143094523,2.7879102420806885,73.0367032173276,70.24879297524691,37.1493560668811,0.23717456162606135,-0.3889875586216407,9.375143848769113e-05,13800746.561839156,1.9660287808444765,2.0726129154066593,1.0542129065457533,2.1353443090209905,23.339347562775764,6.013750912467522,3.956897375285626,45.03177194356919,41.07487456828356,24.101666844707047,0.015628775872283392,-0.048154493916023,2.798915548302446e-06,5808903.44693251,1.8684090288742246,1.929435766036192,1.0326624075450643,1.9641855292922634,55.68185795482026,46.737766604013544,-44.25497432291508,154.23528806805612,198.4902623909712,72.69723607147677,-0.0037786441549873657,-0.8926934033994538,0.00010200284008062394,52848881.32432023,2.1216114449854766,2.5469992774503156,1.2005022330880908,2.9428311054606016,79.37020639346802,30.760745608120036,123.0,117.0,123.0,42149.565939474924,17952.128256621734,176395.8667763159,3.9426020265424597,False,0,0,0
T1_600doc_420RPM_20-01-2024.csv,600.0,420,35.1539686221761,11.499834348685606,5.714943406749517,73.0367032173276,67.32175981057809,36.98712884147878,0.2764933439289672,-0.3505294799435257,-3.5851336707591157e-06,13680476.999361515,1.9746518722864872,2.077623269290114,1.052146607940768,2.137223293452164,22.944930976288543,5.824049383225467,2.9789239226281645,43.07582280039787,40.09689887776971,23.672545463572238,0.08955302971313943,-0.045952869212792624,-0.00011141435520552966,5603894.087248946,1.819653187135442,1.8773568264342455,1.0317113391204191,1.9097612775564439,55.976285167236476,45.62894721577678,-41.33600013792515,154.23528806805612,195.57128820598126,72.21734781300074,-0.0013440097854932134,-0.8801889415833823,-3.18976130586754e-05,52153453.25143923,2.1357096700287617,2.557878857613056,1.1976716187170744,2.949686314998178,78.8895143570552,30.335242842491756,123.0,117.0,123.0,42951.08004710856,17922.166396039956,188504.1352401536,6.656447712547888,False,0,0,0
T1_600doc_420RPM_20-01-2024.csv,600.0,420,35.1963130084942,11.209569174243658,4.73926562317647,68.15831522971392,63.41904960653745,36.938257815766725,0.21039694686016489,-0.3951271152481701,4.1924480297290926e-05,13644348.904640516,1.8451957201029991,1.936518612425817,1.0494922524087147,1.9895392472535465,22.711390970173852,5.727200519989505,2.9789239226281645,43.07582280039787,40.09689887776971,23.42238471198572,0.10586920132026158,-0.06998759545781841,4.3074334988472394e-05,5486081.055962625,1.8390878354224571,1.8966615852357076,1.0313056009094994,1.9288702729692941,55.7246695764784,44.2271783250034,-41.33600013792515,151.3163138830662,192.65231402099133,71.14268832423573,-0.0060983039108491715,-0.9438689760738939,-7.057572404639669e-05,50612821.019993484,2.1269411860490264,2.5503159265088122,1.199053336893739,2.953965699697373,78.10309231462021,29.567415662407438,123.0,118.0,123.0,34267.107833221045,17995.913990238638,162095.60030338925,5.705027677289157,False,0,0,0
T1_600doc_420RPM_20-01-2024.csv,600.0,420,35.29095374080285,11.844387307310003,3.763587932628579,69.13399282723665,65.37040489460807,37.225541320725654,0.1896215723919958,-0.4590360639681035,-6.637639984914021e-05,13857409.26621053,1.8571655474824669,1.958972073551671,1.0548182288903705,2.019275241256421,22.99510099673081,5.709413019421979,2.0009508429467684,42.09784972071648,40.09689887776971,23.69329160070832,0.14680406820196076,0.1854949554474814,1.4029953215961707e-05,5613720.668761954,1.7767835060729995,1.8307312382190228,1.030362580450365,1.860834310754169,55.63690573393819,45.63993362961762,-41.33600013792515,154.23528806805612,195.57128820598126,71.96157878592594,-0.005604056849615092,-1.05027496995721,5.0911811358805975e-05,51784688.21363026,2.1433005038269264,2.592782813217281,1.2097150206365326,3.0362337701010422,78.9410461202757,29.89804428882897,123.0,117.0,123.0,45762.4648336681,14740.499029041972,208942.0559067496,6.177609033600833,False,0,0,0
T1_600doc_420RPM_20-01-2024.csv,600.0,420,34.93424596965932,12.65880665184677,1.8122325515327973,69.13399282723665,67.32176027570385,37.15705757076976,0.22830773775447616,-0.5037993643786556,-0.00011656305725595792,13806469.273174984,1.8605884681682143,1.9789748113435766,1.063628440786756,2.0505113599029507,22.857206772280428,6.061676537854075,2.0009508429467684,42.09784972071648,40.09689887776971,23.64732170628109,0.11087473890135863,0.18918696286147663,-0.00012970507957827337,5591958.238803528,1.780237535717825,1.8417757751471941,1.03456743170206,1.8769872274446076,55.554201440853895,48.95901780527058,-48.14693990290165,158.12725364804268,206.27419355094435,74.04900216875157,-0.023366059561208543,-0.9977699776199143,-6.311226958969813e-05,54832547.22187775,2.1354407084066267,2.5831857883081457,1.2096733841117073,3.0118713032526605,80.2142589893618,31.444715425222327,123.0,117.0,123.0,54617.42129620029,18061.712160718125,245103.81440084332,4.541434544123488,False,0,0,0
T1_600doc_420RPM_20-01-2024.csv,600.0,420,34.79813896253549,12.443521567111231,1.8122325515327973,71.08534802228212,69.27311547074932,36.95607804200945,0.24338997794857825,-0.4736562488687204,0.00011766828758293572,13657517.042470932,1.9235089811607324,2.042791659025625,1.0620130600029287,2.1143979526080567,22.546895881872388,5.95175419752452,2.9789239226281645,42.09784972071648,39.11892579808832,23.31921722390665,0.09752616153619102,-0.026517410946659048,4.641131043373771e-05,5437858.919357447,1.8052857142030543,1.867123968695087,1.0342539986914654,1.9022460190251504,55.233308854023946,49.266146330251054,-48.14693990290165,158.12725364804268,206.27419355094435,74.01264473856958,-0.013414401754089126,-0.94445018617981,1.2284533815687904e-05,54778715.811977096,2.1364897066789883,2.5789246652349953,1.2070849942187358,2.9922229906999838,79.84458213488031,31.815906101931127,123.0,117.0,123.0,50462.24506039441,20320.543228526763,229027.5922407348,6.927549664929874,False,0,0,0
T1_600doc_420RPM_20-01-2024.csv,600.0,420,35.148797565356446,11.823140953021397,3.763587932628579,71.08534802228212,67.32176008965354,37.08402125289839,0.2553226984478525,-0.3483695045390398,8.200708268602925e-05,13752246.322854191,1.916872702059685,2.0224119442522737,1.0550580338898805,2.084604812000727,22.924100153122712,5.889627666700805,2.9789239226281645,43.07582280039787,40.09689887776971,23.668588506346723,0.05388044845283966,-0.04113172919051289,0.00011151330705150431,5602020.818827682,1.819957400030302,1.8790627554700376,1.0324762301792072,1.9125555066862927,55.365538410709206,47.31416960625762,-42.308991532921794,157.15426225304606,199.46325378596785,72.82838381453641,-0.0027421579507922486,-0.9418437838473475,6.85110400944587e-05,53039734.89037428,2.157871066495895,2.6019509451251803,1.2057953718942132,3.0217070576780274,79.13398390293214,31.260402986143554,123.0,117.0,123.0,43658.708170469115,17718.991603343362,205464.0753581503,4.596810637974224,False,0,0,0
T1_600doc_420RPM_20-01-2024.csv,600.0,420,35.243535824791465,10.841023199946969,3.763587932628579,68.15831522971392,64.39472729708534,36.87322336676234,0.22226394225190277,-0.3384318959640473,2.46841345382772e-07,13596346.01455148,1.8484501490898158,1.933923870991659,1.046240750362638,1.98304858678326,23.260229525374818,6.002597325207749,2.9789239226281645,46.00974502325058,43.03082110062242,24.022269922338932,0.11924832407545641,0.06643496840611585,1.1081479704989635e-05,5770694.522217097,1.91529548090145,1.9780434656957313,1.0327615166536854,2.01337704464499,55.449702188288455,44.53340946511992,-42.308991532921794,152.28930527806284,194.59829681098464,71.11887253997995,-0.004212322919004495,-0.9498874835515747,1.6364991802087816e-05,50578940.31357914,2.141334639303406,2.5726429823087242,1.2014203362187363,2.986471427059358,78.01892634208833,30.127150835460164,123.0,118.0,123.0,32584.061449987632,19115.531276179183,171188.16365680858,6.959140168159857,False,0,0,0
T1_600doc_420RPM_20-01-2024.csv,600.0,420,35.66112585950841,11.013342710075186,4.73926562317647,71.08534802228212,66.34608239910565,37.32304402399763,0.23042741830218025,-0.5123476115619874,0.000168081235963119,13930096.152172655,1.9045967412673068,1.9933568082604005,1.0466030761630063,2.043855809940099,23.484576564064117,5.718613461021463,5.9128435346484185,46.00974502325058,40.096901488602164,24.17080628175166,0.24420915613906732,-0.007829298523692074,7.588244497920264e-05,5842278.7630996555,1.903525454919837,1.9591473109059274,1.0292204424387028,1.9893473476605772,55.89027273240879,43.971677139189204,-30.633091824352743,143.53238272309304,174.16547454744577,71.11421079176884,0.010130831105527843,-1.0687863764385261,0.00019738209954510462,50572309.76536132,2.018336154265615,2.4348025120319683,1.2063414247850537,2.8440158187587166,78.48062835996659,29.5847839317473,123.0,117.0,123.0,37006.22123218997,13709.725728237008,184350.21169663972,7.342345928016504,False,0,0,0
T1_600doc_420RPM_20-01-2024.csv,600.0,420,35.766499090097696,12.327647287962431,3.763587932628579,76.93941360741854,73.17582567478996,37.83138042443557,0.2600050392286851,-0.4390138048010166,-0.0001303424878099022,14312133.44818367,2.0337458676956657,2.15115864187893,1.0577322742473714,2.220601622586662,23.334262092131603,5.7762650382028395,2.9789239226281645,42.09784972071648,39.11892579808832,24.038573692626905,0.14374318601626823,0.07662529410970986,-0.00014697020343091828,5778530.251758544,1.751262377668801,1.8041217482901262,1.0301835814526485,1.833509291131356,56.198419109727546,47.20952830282499,-43.28198292791844,157.15426225304606,200.4362451809645,73.39619794654098,-0.016583170440248894,-1.077890269728064,-9.770500763183139e-05,53870018.73007825,2.141177154265011,2.594410121921152,1.2116746700539685,3.0407742507826145,80.32457401928964,30.72508830942079,123.0,117.0,123.0,49840.31190032054,15654.601296190633,235183.8843543317,3.7720257396545795,False,0,0,0
T1_600doc_420RPM_20-01-2024.csv,600.0,420,35.11835640023883,12.748736350840229,3.763587932628579,76.93941360741854,73.17582567478996,37.360798101719276,0.30438725742807576,-0.3922996867174562,-6.650074790271025e-05,13958292.347974304,2.0593621527554555,2.1908603218940876,1.0638538340440442,2.269590386608446,22.92185078829706,6.1898484516482,2.0009508429467684,42.09784972071648,40.09689887776971,23.742903516952726,0.052648650508216266,-0.04630104321347428,2.1467148044088635e-05,5637254.674153261,1.7730708331716085,1.8365816141779392,1.035819652445991,1.873138058834041,55.817006429092096,50.22811482039184,-47.17394850790501,159.10024504303934,206.27419355094435,75.0892916807435,-0.021814243360922726,-0.9857322070226457,-1.2100228293778888e-05,56384017.251157746,2.118814034356383,2.561507555219802,1.2089345802345945,2.981206820213943,80.9622542699584,32.29659131944321,123.0,117.0,123.0,54638.60634597292,19222.949265070256,241007.73763801384,6.906105979447596,False,0,0,0
T1_700doc_420RPM_21-01-2024.csv,700.0,420,46.89034679509329,6.249387229180271,21.311475926861167,65.23895030349493,43.92747437663377,47.30496235390488,-0.26030920786359724,0.37058457355972996,8.300353777584266e-05,22377594.633043576,1.379114305501813,1.3913087610245969,1.008842236987997,1.3977501276988156,17.204130536672704,4.558395914377889,-2.8889150216802952,34.274065083265306,37.1629801049456,17.797783031464654,0.05353005291266589,0.30393074406498455,4.5877838546417065e-05,3167610.808350912,1.9257491240719293,1.991823150095149,1.0343108171242517,2.0299937978311613,61.718199536719,19.48419102293434,18.98947303123772,118.2346064531803,99.24513342194258,64.72070653100486,0.14750398633099546,-0.7856428492425493,0.0001521646353962967,41887698.53872456,1.8268435681637571,1.9157170387453881,1.04864864848333,1.966893764359529,80.60518974195324,15.687376602721718,242.0,7.0,102.0,11083.179131460001,8333.895233397794,95950.80024553707,0.9999999998800081,True,0,0,0
T1_700doc_420RPM_21-01-2024.csv,700.0,420,46.99186806275521,6.720611979355492,22.287641924843197,69.14361429542303,46.855972370579835,47.470014634550616,-0.1395202554262162,0.3920475275966875,-0.00011627249387240131,22534022.894044496,1.4565745308428342,1.4713953104202053,1.0101750918085841,1.4792089656150182,17.282368391840127,4.737634060519123,-3.866888194605708,36.2300112426281,40.09689943723381,17.91997303911659,0.16401556388459662,0.40012470184409166,-7.872023035638336e-05,3211254.3372266553,2.02176706201195,2.09617032956145,1.0368011077772028,2.1388266488151615,61.993750743569024,24.374409449685206,7.313575456356629,121.15358063817024,113.84000518181361,66.61333925931554,0.10741452811580394,-0.9047497238804145,-0.00010368808137264656,44373369.672766685,1.818758554747389,1.954286991592265,1.0745170030904403,2.040318723518032,81.49578716134883,19.24321608660868,203.0,6.0,102.0,10605.972483869364,7169.459836720038,121484.4181797779,1.7432870534059377,True,0,0,0
T1_700doc_420RPM_21-01-2024.csv,700.0,420,46.500466022084304,7.163449110719209,22.287641924843197,69.14361429542303,46.855972370579835,47.04899938822164,-0.0744369166401577,0.30046522921151997,-0.00021163994933517987,22136083.434328802,1.4696086036790958,1.4869445450844492,1.011796298253803,1.4960998314358493,17.117579914813025,4.713704894978372,-3.866888194605708,36.2300112426281,40.09689943723381,17.754733340068878,-0.015320732217677973,0.3684743710375784,-0.00012632467917580547,3152305.5597695336,2.0405832376465054,2.1162777335728973,1.0370945397031162,2.161149428044822,61.412291092718995,26.16709538097855,7.313575456356629,121.15358063817024,113.84000518181361,66.75467307937387,0.08861477344010685,-0.9973595920078497,-0.00025158921588169423,44561863.77934083,1.8149078566247185,1.9727904379150274,1.0869920644808555,2.0777464687994587,81.02832464931925,20.480133834241396,203.0,203.0,102.0,13146.547825736874,8512.10478959853,123633.58299754272,2.5483152798908115,False,0,0,0
T1_700doc_420RPM_21-01-2024.csv,700.0,420,46.514718050866854,7.357709105759813,20.33530992887914,69.14361429542303,48.808304366543894,47.09304490725376,-0.10762212473147327,0.2262344398876337,8.436698009168053e-05,22177548.786366194,1.4682340976591388,1.4864889478596865,1.0124332013741215,1.4961808269210073,17.14193144774198,4.703458901371237,-3.866888194605708,34.274065083265306,38.14095327787101,17.77549828826112,-0.08150421824422574,0.30788606790526396,5.100805851518773e-05,3159683.3939597392,1.9281633925221544,1.9990480120766871,1.0367627659717218,2.041863792437628,61.57468335510602,26.599731996154837,5.367592388056218,117.26161505818366,111.89402267012744,67.07449122094654,0.07540281744658492,-1.1402304148551499,0.00017718881183250942,44989873.72548834,1.7482296611377695,1.9043803178317094,1.0893193040737652,2.008128605287738,81.27635837077558,20.66069119285906,203.0,203.0,102.0,15024.641725061461,8032.500739889893,123091.34848001768,2.540926212012175,False,0,0,0
T1_700doc_420RPM_21-01-2024.csv,700.0,420,46.76695939865255,7.196157007758082,20.33530992887914,67.19128229945898,46.855972370579835,47.317366442729266,-0.07372640093369152,0.01664909008434945,-5.901752996326152e-05,22389331.67075522,1.4200131442392123,1.436725482336893,1.0117691432403144,1.4455321482792902,17.049512981044977,4.829439485613436,-3.866888194605708,34.274065083265306,38.14095327787101,17.720309778218418,-0.035469384808994156,0.31708851677803906,-0.00011404933238811092,3140093.786360233,1.9341685056428617,2.0099270110635796,1.0391685136014237,2.0558949817814005,62.27124792870048,26.733664981732435,5.367592388056218,117.26161505818366,111.89402267012744,67.76722778713315,0.0763060272885702,-1.2196527759965317,4.384107411906065e-05,45923971.619531915,1.7303587425255123,1.8830779687030879,1.0882587075294439,1.983108404652674,81.94579311468145,20.74190681857781,203.0,203.0,102.0,16142.334299587172,7782.639610403319,115023.80074641012,1.2792412052982858,False,0,0,0
T1_700doc_420RPM_21-01-2024.csv,700.0,420,46.71375833970044,7.1665884345266955,21.311475926861167,67.19128229945898,45.87980637259781,47.260292085532264,-0.03161036335472877,-0.0006348217206384454,4.871352517610637e-05,22335352.080098238,1.4217280370983607,1.4383617308384151,1.011699631227645,1.447092055021634,17.087458336890943,4.840914718071992,-0.93296867582947,35.252038162946704,36.185006838776175,17.759946163280727,-0.03003644568062782,0.2617844361227104,0.00012005285075158529,3154156.8772262977,1.9849180756995453,2.0629682107847445,1.039321590165726,2.1101842157717363,62.297421409796094,26.369761886494295,8.286566944122315,117.26161505818366,108.97504811406135,67.64859981004875,0.09813388505942254,-1.1903738025932018,2.453102112690794e-05,45763330.56260128,1.7333930840762979,1.8822868170871774,1.085897269568387,1.9785725710320012,81.88401544733006,20.50102354064293,203.0,203.0,102.0,13565.135875008238,7507.77084559617,117186.26751514294,1.802170638579929,False,0,0,0
T1_700doc_420RPM_21-01-2024.csv,700.0,420,46.3060137564776,7.328012200248939,21.311475926861167,67.19128229945898,45.87980637259781,46.88226394727637,-0.08068228722882678,0.008819861650048555,-9.112354184673472e-05,21979466.728220902,1.4331919289354724,1.4510271312235294,1.012444392078948,1.4604540909181238,16.822036409628105,4.66423553751617,-0.93296867582947,35.252038162946704,36.185006838776175,17.456689322900903,0.00934234783224846,0.379003728238795,-0.00013615619531816173,3047360.0211628242,2.01939998535121,2.095470625323147,1.0376699220183006,2.14105625484135,61.70953998510676,26.010419973882918,6.340583968590945,118.2346064531803,111.89402248458936,66.96722535980759,0.10029729287688269,-1.118260909373632,-0.00013053861892461515,44846092.72391257,1.7655592839320828,1.9159858667187528,1.0852005277623158,2.013662912368179,81.09813533591159,20.257946400555955,102.0,203.0,102.0,12136.226052384376,7401.215466830742,113867.99413072404,2.0217982822548293,False,0,0,0
T1_700doc_420RPM_21-01-2024.csv,700.0,420,46.23367984269926,7.365719075810364,12.52598120044917,74.02444428533316,61.498463084883994,46.81673813179398,-0.07888193184294287,0.3002292462320355,0.00017217775585300272,21918069.693009727,1.581153391698214,1.6010935001753344,1.0126111157727107,1.6116763328740829,16.742429399310268,4.681795480171445,-0.93296867582947,32.31811892390252,33.25108759973199,17.384710268193793,0.004908881065885833,0.25171452503306035,0.00018740215225813444,3022281.5110904262,1.8589966945281884,1.9302263417436047,1.0383161774440348,1.9729157253128418,61.98684253440631,25.71646960184923,6.340583968590945,119.20759784817696,112.86701387958601,67.1096524813541,0.08882447148275868,-1.109217444084695,0.00026327069490964363,45037054.56168118,1.7763107606807809,1.9231113083717695,1.0826435052584642,2.0179865913595303,81.18415779072666,20.17109566653559,242.0,101.0,101.0,14171.118339403212,7722.706737618011,109038.8615952425,1.6060085980666932,False,0,0,0
T1_700doc_420RPM_21-01-2024.csv,700.0,420,46.618289276431696,7.1726912747408935,12.52598120044917,74.02444428533316,61.498463084883994,47.166856956806136,-0.09674927376945053,0.4153259109092158,3.815448778527411e-05,22247123.951838113,1.5694165153536164,1.5878841852473746,1.011767220309643,1.5976743425365576,16.991421379067567,4.823544806645739,-0.93296867582947,32.31811892390252,33.25108759973199,17.66281362022352,0.06256635231873543,0.103561395091607,-1.0795856714960127e-05,3119749.8498275355,1.8297265440710422,1.9020047411423244,1.0395021853432083,1.9446617438636145,62.532398815777896,24.759123161701066,9.259558431888,119.20759784817696,109.94803941628896,67.25559516792475,0.07961380667236904,-1.1184082510453566,1.6342012407632597e-05,45233150.81391783,1.7724562179627983,1.9063333584781499,1.0755319872832885,1.990810874076978,81.71822020102609,19.54827226981863,203.0,101.0,101.0,12402.657396441566,7522.104477154431,103183.99904464738,1.2708771539185986,False,0,0,0
T1_700doc_420RPM_21-01-2024.csv,700.0,420,46.388499746078395,6.387586089519429,24.239973920807245,67.19128229945898,42.95130837865173,46.82621236810572,-0.09185850770631511,0.14602339150198285,-2.08759126673154e-05,21926941.64742937,1.4349074781291582,1.448446978610021,1.0094358003475707,1.455521890200621,16.510062960947142,4.413094735495671,0.0450044970959426,32.31811892390252,32.27311442680657,17.089692335407868,0.17788175713224968,0.2736267138636328,-6.530314664002863e-05,2920575.8411889835,1.8910883993471965,1.9574800532467809,1.035107641674764,1.9953287954002898,61.752156878961785,22.79323366621062,11.20554150018841,112.39665808320044,101.19111658301202,65.82446642523117,0.0751338511120132,-1.1543573273347427,-0.00010062085324870057,43328603.801663846,1.7075209900997799,1.8201252193264301,1.0659460292901408,1.8887827577320715,80.59659794798351,17.938799520573276,101.0,203.0,101.0,12468.628617986757,7007.780761173323,102448.992283881,1.5279771508885915,False,0,0,0
T1_700doc_420RPM_21-01-2024.csv,700.0,420,46.60589197443729,6.036090727252565,24.239973920807245,65.23895030349493,40.99897638268769,46.995143983187695,-0.12851850246414215,0.28316636288825014,0.00016471043818082934,22085435.58000543,1.3882062011946144,1.3998004874421806,1.0083519913955064,1.405850401787402,16.818906880285294,4.1722090768676345,0.0450044970959426,32.31811892390252,32.27311442680657,17.328674422147955,0.046450391475438314,0.08683671554751893,0.0001581886738148626,3002829.572288047,1.865008144108034,1.9215350411259495,1.030309195805121,1.9536922399516758,62.011361764250104,20.887736029380502,16.07049884624779,107.53170110821723,91.46120226196945,65.4347499749925,0.04823044244031228,-1.2463538409338184,0.00024221981760629444,42817065.042897806,1.64334243119005,1.734064501228384,1.0552058221807346,1.7875442321191861,80.76480339350195,16.35785903864261,101.0,101.0,101.0,11193.316014225162,6173.210391046938,96331.63958799603,1.9632211936462276,False,0,0,0
T1_700doc_420RPM_21-01-2024.csv,700.0,420,46.65635976621243,5.968646154595678,24.239973920807245,65.23895030349493,40.99897638268769,47.03658834942236,-0.184050111818768,0.3415853026788014,-9.99022399994542e-05,22124406.435530156,1.3869830400719552,1.3982863350333565,1.0081495552828208,1.4042018636301061,17.009416042454582,4.069994655085388,0.0450044970959426,31.34014584422112,31.295141347125178,17.489570909480165,-0.058476403951137616,0.26916017900480194,-5.26626631793425e-05,3058850.905977349,1.7919333759774116,1.8425174483355462,1.028228768455492,1.8716314482362135,62.41632079130823,19.958507277936942,18.01648163624108,101.69375273823738,83.6772711019963,65.52968116729213,0.04367930158497311,-1.2682141570228587,-9.654157875282372e-05,42941391.1388696,1.5518731501015735,1.6292814355119554,1.0498805494542613,1.6741191311199342,81.03572566691537,15.674055431640591,101.0,102.0,101.0,9945.543663655726,4752.530983785106,87327.55342675881,1.0730502906901092,False,0,0,0
T1_700doc_420RPM_21-01-2024.csv,700.0,420,46.197171142419876,5.736831156774164,25.216141407936814,65.23895030349493,40.022808895558114,46.55201234407989,-0.23366593963469096,0.46033871742404564,-1.977172870404076e-05,21670898.532833666,1.4014206264875142,1.4121849604680712,1.0076810158043246,1.4178265127263188,16.72883550875406,3.816081867512596,0.0450044970959426,31.34014584422112,31.295141347125178,17.1585669068984,-0.11954508030952808,0.6506109096848598,8.323721710966067e-05,2944164.1829850897,1.826501363095841,1.8734206471108574,1.0256880640567878,1.900587346345524,61.86842928728408,20.55686687838564,18.01648163624108,106.5587097132206,88.54222807697951,65.19422764579191,0.033105130847123805,-1.2186126237846542,-8.579276660591175e-06,42502873.183313385,1.6344807440954265,1.7223438665044917,1.0537559850285612,1.7741030420687447,80.30774589289324,16.200603060247527,102.0,207.0,102.0,9493.847054494794,5708.556525554528,88852.7063994908,1.6169341554430052,False,0,0,0
T1_700doc_420RPM_21-01-2024.csv,700.0,420,46.37366198165968,5.814582777016993,18.382977932915093,63.28661830753088,44.90364037461579,46.73677244376221,-0.24535550667852923,0.588284950738656,5.9374790348144614e-05,21843258.984600108,1.3541075901996205,1.3647103895431012,1.0078301011088178,1.3702834700577944,16.941935877969627,4.005453128308833,1.0229777632653714,29.384199684858324,28.361221921592954,17.408987508075057,-0.13464701948002777,0.2668344548811361,2.5018414042248668e-05,3030728.4605631344,1.6878752811574271,1.7344062624548084,1.0275677840755353,1.7612632077188768,61.80615785485115,20.590131056080466,16.07049884624779,109.47768389821051,93.40718505196273,65.14564180116231,0.04034859084639063,-1.2099622064930688,5.3429320584048314e-05,42439546.45685347,1.6805066443640015,1.7713070622398774,1.0540315732641687,1.8247928417227453,80.42051342935352,16.24482717546858,102.0,11.0,101.0,8951.585065682832,5266.716441951046,92462.4609812008,1.3766812692308874,False,0,0,0
T1_700doc_420RPM_21-01-2024.csv,700.0,420,46.763933227620115,5.662373036267376,18.382977932915093,63.28661830753088,44.90364037461579,47.1054977610805,-0.2703484229446491,0.5863097657718472,2.591007736144385e-05,22189279.193191603,1.3435081108477225,1.3533211160722467,1.0073040163623073,1.3584727706578539,17.245792167609782,4.340550912143088,1.0229777632653714,33.29609200358391,32.273114240318534,17.78363657155918,-0.024558033826392576,0.19142604623618453,2.3160841895314688e-05,3162577.2970929714,1.8722881492547658,1.9306791871305875,1.03118699325158,1.9643312095132133,62.18114878590639,19.337975409770678,16.07049884624779,109.47768389821051,93.40718505196273,65.11875733829633,0.07618124540644243,-1.1756853539268934,6.063502748794122e-05,42404525.57283923,1.6812004462779682,1.7606249809753287,1.047242751376375,1.8061361813540118,80.87812711517354,15.309041794123232,101.0,200.0,102.0,8699.190164835714,6471.03528489095,85327.51193596322,2.0678970340188085,False,0,0,0
T1_700doc_420RPM_21-01-2024.csv,700.0,420,47.09172985402823,5.515524403282443,24.239973920807245,64.26278430551291,40.022810384705664,47.41362705054294,-0.23049419847505034,0.2614510277020763,5.4971778051280677e-05,22480520.300879776,1.3553652884857081,1.364629936184344,1.0068355356134189,1.3694584480936018,17.57204403898436,4.366525405542895,1.0229777632653714,34.274065083265306,33.25108731999993,18.106442936845916,0.06035286479430684,0.03468078833481858,5.466188346821466e-05,3278432.758252573,1.892920945478413,1.950488230465777,1.0304118801817232,1.982925872806084,62.95633107349347,18.62400258437793,24.827422143369915,101.69375273823738,76.86633059486746,65.6532793887574,0.054107788788772385,-1.216295752141136,0.00011977310757969412,43103530.944982365,1.548951608891781,1.6153062131197404,1.0428383971759025,1.6528843592185178,81.66521892898919,14.732291664630381,248.0,6.0,102.0,10909.05609507575,7242.330502244185,85304.68990354611,2.112375288902638,True,0,0,0
T1_700doc_420RPM_21-01-2024.csv,700.0,420,46.949112000084995,6.0105775178892245,22.287641924843197,66.21511630147695,43.927474376633754,47.3322951027634,-0.20942605612798623,0.21160252833986126,-9.776603402041435e-05,22403461.5969508,1.3989415927902282,1.4103592907434985,1.0081616688016957,1.4163417755147274,17.552093385585323,4.363873516410282,2.9789239226281645,34.274065083265306,31.29514116063714,18.086441725323837,0.09063157582047125,0.014960169958795788,-6.121602710806414e-05,3271193.7428353513,1.8950142655907973,1.9527052602974937,1.0304435674993244,1.9849655182757384,62.89522717262402,20.33229506090049,19.962465168386696,106.5587097132206,86.5962445448339,66.10001379379206,-0.000413556288206429,-1.1819700539403843,-0.00018131538663687845,43692118.235395014,1.6120830177985275,1.6942256909376692,1.0509543691188536,1.742570896800033,81.70499187406737,16.154617308271362,101.0,13.0,102.0,8846.02944777862,6643.769926928457,91108.14836289245,1.4048247712000332,True,0,0,0
T1_700doc_420RPM_21-01-2024.csv,700.0,420,46.79751335507589,6.132574839422668,22.287641924843197,66.21511630147695,43.927474376633754,47.19762420270354,-0.12855162193875355,0.1626384377749952,7.41640461854633e-05,22276157.30379627,1.4029332497139564,1.4149280924195715,1.0085498313680004,1.4211890973769,17.23464328709868,4.564872690846975,-0.93296867582947,32.31811892390252,33.25108759973199,17.828936926165174,-0.02842612097538339,0.2688383578450586,-3.155035684535826e-05,3178709.9191717613,1.8126778426409422,1.8751632100437605,1.0344713031366797,1.9121030841683517,62.67357969440029,21.213196099650254,19.962465168386696,107.53170110821723,87.56923593983053,66.16628507383925,0.03045833780198453,-1.2470365261622702,0.00015994938968131583,43779772.80472562,1.6251736211004688,1.7157421298184583,1.0557285126598732,1.769400139711336,81.47856948131178,16.873254518569084,101.0,207.0,101.0,11533.229328091837,6764.976471686735,97882.50329093047,1.3605890659661153,False,0,0,0
T1_700doc_420RPM_21-01-2024.csv,700.0,420,46.964340168954365,6.172971710601587,22.287641924843197,65.23895030349493,42.95130837865173,47.36828925816456,-0.15826168755584472,0.20357088704994197,-1.856756934082921e-05,22437548.27245148,1.3772705606472821,1.3891167227900487,1.0086011873637952,1.3953167368323023,17.155329673506817,4.665719465754737,-0.93296867582947,32.31811892390252,33.25108759973199,17.77847784091276,-0.01517269650455968,0.13675889856670898,1.5744791007311145e-05,3160742.7433982613,1.8178226062486844,1.8838324898221301,1.0363126101229787,1.9229778412341636,62.92373581352118,20.585904490242307,19.962465168386696,107.53170110821723,87.56923593983053,66.20555862169873,0.04975835086640725,-1.2349170545426025,-3.156897024543746e-05,43831759.92411187,1.6242095580320948,1.7089211204321184,1.052155562058544,1.7583437168242757,81.69504850502378,16.39890678545294,245.0,12.0,101.0,10490.07450650371,8226.652154318837,91218.07453174012,2.644192220811862,False,0,0,0
T1_700doc_420RPM_21-01-2024.csv,700.0,420,46.95418807876164,6.222624621497279,22.287641924843197,69.14361429542303,46.855972370579835,47.364721421283434,-0.25644318513126446,0.4262204345400269,-4.360639694839374e-05,22434168.353157856,1.4598125402328073,1.4725760815934146,1.0087432742279168,1.4793152929966888,17.01939138899642,4.377199189617327,2.9789239226281645,32.31811892390252,29.33919500127435,17.573262531397866,0.15301896043220567,0.16395392792548025,-9.802157029814534e-05,3088195.559974322,1.839050595537411,1.898899801129035,1.0325435340043676,1.9325371539095177,62.70111539503676,20.06356467121526,18.98947303123772,108.50469250321387,89.51521947197615,65.83294387385205,0.04521273897842792,-1.1629055660462124,-0.00011450213910369281,43339764.990977526,1.6481822947357283,1.7305065758336222,1.0499485289708768,1.7783902570456853,81.42022571262696,16.029963671694663,101.0,21.0,101.0,10192.81094725634,8639.785797424758,88175.4307241892,0.9999999998842564,True,0,0,0
T1_700doc_420RPM_21-01-2024.csv,700.0,420,47.02486245844661,5.884637333596379,23.26380792282522,69.14361429542303,45.87980637259781,47.391630545738536,-0.08443100560305658,0.3802962489212054,-5.846029132945384e-05,22459666.45783778,1.4589836538477243,1.4703629246448429,1.007799450505911,1.4762712864733933,17.111712057266537,4.259812389319868,2.9789239226281645,32.31811892390252,29.33919500127435,17.63396413524208,0.04765109680949656,0.057645896351445014,3.5358403815859436e-05,3109566.91123004,1.832720009865147,1.8886549058180615,1.0305201534614281,1.9202801988311975,62.69829371583522,20.23275865927017,18.98947303123772,108.50469250321387,89.51521947197615,65.88201998907907,0.04133055627405298,-1.2420635462483491,-3.463500718252711e-05,43404405.578414135,1.6469545487706685,1.7305844556948395,1.0507785154038372,1.7792256598807021,81.48927075792128,16.026935018598966,101.0,8.0,101.0,11502.73883456671,5921.09193605414,94901.92558818366,1.2097704899170685,True,0,0,0
T1_700doc_420RPM_21-01-2024.csv,700.0,420,46.99616312568796,5.522545905936787,24.239973920807245,65.23895030349493,40.99897638268769,47.31952939135649,-0.038846151599274285,0.35217215505579347,-5.269806975074257e-05,22391378.618194506,1.3786897533138116,1.3881760970362178,1.0068806950219258,1.3930664766805467,17.25263799251077,4.189007126244592,-0.93296867582947,31.34014584422112,32.27311452005059,17.753909383692204,0.022709899945351233,-0.005525750537388685,-6.15761036987224e-05,3152012.9840435404,1.7652532277205668,1.8165226040265712,1.02904363832956,1.8454679056167145,62.74811089492609,19.4343344193427,21.908447958379984,105.58571831822395,83.67727035984397,65.68880251005334,0.044233952069832036,-1.2717101980358267,-2.3248959514590058e-05,43150187.7520479,1.6073625075151066,1.6826915872420596,1.0468650222801374,1.725878356822071,81.42783715587404,15.455266789837415,101.0,9.0,101.0,9862.354384492897,7026.880303177698,93607.87184496199,1.4694202081280772,False,0,0,0
T1_700doc_420RPM_21-01-2024.csv,700.0,420,46.906160636310055,5.626340779834997,22.287641924843197,64.26278430551291,41.97514238066971,47.24239215164868,-0.2777677035598785,0.5672598102646589,1.2734700051660696e-05,22318436.16210157,1.3602779490765107,1.3700286579363967,1.0071681738768947,1.3751438726095175,16.986531488623818,4.076459975451154,-0.93296867582947,34.274065083265306,35.20703375909478,17.468823026908932,0.14861948123782323,0.04099617686864887,-1.6708971888268818e-05,3051597.7794546373,1.9620134127221749,2.0176978811969306,1.0283812883814576,2.0484587909879846,62.58163206857804,19.21852666135184,21.908447958379984,102.66674413323402,80.75829617485404,65.46611672766275,0.04826212037442055,-1.2232177148887464,-1.6445925475294754e-05,42858124.39399965,1.5682424628961094,1.6405251946885953,1.0460915537633126,1.6819223775168457,81.17434792879354,15.282050644162792,102.0,12.0,101.0,9494.77452486687,5760.412748353712,85747.77299028626,1.2929930897199307,False,0,0,0
T1_700doc_420RPM_21-01-2024.csv,700.0,420,47.002215395380254,5.840629645416573,22.287641924843197,65.23895030349493,42.95130837865173,47.363711918816485,-0.18734415869976673,0.6442787243685926,4.778411149455836e-05,22433212.06728639,1.3774036632795463,1.3879973476719807,1.0076910528662393,1.393540982042174,17.02731296788344,4.105312068477258,3.956897375285626,34.274065083265306,30.31716770797968,17.515221211444537,0.18095483600925372,0.1710338764162147,8.41697606079465e-05,3067829.740858366,1.956815998468261,2.0128874795402147,1.0286544473858783,2.043690050343011,62.43762931139342,20.430467353634423,21.908447958379984,105.58571831822395,83.67727035984397,65.69521710379605,0.050539988253231645,-1.28217885238049,2.6043798551559602e-05,43158615.503148966,1.607205561881352,1.6910590533737162,1.0521734702026586,1.739870888623372,81.30330170912526,15.991837365491214,101.0,16.0,101.0,11951.740661777447,6901.568590893662,101095.86074235843,1.1315262561408896,False,0,0,0
T1_700doc_420RPM_21-01-2024.csv,700.0,420,46.916312748542175,5.913625700933934,24.239973920807245,65.23895030349493,40.99897638268769,47.28753927674569,-0.055980788897187085,0.45162095345764497,-0.00010660898828851384,22361113.708497666,1.3796224396809986,1.3905387376275022,1.007912525653778,1.3962020965382405,17.209998366544365,4.265593191727769,2.0009508429467684,33.29609200358391,31.29514116063714,17.730745304520454,0.13876915305896442,0.07450354050686148,-8.738669590947788e-05,3143793.290537741,1.8778732327227705,1.9346946637897622,1.030258395549206,1.9663144070342256,62.48550048194161,20.701833967841438,23.85443074837327,105.58571831822395,81.73128756985068,65.82555506876336,0.05095277443611087,-1.3376295400570768,-2.4131072314332996e-06,43330037.00110798,1.6040232126858014,1.6897635051949111,1.053453274136566,1.7397411621036363,81.36753799623489,16.211667417190995,101.0,101.0,101.0,11970.559407310178,6591.308043309474,100178.58561652403,1.3044568834694696,False,0,0,0
T1_700doc_420RPM_21-01-2024.csv,700.0,420,46.505249195118516,6.271347702734294,24.239973920807245,66.21511630147695,41.97514238066971,46.926197424345624,-0.1129430434980195,0.28296276704180023,-0.00015622473028820965,22020680.04708662,1.4110479846194421,1.4238202664749362,1.00905162828955,1.4305003016660307,16.85538529607433,4.339036660721868,1.0229777632653714,31.34014584422112,30.31716808095575,17.404920356675213,0.12737918013201527,-0.010956120174122397,-0.0002156208312373993,3029312.5262220716,1.8006486213079054,1.8593550544062811,1.0326029367438352,1.8923728400290392,61.932062957245776,20.03035405864369,18.98947303123772,105.58571831822395,86.59624528698623,65.09067141960419,0.05603500140430971,-1.251927399780169,-0.00030225027688887647,42367955.05854878,1.622132880417997,1.7048635759334236,1.0510011827724668,1.7528618221406083,80.54525974268194,15.945403606357768,101.0,101.0,101.0,11759.309637248682,6182.500118039586,94845.9245225365,1.274784399041858,False,0,0,0
T1_700doc_420RPM_21-01-2024.csv,700.0,420,46.54117212037379,5.936285694699117,24.239973920807245,66.21511630147695,41.97514238066971,46.91822876225559,-0.15449020238877115,0.46784903051885207,3.823958871897996e-05,22013201.901873477,1.411287639117894,1.422721287083587,1.0081015716773651,1.428696631277774,16.759641691702384,4.077198289700755,1.0229777632653714,31.34014584422112,30.31716808095575,17.248453134347656,-0.04214973937528241,0.2281232152648731,6.682409922260039e-05,2975091.3552778745,1.8169829839298466,1.8699770806996112,1.029165984072755,1.9003311473211904,61.68784211754691,19.29062629869663,18.98947303123772,104.61272692322731,85.62325389198959,64.63372283967063,0.0355536368441793,-1.23553723655487,5.13984701550602e-05,41775181.281153604,1.6185471349488558,1.695840271473373,1.0477546404769729,1.7404383026152288,80.27244569496864,15.253914775519299,102.0,101.0,101.0,9960.651544907083,6199.456586333521,89197.0539219852,1.5826199769919422,False,0,0,0
T1_700doc_420RPM_21-01-2024.csv,700.0,420,46.45234098120052,5.749405693377257,18.382977932915093,66.21511630147695,47.83213836856186,46.80679062337814,-0.13695540782536317,0.7498284844885306,-0.00011703554072442595,21908756.484607603,1.4146476487624238,1.4254419670318557,1.007630393532181,1.431075888891101,16.650402073675277,3.979230384484753,2.0009508429467684,32.31811892390252,30.31716808095575,17.11929214856317,-0.017681174456564086,0.40750299403170454,-0.00013084394157214028,2930701.636678566,1.8878186459721698,1.9409812916769327,1.0281608860142315,1.9712604844316532,61.69484763414268,19.8196396521595,21.908447958379984,102.66674413323402,80.75829617485404,64.80024954073505,0.02652933946669664,-1.3429916190582327,-0.0001506847690826248,41990723.40541534,1.584357234129093,1.6641056436683213,1.0503348662923644,1.7103626078199385,80.27136243775225,15.476644502513096,101.0,9.0,101.0,11294.919985459008,5185.416938680821,93737.45173335298,2.0604529249522434,False,0,0,0
T1_700doc_420RPM_21-01-2024.csv,700.0,420,46.21737782414602,6.230479835452535,18.382977932915093,66.21511630147695,47.83213836856186,46.635446732285565,-0.24210323641535078,0.6492588505750354,6.355105955363503e-05,21748648.919198446,1.4198452237755974,1.4326887291923174,1.0090457080825803,1.4394872537652883,16.529035604938628,4.026704249287199,2.9789239226281645,32.31811892390252,29.33919500127435,17.012447358935646,0.03302800807821605,0.30203233591715684,9.399742887188634e-05,2894233.6514055645,1.8996748816934734,1.9552331845813404,1.0292462165096057,1.9866274554291508,61.694555731083824,20.3002470098693,22.881439353376628,104.61272692322731,81.73128756985068,64.94858147425172,0.04976330429845473,-1.372544007851224,0.00018068485103405081,42183182.35517515,1.6107007196870047,1.6956557298056667,1.0527441312220749,1.7450084267374837,80.18048528279814,15.92784581771513,101.0,101.0,101.0,12060.378945444432,6481.0680092798575,98251.01633064625,1.5108588195312853,False,0,0,0
T1_700doc_420RPM_21-01-2024.csv,700.0,420,46.47508570554111,6.562822276636214,21.311475926861167,65.23895030349493,43.92747437663377,46.93617184615832,-0.19963908402859237,0.297589035240577,2.9235344711323078e-05,22030042.275721043,1.3899503887391422,1.403740290374906,1.009921146644862,1.4110308057970653,16.92619053902428,4.295904574257734,1.0229777632653714,31.34014584422112,30.31716808095575,17.46283832240577,-0.018499080749197733,0.15652758499948316,1.3918783643849572e-05,3049507.2227448355,1.7946765162459308,1.8515770439878163,1.031705172061263,1.8844278682671136,62.08248743633758,20.124219505726806,17.043490241244434,110.45067529320715,93.40718505196273,65.26269575337575,0.05020575260204676,-1.327563766778943,-3.3962465089661686e-05,42592194.569976896,1.6924013637223072,1.7790955203988674,1.0512255299096918,1.8293445239827737,80.68481767305089,16.035417172958475,241.0,16.0,101.0,11001.969588487727,6677.399681160479,95148.15380263604,1.3572439283040132,False,0,0,0
T1_700doc_420RPM_21-01-2024.csv,700.0,420,46.505151627064926,6.805512550664487,18.382977932915093,66.21511630147695,47.83213836856186,47.000469454395365,-0.25096418257552616,0.2900054965365939,-4.7921169298951286e-05,22090441.289335515,1.408818189906073,1.4238232536573707,1.01065081630746,1.4318197635164034,17.152395750472742,4.420303204665322,1.0229777632653714,31.34014584422112,30.31716808095575,17.712813452470215,-0.042544309329818925,0.15809454786121835,5.3629249521878526e-05,3137437.604020098,1.7693488348600233,1.8271585089422475,1.032672852827689,1.8609399234306225,62.13376408151804,20.866645358467395,17.043490241244434,110.45067529320715,93.40718505196273,65.54404265418627,0.03469249531026614,-1.2234090861914466,2.235986238590157e-06,42960215.2745379,1.6851367541662112,1.7776273001632166,1.0548860772090682,1.8322895118787994,80.87324550189953,16.683152543174714,234.0,4.0,101.0,10833.70909466502,6855.696496064848,98239.12587269935,2.172046545415341,False,0,0,0
T1_700doc_420RPM_21-01-2024.csv,700.0,420,46.54322211051677,6.856122697066037,18.382977932915093,67.19128229945898,48.80830436654388,47.0454880181524,-0.20644558243191083,0.21045258349452967,4.275841931701786e-05,22132779.428661212,1.4282194771480183,1.4436319458054157,1.0107913866909126,1.4518167324708968,17.287062657065253,4.482297231505469,0.0450044970959426,32.31811892390252,32.27311442680657,17.85871002566707,0.017839988719284206,0.07320349531912917,7.167515528034835e-05,3189335.237808615,1.8096558417407504,1.869497413471458,1.0330679294650549,1.9040572908882278,62.300242938368555,21.899823185673934,18.01648163624108,108.50469250321387,90.48821086697279,66.03728133216511,0.05281051791218314,-1.1789039808318276,0.00011467141397864992,43609225.25743522,1.6430823667231127,1.7416415632689228,1.0599843310000168,1.800776911210445,81.16674289727523,17.466935616705186,236.0,14.0,101.0,10671.078247347486,5905.997318931559,96289.3139209389,0.9999999998306806,True,0,0,0
T1_700doc_420RPM_21-01-2024.csv,700.0,420,46.90635590286656,6.437746562524557,22.287641924843197,67.19128229945898,44.903640374615776,47.34607486254463,-0.10494201712498127,0.11705817776653271,4.621311498275142e-05,22416508.04889681,1.4191521154505216,1.4324558155529783,1.0093744003603402,1.4394117285993817,17.32021595528276,4.473583905843174,0.0450044970959426,32.31811892390252,32.27311442680657,17.88862302415282,0.05887103379296264,-0.04730577773606548,1.0582709680554975e-05,3200028.3370025046,1.8066297713506128,1.8659189358459076,1.0328175509091557,1.8997135101272615,62.590388984379416,21.244384753268854,18.01648163624108,108.50469250321387,90.48821086697279,66.09750885442541,0.061094094067425664,-1.1916717380483768,9.683634795340938e-05,43688806.767608464,1.6415852031910456,1.7335679529055685,1.0560328818362394,1.7879253970957127,81.51323410853486,16.915288366385166,102.0,9.0,101.0,9524.633277947041,8920.071564822749,92084.511702693,2.419872644414777,False,0,0,0
T1_700doc_420RPM_21-01-2024.csv,700.0,420,47.21414109534178,6.291053472333157,24.239973920807245,68.167448297441,43.927474376633754,47.631423169611416,-0.10995246351243775,0.19341728546615666,-1.937007660894768e-06,22687524.731625956,1.4311444790281105,1.4437930398815728,1.0088380740301301,1.450395486774949,17.81057171321358,4.362598386820797,2.0009508429467684,31.34014584422112,29.33919500127435,18.337086176277168,-0.06446205990414373,-0.09860220915837337,0.00013938012325208403,3362487.2943621515,1.7091126443396505,1.7596372732364347,1.029561906913576,1.7884802358745175,62.96664473879032,21.016654652512315,18.98947303123772,106.5587097132206,87.56923668198287,66.38145917682134,0.04662500143891179,-1.300812235327503,1.8552817210126593e-05,44064981.22443998,1.6052480773189768,1.6923040786954235,1.0542321168961277,1.7433210791873066,82.07725722272716,16.57779152472037,101.0,11.0,101.0,10642.379610097756,7011.003327666993,96432.5420821331,1.2764283911945178,False,0,0,0
T1_700doc_420RPM_21-01-2024.csv,700.0,420,46.92666014490272,6.5137361406516945,23.26380792282522,68.167448297441,44.903640374615776,47.37657850526178,-0.09262550383663458,0.26501208028613377,-0.0001043989212520562,22445401.90865233,1.4388427878950802,1.4526379692684246,1.0095876919211761,1.4598588486903954,17.979663272304116,4.413504292415338,2.9789239226281645,34.274065083265306,31.29514116063714,18.513435972952465,-0.05223441677533154,-0.018837619307912945,-7.512487248400462e-05,3427473.115246103,1.8513076196843532,1.906268463662559,1.0296875804938224,1.9376332724007035,62.795690129538066,21.856648031640045,18.98947303123772,106.5587097132206,87.56923668198287,66.49068928823012,0.02947901326591109,-1.3153001981177819,-0.00010045870920183131,44210117.620239586,1.602610994921407,1.6969111971443582,1.058841604432881,1.7531517470994313,81.89897499658892,17.345234472958424,203.0,7.0,101.0,13125.98014882487,7034.350586788085,107834.69489775148,0.9999999998578404,True,0,0,0
T1_700doc_420RPM_21-01-2024.csv,700.0,420,46.679006761373664,6.172993366360861,23.26380792282522,68.167448297441,44.903640374615776,47.08540664929531,-0.07792627014727958,0.4089724556723908,9.561807997494742e-05,22170355.193295028,1.4477404603335036,1.46034487507238,1.008706266823525,1.4669156926371039,17.39728023002675,4.333900328684061,2.9789239226281645,34.274065083265306,31.29514116063714,17.928972403934576,0.016605232532530906,0.004055557970933155,-1.9896439036782505e-05,3214480.5146104754,1.9116580867592692,1.9700817961252444,1.0305617985614874,2.003177475787599,62.47324078465007,20.956135399197738,18.98947303123772,106.5587097132206,87.56923668198287,65.89435047867438,0.05054552513768189,-1.2631780382272608,0.00010001456787912728,43420654.25006375,1.6171145013062471,1.7056696335081516,1.0547612009727034,1.7576884055663118,81.25765217260381,16.665622076390132,101.0,5.0,101.0,10486.05038551478,6484.67360315539,97348.12793503489,1.151149288066124,False,0,0,0
T1_700doc_420RPM_21-01-2024.csv,700.0,420,46.627172345540586,6.222783165655474,23.26380792282522,71.09594629138708,47.83213836856186,47.04058068590894,-0.03605317624266919,0.3788615719773514,-7.553637950829815e-05,22128162.312675096,1.5113747588724802,1.5247749909541037,1.0088662537222868,1.5317421097230202,17.199436254971356,4.2859484106069585,1.0229777632653714,31.34014584422112,30.31716808095575,17.72540440348844,-0.05822921773530012,-0.07267121544612776,6.228676116660481e-06,3141899.612672074,1.7680920068629429,1.8221612254972896,1.0305805458225445,1.8531531026150125,62.28185337673472,20.113608436315776,21.908447958379984,104.61272692322731,82.70427896484733,65.44911385473844,0.06622841523965728,-1.2664405265929932,-8.809870495880358e-05,42835865.043705165,1.5983826328865334,1.679666247091889,1.0508536645312299,1.7266778952468154,80.97952542697509,15.903117886978283,236.0,8.0,101.0,11068.571580853728,6405.790903622699,89666.47387032911,2.284910565241986,True,0,0,0
T1_700doc_420RPM_21-01-2024.csv,700.0,420,46.838414738685145,6.365684310372795,19.35914393089712,71.09594629138708,51.73680236048996,47.26900709738258,-0.16396233196184032,0.6521264840326038,0.00010626399935444484,22343590.319724042,1.5040710744128127,1.5178982185463883,1.009193145436278,1.5251795486099728,17.532044938235106,4.4180273194979005,1.0229777632653714,32.31811892390252,31.295141160637147,18.080142839925934,-0.10895432868096967,0.018117662829278736,5.1266260391456376e-05,3268915.65112125,1.7874924556754725,1.8433741778416795,1.0312626338582727,1.8759037871612854,62.39617987351364,20.23775802618989,18.01648163624108,110.45067529320715,92.43419365696607,65.596113549009,0.03768787702720166,-1.2465280926250693,6.645183431754386e-05,43028501.12734483,1.683799074630936,1.770151241904667,1.0512841280024212,1.8205031536740925,81.27641719437678,16.069994333061434,101.0,6.0,101.0,12016.4514340872,7776.674331205824,95825.65838346805,1.905422288861736,True,0,0,0
T1_700doc_420RPM_21-01-2024.csv,700.0,420,46.813912945777886,6.216105559583223,19.35914393089712,66.21511630147695,46.855972370579835,47.2248071846011,-0.09617658788074752,0.5347057625222287,-0.00014018197644437804,22301824.136227515,1.4021257099609323,1.4144324226468843,1.0087771821018066,1.4208649093629382,17.08912087811886,4.427790834291394,2.0009508429467684,33.29609200358391,31.29514116063714,17.653424145451012,0.08921796872461288,0.13445597393772868,-0.000282921822568521,3116433.840591928,1.8860982282671628,1.948379453867441,1.033021199355825,1.9838376827282713,62.29236170947916,20.401280212089176,18.01648163624108,110.45067529320715,92.43419365696607,65.54807824518403,0.04470051105280262,-1.1595623149453504,-0.00016466778392332766,42965505.616367675,1.6850330055453948,1.773101424671135,1.052265100348723,1.8247414179166825,81.05878545822813,16.366113141355722,101.0,7.0,101.0,11288.098481950023,6636.401139279434,94982.44228606124,0.9999999998493159,True,0,0,0
T1_700doc_420RPM_21-01-2024.csv,700.0,420,46.31714196233513,6.022011612895623,20.33530992887914,66.21511630147695,45.87980637259781,46.70698302636293,-0.0013130857965550269,0.3674307131824315,-6.909828700741353e-05,21815422.634249546,1.4176705925129656,1.4296028100205915,1.0084167771911492,1.435782716505239,16.419307023421602,4.108523643035268,2.9789239226281645,33.29609200358391,30.317168080955742,16.925531296085264,0.17887436095700918,0.4684698600804871,-4.346560429412626e-05,2864736.0965476176,1.9672110388218667,2.027862196381865,1.0308310376279308,2.061751385333663,61.75050276998984,20.505662898171963,18.98947303123772,107.53170110821723,88.54222807697951,65.06617249569848,0.08066726325933951,-1.1400011269698282,-4.3580541487821954e-05,42336068.03239989,1.65265140062336,1.7413898880913503,1.0536946191038954,1.7932989101894408,80.20251312472199,16.406692683124895,101.0,15.0,101.0,10962.365799338464,6612.105981219903,95623.84974382816,2.0754723963440584,True,0,0,0
T1_700doc_420RPM_21-01-2024.csv,700.0,420,46.27995007757225,6.309062520243147,20.33530992887914,69.14361429542303,48.808304366543894,46.70800840398696,-0.11163379572576655,0.39748212968757235,1.3412380648066713e-05,21816380.49066916,1.4803374551401551,1.4940295782412858,1.0092493255869381,1.5012042896032918,16.872206422228547,4.248692072943325,3.956897375285626,34.274065083265306,30.31716770797968,17.398929101671218,0.18497558431689068,0.15811276503357208,0.00010229644437877453,3027227.3388498165,1.9698950942890607,2.0313919961357523,1.0312183638737806,2.065547808896896,61.57799139357891,21.80470454902413,15.097507451251149,114.34264087319374,99.2451334219426,65.3245295776243,0.11347452841375118,-1.1281698849571935,-1.4648203303553201e-05,42672941.645379126,1.7503783282101075,1.8568751316093903,1.0608421629101086,1.920174284039055,80.33131373317987,17.278164873366606,102.0,5.0,101.0,9969.358350872288,6823.180445797376,94188.58413038483,1.7461543628412886,False,0,0,0
T1_700doc_420RPM_21-01-2024.csv,700.0,420,46.386547429271744,6.874158958885926,21.311475926861167,69.14361429542303,47.83213836856187,46.8931321602653,-0.09046561322839992,0.05703497848657468,2.849556680247949e-05,21989658.438001078,1.4744934089519315,1.4905962639459276,1.010920940640516,1.4990608981477482,17.131075945168185,4.650522463232397,2.0009508429467684,35.252038162946704,33.25108731999993,17.75108791652357,0.2966923204181829,0.24138680201301232,-8.601719191842329e-05,3151011.222201491,1.9859086005727233,2.057783076543393,1.0361922376235952,2.097794822843281,61.65563616827565,24.524874050804485,13.151524290181696,117.26161505818366,104.11009076800197,66.3542532059747,0.121751397704111,-1.1445611944289036,5.3757409428692215e-06,44028869.18522603,1.76720570864062,1.9018798985082823,1.0762074212465378,1.9857612595144252,80.921508080084,19.200609745207636,102.0,5.0,102.0,12901.375801141325,9859.934033274958,104770.96831060636,1.6740590822383263,False,0,0,0
T1_700doc_420RPM_21-01-2024.csv,700.0,420,46.51793938808725,7.085324396769216,22.287641924843197,70.11978029340506,47.83213836856186,47.05444194463698,-0.04070955301316823,0.1003021894307139,-1.6948972857691288e-05,22141205.06721212,1.4901840803022626,1.5073707308574804,1.0115332399415593,1.5163975818787003,16.929906853622885,4.732184635285446,2.0009508429467684,35.252038162946704,33.25108731999993,17.578831516764097,0.1671171141985784,0.2605428647901671,-7.146576485720042e-05,3090153.174947788,2.0053686804682385,2.082234619938444,1.0383300787625034,2.1264271732549496,62.005426613925465,26.289932652262703,11.20554150018841,117.26161505818366,106.05607355799526,67.34859678148763,0.08117839563004627,-1.2157366541035564,-5.6938758264005e-06,45358334.88435406,1.7411144502184464,1.8911508469784242,1.0861726216453798,1.9885005011883181,81.50582125933555,20.390449075305902,203.0,9.0,101.0,14889.344525473056,7955.167502269433,121186.46366277234,2.379575433637177,False,0,0,0
T1_700doc_420RPM_21-01-2024.csv,700.0,420,46.64113158200484,7.233226952550168,22.287641924843197,70.11978029340506,47.83213836856186,47.198672941058284,0.003618809199564983,0.16101125639237646,-1.8266734078575163e-05,22277147.273969874,1.4856303350090088,1.5033893457348877,1.0119538557522596,1.5127031561445243,16.99054118635342,4.650479976565886,1.0229777632653714,34.274065083265306,33.25108731999993,17.615489031463532,-0.05215392608594793,0.11424568610564112,2.531362117017399e-05,3103054.5381761203,1.9456777511000354,2.0172438715956726,1.0367821035395897,2.059734164119944,62.073536026232745,26.891777109262655,11.20554150018841,119.20759784817696,108.00205634798854,67.64829303755032,0.07258389342688173,-1.2204681777390625,-5.286278777003052e-05,45762915.508942775,1.7621671219702029,1.9204254418146718,1.0898089164593692,2.024777613667563,81.75510314505131,20.74644166720888,203.0,102.0,102.0,15236.776816623129,7238.821000165458,118734.68483735365,2.4898920403265454,False,0,0,0
T1_700doc_420RPM_21-01-2024.csv,700.0,420,46.4024589255083,7.009141316927068,22.287641924843197,69.14361429542303,46.855972370579835,46.92884247809804,0.08166208345419683,0.07199190036393954,-8.967017784275914e-05,22023162.563341387,1.4733713990003643,1.4900851354972806,1.011343871958052,1.4987657512970571,16.907706851324274,4.628189609374469,0.0450044970959426,34.274065083265306,34.22906058616936,17.52970878339511,-0.21157459745533738,0.33751697390552726,-7.490739745131434e-05,3072906.900306397,1.9551987717976902,2.027126764418726,1.036788071708383,2.071755909005571,61.75838413511984,27.123532807108685,8.286566944122315,120.1805892431736,111.89402229905129,67.45208701678045,0.09071715079665978,-1.1821046622662534,-6.229897061218144e-05,45497840.42919323,1.781717876472459,1.9459801438495068,1.0921931971083227,2.0550328168737706,81.39535711632541,20.837150217579048,203.0,203.0,101.0,14812.969028444386,8128.393141872457,116858.37072136246,3.063841128670396,False,0,0,0
T1_700doc_420RPM_21-01-2024.csv,700.0,420,46.5277010261766,6.93699432215378,19.35914393089712,70.11978029340506,50.76063636250794,47.041990317235395,0.02444214767434384,0.17721645429441768,0.00015537160232742146,22129488.530068688,1.4905785197552397,1.5070544803826755,1.0110534000115212,1.5156521286140736,16.915921834424758,4.749864736395469,0.0450044970959426,36.2300112426281,36.18500674553216,17.570134504961008,-0.17995863178627908,0.3707249279107949,9.972742031479882e-05,3087096.2652242146,2.0620224183484988,2.141769842474573,1.038674372992484,2.191602287590108,62.30053498089637,26.698766070083753,8.286566944122315,120.1805892431736,111.89402229905129,67.78038631175652,0.06616379985150321,-1.1784581184626886,0.0002533145234347402,45941807.68570949,1.773087994665623,1.9290458626081681,1.0879583350695217,2.0318791590368037,81.77912176871621,20.688511083152555,102.0,203.0,102.0,13935.32803047085,7590.506832027121,114346.90089881327,1.3610520544033955,False,0,0,0
T1_700doc_420RPM_21-01-2024.csv,700.0,420,46.78404227919522,7.075526083179319,19.35914393089712,70.11978029340506,50.76063636250794,47.31606155773404,-0.0734180184544916,0.18984850373967266,-6.640101339996285e-05,22388096.813352767,1.4819445656491594,1.4987969589063748,1.0113718108273728,1.507672205310721,17.093815157852756,4.784246823808278,0.0450044970959426,36.2300112426281,36.18500674553216,17.75070517816,-0.06516359122939115,0.20231954625469184,2.8829275821600712e-05,3150875.3432195624,2.041046306554883,2.1194806956821655,1.0384285201542895,2.1668946225722503,62.756867946949534,25.697299653333246,13.151524290181696,116.28862366318702,103.13709937300533,67.81427345319024,0.06707008806479298,-1.2196406314343742,-5.985454675814021e-05,45987756.83984062,1.7148104335801355,1.853002348069532,1.0805872834590136,1.9414054735690796,82.15311497377695,20.088270202948827,101.0,101.0,101.0,14135.679290573773,7460.176292088756,116654.0752123509,1.376888691633069,False,0,0,0
T1_700doc_420RPM_21-01-2024.csv,700.0,420,46.761590455731785,6.496691147490612,23.26380792282522,66.21511630147695,42.95130837865173,47.210733290380794,-0.06240314612010699,0.08787604407303107,-1.112126534921496e-06,22288533.37815469,1.4025436947612147,1.4160150597136214,1.0096049520615473,1.4230415029910761,16.850202011767205,4.259222439230006,0.0450044970959426,32.31811892390252,32.27311442680657,17.380169263393377,-0.008655492203442429,0.22667581688429372,-0.00011308651360837398,3020702.8362420388,1.8594824040046543,1.9179662594747182,1.031451685342174,1.9517656516111366,62.17813256353065,24.015951464330335,13.151524290181696,115.31563226819038,102.16410797800869,66.6549780123365,0.08743736591322887,-1.1936506326192073,-0.00013207276792905347,44428860.938250616,1.73003781123216,1.8546010874541201,1.0720003201162662,1.9316572223286357,81.37573118943654,18.756334627247917,101.0,203.0,101.0,13075.274549510686,6994.796768385223,102780.76326525262,1.8821780330245752,False,0,0,0
T1_700doc_420RPM_21-01-2024.csv,700.0,420,47.02515530660795,6.0016105130692985,23.26380792282522,68.167448297441,44.903640374615776,47.40658773167693,-0.01109420470579486,0.3194965341162366,2.397535427167039e-06,22473845.603611812,1.4379319744182248,1.4495953889569004,1.0081112422188083,1.4556277855371889,16.966678608438496,3.9734981823379325,-0.93296867582947,32.31811892390252,33.25108759973199,17.425753091533444,0.07946833961917855,0.38137937847140124,3.8944356741427785e-05,3036568.7080708733,1.8546182052587872,1.9047784336591638,1.0270461210065482,1.9329468860887087,62.34616818215924,22.02005408262136,18.98947303123772,115.31563226819038,96.32615923695266,66.12055254457312,0.10276604160333656,-1.0781338041916386,8.98372426190573e-05,43719274.68799655,1.7440210014950184,1.849602559876145,1.0605391553717642,1.912622903426728,81.3957724249544,17.25390191559456,102.0,203.0,102.0,11871.82237806039,5854.185490060974,91564.00123854316,1.8156540109679165,False,0,0,0
T1_700doc_420RPM_21-01-2024.csv,700.0,420,47.176949147587955,6.126497892513525,19.35914393089712,68.167448297441,48.80830436654388,47.57308595520236,-0.11950343196604468,0.5182802396935382,-3.671904816890297e-05,22631985.07301072,1.4328994415378375,1.4449312541212986,1.0083968296969592,1.4512197318622557,17.334885513443744,4.117795731140152,-0.93296867582947,35.252038162946704,36.185006838776175,17.81725280304452,-0.06758680082408743,0.581598991905989,-2.117874256214873e-05,3174544.9744759784,1.9785338712218876,2.0335674374465342,1.027815326805934,2.0654392688702092,62.92753055269261,21.304346000165573,19.962465168386696,113.36964947819708,93.40718430981038,66.43605391618945,0.08865043464776669,-1.1522227748504577,-1.5294437295961313e-05,44137492.599548325,1.7064476710374068,1.8015906310397254,1.0557549824803465,1.857471987897042,81.93393496347127,16.769990044873627,101.0,16.0,102.0,11250.409789740632,6478.600083942368,91010.55483169266,1.7640829821491955,False,0,0,0
T1_700doc_420RPM_21-01-2024.csv,700.0,420,47.03296465752468,6.087392176199457,19.35914393089712,66.21511630147695,46.855972370579835,47.425268665373096,-0.2629004965334634,0.6238334379456201,-0.00012104625898588632,22491561.07982819,1.396199076249472,1.4078448335891447,1.0083410435787967,1.413995059590153,17.22447233854665,4.216549376484471,1.0229777632653714,37.2079843223095,36.185006559044126,17.733068995120114,0.055986115408046155,0.6951604641572025,-8.490183472152537e-05,3144617.359856903,2.0982258814054466,2.1601813739769398,1.029527560936382,2.195625508609822,62.700337003479284,20.43913151697181,20.93545656338334,108.50469250321387,87.56923593983053,65.94763344895664,0.06113186773304622,-1.254497583432129,-0.00016622429380194076,43490903.57517944,1.6453159397629686,1.730528059158484,1.0517907335218495,1.7800326403166604,81.56147303196573,16.13797751709861,102.0,12.0,102.0,10593.041716270993,6422.446209029812,87803.71976238312,1.886164506088502,False,0,0,0
T1_700doc_420RPM_21-01-2024.csv,700.0,420,47.29936043059763,6.108867795967488,20.33530992887914,66.21511630147695,45.87980637259781,47.692219102199395,-0.28205809047014263,0.5025460404440372,0.00012851022167040217,22745477.628921926,1.3883840498087319,1.3999156795922096,1.0083057924679173,1.4060043936174311,17.629548847267394,4.364503095682848,1.0229777632653714,37.2079843223095,36.185006559044126,18.161769732887052,0.06901321508901437,0.25771708904213053,0.00018919121593883508,3298498.798304122,2.048698164856361,2.1105465967767403,1.0301891381470123,2.145586487912459,62.78391697187945,20.03942465309087,21.908447958379984,108.50469250321387,86.5962445448339,65.90446700155277,0.050353905338361066,-1.205779599048602,0.00014529836380310502,43433987.707587585,1.6463935972755444,1.7282243245800113,1.049703015998046,1.7756484865378441,81.82994673530021,15.863676458478782,102.0,11.0,102.0,10385.748728377346,7886.73445848542,84015.95087423825,1.4233811992649394,False,0,0,0
T1_700doc_420RPM_21-01-2024.csv,700.0,420,47.601191000358945,6.0069147083438175,24.239973920807245,67.19128229945898,42.95130837865173,47.97870787095012,-0.1511160511002339,0.26350313031071737,4.095381902482637e-06,23019564.089659706,1.4004395966682877,1.4115462425919618,1.0079308282557116,1.4173377564238667,17.99012755777541,4.305402944160672,1.0229777632653714,33.29609200358391,32.273114240318534,18.498140016137235,0.05190769481753655,0.05585590854103284,1.3555474003549852e-05,3421811.840566176,1.799969725309538,1.8507979944362982,1.0282384022420263,1.8792873353282777,63.20201140503462,20.547994298435228,20.93545656338334,108.50469250321387,87.56923593983053,66.45836527729712,0.03984603069096509,-1.2102872135127205,5.784334613711402e-05,44167143.153306514,1.6326717043141028,1.7167917617028638,1.051522946815631,1.7659221312421882,82.46284199190961,16.147185481395475,102.0,10.0,102.0,10714.320111359533,6301.118522797979,88337.22227600966,1.009281636560223,False,0,0,0
T1_700doc_420RPM_21-01-2024.csv,700.0,420,47.470677543139985,6.229933199883318,25.216141407936814,69.14361429542303,43.92747288748622,47.87773275834793,0.028176311702156814,0.3982961540334431,1.1215517837910365e-05,22922772.94079783,1.4441706052458634,1.456554190375465,1.0085748768771634,1.462956370160149,18.00029848227981,4.36394343963246,1.0229777632653714,33.29609200358391,32.273114240318534,18.52173717002474,0.09650059567323649,0.09685862901885978,8.449871144653435e-05,3430547.4779547597,1.7976765191047916,1.8497522158514133,1.0289683356227817,1.8788511902192297,63.27167765556165,22.403564827298304,12.178532895185054,116.28862366318702,104.11009076800197,67.12097220928983,0.04758757172719353,-1.089559844914931,-7.407980339369287e-08,45052249.10320258,1.7325229333774783,1.8379254031517707,1.060837561075636,1.9017514278494694,82.66286405800649,17.53305044546026,102.0,11.0,102.0,11950.301694525317,7608.769245411927,92829.11348437991,1.8036195932950236,False,0,0,0
T1_700doc_420RPM_21-01-2024.csv,700.0,420,47.269392076233906,6.282112175428887,25.216141407936814,69.14361429542303,43.92747288748622,47.68501190774096,0.03473737948576833,0.38019716628581035,-2.7850687315340295e-05,22738603.606413968,1.45000727753197,1.462756580070067,1.0087925783102258,1.4693499707943145,17.572533014596,4.338064918693899,1.0229777632653714,32.31811892390252,31.295141160637147,18.100075242602422,-0.021417928611877808,0.11588141058256562,-0.00010677036905529964,3276127.2378786914,1.7855240097474772,1.8391269430001138,1.030020841478473,1.8696986164779115,62.64380630855586,23.23342634846209,12.178532895185054,117.26161505818366,105.08308216299861,66.81346098439501,0.06842340549283699,-1.0148713973022707,-0.00013541162066139196,44640385.687132746,1.7550597339295348,1.8718788331699463,1.0665613238011316,1.9439904303657962,82.05835775438108,18.219154091135707,101.0,11.0,102.0,11125.425605019738,6340.8487361369125,96741.34497596395,1.5947816892353164,False,0,0,0
T1_700doc_420RPM_21-01-2024.csv,700.0,420,47.23854524127062,6.137065099928221,18.382977932915093,67.19128229945898,48.80830436654388,47.63553006477757,-0.07980306535543144,0.4951022885332592,0.00014957047586431165,22691437.24552328,1.4105287000709,1.4223825470551612,1.0084038325371654,1.4285616633770684,17.098020415576787,4.320255997602758,2.0009508429467684,32.31811892390252,30.31716808095575,17.63538811640683,0.07096777213636615,0.23115035733852274,0.0001932132905446825,3110069.1401630323,1.8325720256667228,1.8901672906215379,1.031428650087497,1.9228069700897794,62.08637947869323,22.9745773204966,12.178532895185054,117.26161505818366,105.08308216299861,66.20082869441875,0.08207286452696247,-1.049838569756666,0.0002196747538485215,43825497.19827777,1.7713013170795813,1.888685023072177,1.0662697559476393,1.9607378608365547,81.46879119674666,18.0426278390179,101.0,13.0,101.0,12067.748518280718,6175.672064303699,96684.05442920524,1.4371029465340894,True,0,0,0
T1_700doc_420RPM_21-01-2024.csv,700.0,420,47.92137347867132,6.446926009843946,18.382977932915093,69.14361429542303,50.76063636250794,48.35308564154624,-0.1025164833575319,0.3877361472491936,0.00020630110503834333,23380208.91058705,1.429973152241044,1.4428554374844293,1.0090087602156699,1.449596446798507,18.13017333031142,4.597674851368532,2.0009508429467684,37.2079843223095,35.20703347936273,18.70405835710641,0.10955287030775107,0.23712406446152157,0.000336977806606505,3498417.9902604213,1.989300055202871,2.0522685384426156,1.0316535874389863,2.0877977812525463,63.04107867528041,22.779717065639925,13.151524290181696,117.26161505818366,104.11009076800197,67.03053863824684,0.06535176358029982,-1.110235886989317,0.0002956694166874209,44930931.10133502,1.7493759925013577,1.8600826242550343,1.06328349778905,1.9273543025080058,82.84624072516091,17.81730052300119,102.0,7.0,102.0,12879.570796321677,9377.11594940253,95809.88888645041,0.9999999998933574,True,0,0,0
T1_700doc_420RPM_21-01-2024.csv,700.0,420,48.17224820835566,6.6689458404627215,22.287641924843197,69.14361429542303,46.855972370579835,48.63168037473566,-0.1353573198561536,0.058765919032716774,-3.626612143954115e-05,23650403.360704497,1.421781311331027,1.4353412362313165,1.00953727889952,1.4424510121953964,18.498086860064788,4.84100290137827,0.0450044970959426,37.2079843223095,37.162979825213554,19.121049306292125,-0.05675936004127699,0.35840189555901736,-0.0001115286035527952,3656145.2657365454,1.9459174926171832,2.011450405859927,1.0336771283938686,2.0505982971576717,63.557737146211174,22.48518095211045,13.151524290181696,117.26161505818366,104.11009076800197,67.41787087706065,0.06218847983174596,-1.1126630486807343,-0.00010177624040890776,45451693.13596022,1.7393253974456595,1.8449620820897004,1.060734285142491,1.9085895788732279,83.44619096342987,17.679292687630994,101.0,7.0,101.0,12223.777408518345,11313.682887169918,94028.54865815707,0.9999999999116114,True,0,0,0
T1_700doc_420RPM_21-01-2024.csv,700.0,420,47.89999548262901,6.990113072601933,22.287641924843197,69.14361429542303,46.855972370579835,48.407347045708256,-0.1258994155741282,0.04077073564438338,9.231756726045314e-06,23432712.480036397,1.4283702478083486,1.4434993907358102,1.010591891668617,1.4514614115387618,18.007339937686357,4.976902046818899,0.0450044970959426,35.252038162946704,35.20703366585076,18.682447527425957,-0.12923990727830623,0.05057943615248561,1.378281553978139e-06,3490338.456150242,1.8869068472530957,1.9576482859175703,1.037490689467505,2.0007464863003945,63.510157944689915,23.941736182204014,7.313575456356629,120.1805892431736,112.86701378681697,67.87302036581042,0.07576722040379545,-0.9801310621090411,9.465542859592325e-05,46067468.93577716,1.7706680592000295,1.8923049970657788,1.0686955057633467,1.9681947937502209,83.30465905178127,18.95747260219189,203.0,208.0,102.0,12569.210433534814,7237.21088584398,97999.92903857311,1.195817038069811,False,0,0,0
T1_700doc_420RPM_21-01-2024.csv,700.0,420,47.85089428095927,6.991427263730583,26.19230740591884,69.14361429542303,42.951306889504195,48.35895096744319,0.02357112080164575,-0.07835630448935849,-5.249580147149812e-05,23385881.38671575,1.429799714678938,1.4449806076651848,1.010617496164248,1.452870845013715,18.47060584339867,4.995882190617105,0.0450044970959426,35.252038162946704,35.20703366585076,19.134317836931586,-0.042837153918693666,0.031518861151514255,0.00013672675154217023,3661221.1908471826,1.8423462212436932,1.9085480174190204,1.0359334176236632,1.94754389922114,64.38526652687734,25.290126198266275,7.313575456356629,120.1805892431736,112.86701378681697,69.17407772324302,0.07589135101396983,-1.0137320503377496,0.0002525433018687984,47850530.288612664,1.7373645330553067,1.8665852566286223,1.0743774384216707,1.9486665378422265,84.22967364923683,19.87776052679521,102.0,207.0,102.0,13623.810437091313,9140.033394475737,110497.2405522842,1.5835561053878007,False,0,0,0
T1_700doc_420RPM_21-01-2024.csv,700.0,420,47.68728878851623,6.996041172259248,26.19230740591884,70.11978029340506,43.92747288748622,48.197739615912404,0.12795496648731053,-0.12883002238468722,-8.269747026116444e-05,23230221.040832914,1.4548354518736628,1.4704081962883764,1.0107041276693236,1.4784363008882042,18.921940437760973,4.947619990638017,0.0450044970959426,36.2300112426281,36.18500674553216,19.558087163675665,0.19242933285934533,0.35373794831914296,8.814195451761129e-06,3825187.7350193486,1.8524312188318923,1.9147090839757017,1.0336195290333536,1.9499949155131602,64.55845900968654,26.153075503390724,9.259558431888,120.1805892431736,110.9210308112856,69.65470542606174,0.08233949751466343,-1.110498718209047,-0.00012866405786202394,48517779.87991434,1.7253764624809869,1.8615777248515388,1.0789400257464408,1.9486031830906756,84.49633492241306,20.437422788993217,102.0,102.0,102.0,14453.50944193137,6927.449253811293,121115.07554486736,1.443994049413594,False,0,0,0
T1_700doc_420RPM_21-01-2024.csv,700.0,420,47.11857440125188,7.383873078132181,19.35914393089712,71.09594629138708,51.73680236048996,47.69362258457911,0.05302926814360534,0.11574846181157294,-0.00012963334594219425,22746816.352402743,1.4906803559596813,1.5088730335079525,1.0122042780503129,1.5183830674996057,18.43432300422015,4.888857344577981,-2.8889150216802952,36.2300112426281,39.1189262643084,19.07158070951525,0.05808490242550992,0.4640599242467096,-0.0001438202001893601,3637251.9075955423,1.8996858097112064,1.9652538716433927,1.0345152138300986,2.003606119410789,63.54187757805935,27.8685589837298,2.4486178319901226,126.01853761315346,123.56991978116334,69.38462932072716,0.09807283559416202,-1.0725020103205367,-0.00020533846987018194,48142267.8597471,1.8162313302941886,1.9832359762794756,1.0919511976253795,2.095301297942194,83.5431796775789,21.752488164214814,203.0,102.0,102.0,17437.531637440185,6878.53272970639,121664.94109693955,1.1018237910051598,False,0,0,0
T1_700doc_420RPM_21-01-2024.csv,700.0,420,46.894544312607486,7.541094261243586,17.406811934933067,74.02444428533316,56.61763235040009,47.49701452664229,-0.01678488900506023,0.24291594558327922,0.00011559116468473754,22559663.889440686,1.5585073087869756,1.5785299840397824,1.0128473412603953,1.5890998353218269,17.709547080720622,4.859267826193271,-2.8889150216802952,34.274065083265306,37.1629801049456,18.364110150261503,-0.05737954078828267,0.12316443293910906,-1.2796619929366545e-06,3372405.4161093747,1.8663613321213524,1.9352390635936956,1.036904821315632,1.9763303115196722,62.90233031795842,28.036634973526688,2.4486178319901226,127.96452040314674,125.51590257115662,68.86767064500098,0.12347348884667751,-0.9891697767876684,6.1031121722658834e-05,47427560.60068331,1.8581218038109368,2.03433672101355,1.0948349655233596,2.153845700670111,82.80674642378358,21.886199700508563,102.0,102.0,102.0,15222.884251025376,7199.439170454925,127523.88348272737,1.4003295160581395,False,0,0,0
T1_800doc_420RPM_21-01-2024.csv,800.0,420,52.44424439321223,5.365418845374185,28.144639401882888,68.167448297441,40.022808895558114,52.71799018704401,-0.25813415399906753,0.3324760014810959,-7.640884596683759e-05,27791864.893612683,1.29305855658727,1.2998079977345196,1.0052197490305954,1.3033026154909368,17.158752545652586,4.10275769229097,2.0009508429467684,33.29609200358391,31.29514116063714,17.64243207736937,0.07777555891288919,0.3427408500443736,8.985792005766038e-05,3112554.096045918,1.8872733565058806,1.940472765429556,1.0281885020737904,1.9703290558218474,69.13618927737055,17.72960529811879,26.7734049333632,114.34264087319374,87.56923593983055,71.37332535214742,0.0627468094272467,-0.8370589671979429,8.92696046523993e-05,50941515.71823489,1.602036059116496,1.6538753736405318,1.0323583943251717,1.6825203973052871,89.3669685122078,14.076164595777072,102.0,207.0,102.0,10810.674283085857,6297.154634107485,94480.47778012979,2.341090970787296,False,0,0,0
T1_800doc_420RPM_21-01-2024.csv,800.0,420,52.02820219499334,6.753002137850011,17.406811934933067,75.9767762812972,58.56996434636414,52.46462485825011,-0.03012825087952018,0.4874626374541253,-6.0735639118165245e-05,27525368.615169153,1.448152473911186,1.4602998580759807,1.0083881941878585,1.4666118108678805,17.135770202075946,4.693722092394143,0.0450044970959426,32.31811892390252,32.27311442680657,17.766981946829986,-0.08675661546526055,0.34294127532824836,-9.066850902675311e-05,3156656.4749898273,1.818998804671424,1.8860032868547265,1.0368359132569116,1.9268050073889498,68.70019183147284,25.95285102535461,6.340583968590945,134.77546016812326,128.4348761995323,73.43886460196275,0.0873940463979071,-1.0424158699448827,-0.0001826381336030025,53932668.34025417,1.8352062072119946,1.961791613315119,1.068976121378442,2.040272836633542,89.76789503461595,20.079700298945916,203.0,203.0,102.0,16483.128000286717,11083.229826027617,119124.92133747235,3.271106487559697,False,0,0,0
T1_800doc_420RPM_21-01-2024.csv,800.0,420,51.475301496754874,8.910325431540345,14.478313940986991,78.90527427524329,64.4269603342563,52.240794054816675,-0.05675413289458234,-0.019098572625642518,-0.00012608146904316344,27291005.634777687,1.5104149104710654,1.5328763888875456,1.0148710650701105,1.5448591221662624,16.801499011487806,6.08042747163536,-2.8889150216802952,37.2079843223095,40.0968993439898,17.867903270133393,-0.1310902774723505,0.12396167605591346,-2.7149008462040605e-05,3192619.672708436,2.082392307580011,2.213634785648932,1.0630248573197238,2.306626733489742,68.17964166157104,34.548113800049954,-9.227279650121924,153.26229667305947,162.48957632318138,76.4332107414142,0.15130768720006274,-1.0020376534590547,-1.7434224663223225e-05,58420357.04241435,2.00517936099231,2.2470832728075005,1.1206395380488452,2.4288067018988873,90.47302049228192,26.552416048133598,203.0,203.0,101.0,29554.6440915561,21439.540991501268,148429.40597865777,5.076798574844475,False,0,0,0
T1_800doc_420RPM_21-01-2024.csv,800.0,420,51.166051966529494,11.321045182937468,14.478313940986991,86.71460225909948,72.23628831811249,52.403539364013454,-0.022073987505842094,-0.18922151231410567,2.351857137253125e-05,27461309.378757074,1.6547470516590357,1.694768287297684,1.0241857120086864,1.7168215321792488,17.0721041991873,8.4260438264046,-10.712700311839582,44.05379588007927,54.766496191918854,19.038249823773185,0.030214962219380775,0.05986369237784883,0.000120501156417475,3624549.563523997,2.3139624854102405,2.5626098408479305,1.1074552232395452,2.759749996638127,68.89644448963395,44.765489528705366,-34.525057404339314,186.34400410294532,220.86906150728464,82.1624556355142,0.1659187964834883,-0.9219150765508171,0.00023120310840441565,67506691.1605784,2.2679945805125046,2.6727679507687263,1.1784719301069733,3.034513850071351,93.47563935468173,33.48969778184662,203.0,203.0,102.0,44146.91017512129,37191.93865806025,207652.75035134677,13.04048999575126,False,0,1,1
T1_800doc_420RPM_21-01-2024.csv,800.0,420,51.159706814611596,13.728347846394433,5.692818842288107,94.52393024295569,88.83111140066758,52.96964353239145,-0.059268550162452555,-0.2049704230885392,-9.041469741434602e-05,28057831.359486196,1.7844924741687829,1.8476245492470051,1.0353781682983165,1.8844727194218935,17.762651033344202,10.87265514429659,-13.6466202968359,55.78947582006455,69.43609611690046,20.82609904948987,0.17715575175723314,-0.1698131876532849,9.249035641001892e-05,4337264.016191629,2.6788250496403503,3.0866600771186454,1.15224399500559,3.4382855568966866,69.8382027770622,54.52469842221583,-51.06591408789158,200.9388869023323,252.00480099022388,88.60201637188425,0.164048886098754,-0.8669411952065844,8.854190094819461e-05,78503173.05163643,2.2678816479632116,2.7530185678569823,1.2139163303911704,3.2113429341999575,97.82144437314547,38.99733149182175,203.0,203.0,101.0,54639.63770219679,47707.175915798085,236437.17711319635,15.063821382753645,False,0,1,1
T1_800doc_420RPM_21-01-2024.csv,800.0,420,50.488494972243636,15.637893287967344,1.7881544780731202,95.50010219752788,93.71194771945476,52.854818427917486,-0.06691228599108084,-0.20619600550787753,-0.0001916511106785588,27936318.310481258,1.806838147174213,1.8915220635915104,1.046868567917795,1.9440503529289686,17.86670735766518,12.942207561416208,-16.58053953588009,58.72339505910874,75.30393459498883,22.061730856105235,0.21126437263141562,-0.4739375101974499,-5.664761338577224e-05,4867199.683672259,2.661776423714188,3.1704085264129787,1.1910874625559482,3.6358167121579292,69.32738210592251,62.855208004741954,-58.84984524786472,214.5607664322853,273.41061168015005,93.57918082020147,0.17699411487085878,-0.8257412055024553,-0.0002091980796958097,87570630.82979962,2.292825867374625,2.8216471971563517,1.2306417322425134,3.3120258174870476,100.81974883783386,43.27577990829758,203.0,203.0,101.0,53975.39368378497,49486.852374377166,267073.27533830004,13.119734176050777,False,0,1,1
T1_800doc_420RPM_21-01-2024.csv,800.0,420,50.18110025433932,16.413618035441328,-3.092675884123892,99.40476618945598,102.49744207357988,52.797250683623844,-0.06508228732678897,-0.15046972959088967,0.00012322319580565549,27875496.797494184,1.8827640625667734,1.9808432835384002,1.0520932085552532,2.0436836046772977,17.792870396778884,13.782977126970195,-17.558512615561487,64.59123353719711,82.1497461527586,22.506814422284506,0.23084038587563652,-0.44549667584187747,0.00010788250242888831,5065566.954391539,2.8698523178492943,3.4554876815872175,1.2040646343003485,3.995187280847692,69.24331570573344,65.59946863067235,-67.60676780283451,227.20965456724167,294.81642237007617,95.3830543364514,0.17524364835297382,-0.6847031192003823,0.00020900010918859088,90979270.54550439,2.382075685748005,2.920776206745102,1.2261475251269933,3.4042524961959137,102.0273149762955,44.52482934798063,203.0,197.0,96.0,45120.49612587116,46303.147035906455,284953.0370724581,16.89153603918053,False,0,1,1
T1_800doc_420RPM_21-01-2024.csv,800.0,420,50.293456977925324,16.16326629970956,-3.092675884123892,103.30943018138407,106.40210606550797,52.82691541502069,-0.06369145439932086,-0.11785566392607638,-2.353726442131323e-05,27906829.922657512,1.9556210952269473,2.054052804066075,1.0503327096845951,2.1163006365614305,17.792088032273767,13.776099907938955,-18.53648569524288,64.59123353719711,83.12771923244,22.501984917373292,0.2572299724026639,-0.1631369552719213,1.3916254783994716e-06,5063393.252216951,2.8704682619944175,3.436814024045384,1.1973008270286418,3.935551218947536,70.02774153249744,64.53322413144804,-67.60676780283451,227.20965456724167,294.81642237007617,95.22826051620378,0.1755406157204119,-0.5225378207124218,2.0438740575872382e-05,90684216.00941975,2.3859477568487173,2.9021381318025763,1.2163460509443955,3.3514229736086323,102.07714842396611,44.11008601284986,197.0,197.0,101.0,44423.780234521364,61585.22561192951,284602.9238444622,18.546866500582436,False,0,1,1
T1_800doc_420RPM_21-01-2024.csv,800.0,420,50.083776539642614,15.428809596010018,-1.1403438881598411,103.30943018138407,104.44977406954392,52.40641981687727,-0.027685903961843016,-0.05545800418535096,-1.7660182647441537e-05,27464328.380227864,1.9713124945832248,2.0627122934468876,1.046364946762531,2.119046943637786,17.83639020053107,13.331951666634081,-18.53648569524288,61.65731429815293,80.19379999339581,22.268312702741266,0.23288284678349883,-0.23753010742061198,3.899689914948607e-05,4958777.506270681,2.7688363784546106,3.30142814273355,1.1923521983542409,3.7755583891523736,69.65625327079313,63.86951201851159,-63.714802222847936,227.20965456724167,290.9244567900896,94.50559869768392,0.1854056917101898,-0.6759323084602231,-0.00010056879826408293,89313081.85207675,2.404192531429463,2.9429368630710515,1.2240853528154283,3.4290378922432865,100.95074333814705,44.52601703872795,197.0,197.0,101.0,47546.95520230105,63970.09081457404,291901.77366515144,36.31529111792568,False,0,1,1
T1_800doc_420RPM_21-01-2024.csv,800.0,420,48.374900203614025,17.558493843789066,-18.71133296869695,99.40476618945598,118.11609915815293,51.46291553897811,-0.4795647429179009,0.3691379656607867,-0.0005439271791451102,26484316.757719945,1.9315805400525088,2.0501503154285983,1.0613848467187736,2.1402258123228073,17.76147746233842,15.193321044086455,-22.448378013968465,63.61326045751572,86.06163847148419,23.373213001079588,0.20114193891708249,-0.4573040780529811,-6.798011219070435e-05,5463070.859938358,2.721630973652509,3.311519578006431,1.2167408476992285,3.8560855963528065,68.8744546895425,75.53562789146541,-91.93155861496926,253.48042223215103,345.4119808471203,102.221923234401,0.14489313437576634,-0.8504982171411335,8.403013879718085e-05,104493215.89739771,2.479707035553471,3.0923556709278714,1.2470649260539186,3.6841382402574436,105.03453411527221,51.10584110151522,197.0,197.0,96.0,46717.03266932742,64399.95812781795,394568.52017351374,29.57965130160466,False,0,1,1
T1_800doc_420RPM_21-01-2024.csv,800.0,420,45.95742481933015,24.164705917436233,-36.28232242152095,103.30943018138407,139.59175260290502,51.92319239126732,-0.6620359803749897,0.08388387320534862,-0.0003046214403478071,26960179.081005603,1.9896586751233563,2.192289869277798,1.1018421886567449,2.3731958000958024,17.745927691341222,19.848660711386305,-27.33824490427971,81.21677589178086,108.55502079606056,26.62493721423661,0.2900277673936448,-0.577468202028292,0.00010294129211538309,7088872.816620416,3.050402531967417,3.8441733959675686,1.2602183992707985,4.600816984291606,68.45996059102791,100.038832758068,-125.01326604485511,296.29204361200334,421.30530965685847,121.22101411769246,0.12725508095787672,-1.1226680414262702,0.00019605431268335138,146945342.63721794,2.4442300352671187,3.0428690805925522,1.244919273835865,3.625928929674215,119.65922079638825,61.49073370749128,287.0,192.0,96.0,69873.54752228242,67342.39160894546,616561.0207442382,24.888821097966183,False,0,1,1
T1_800doc_420RPM_21-01-2024.csv,800.0,420,44.56843797390086,30.26272776833009,-39.21082041546703,103.30943018138407,142.5202505968511,53.87186979689405,-0.6143265932792507,-0.45647633153958633,-0.0002178854325814407,29021783.554135054,1.9176878502802646,2.1677042382416163,1.1303738707656787,2.4033710464542275,17.713947941965394,23.82150376020814,-30.2721641433239,87.08461436986923,117.35677851319312,29.685821415084185,0.3452260269394264,-0.6196587618575831,-4.283454395352693e-05,8812479.930882707,2.9335423518252095,3.7383461496041446,1.2743453822230306,4.508281657444039,67.39570260054595,118.89219371910387,-133.7701885998249,300.1840091919899,433.9541977918148,136.66577646346636,0.1263072785977338,-1.2894022131357807,-0.00020149119075228675,186775344.56362158,2.1964826671308995,2.6835728321665484,1.2217591662910312,3.1372283484462677,134.25461777713807,66.60824581370161,287.0,191.0,96.0,101171.13452224724,108168.236968965,653489.2180339202,71.08735426792327,False,1,1,1
T1_800doc_420RPM_21-01-2024.csv,800.0,420,43.420661776160436,35.58033905905806,-47.99631737560034,113.07109016120434,161.0674075368047,56.136569156275065,-0.5658451052656005,-0.676654725624414,-0.0002219770650998662,31513143.966372527,2.014214474818239,2.3069177048415916,1.1453187998014789,2.588516769421935,17.644609605504527,26.702664715759756,-39.07392186045647,92.95245881557464,132.02638067603112,32.00569560332885,0.31872872568245764,-0.6400370318548538,6.118100193252172e-05,10243645.510529438,2.904247417947287,3.646946536860238,1.2557285974753103,4.318234575603585,66.68512687657407,133.41295400358203,-140.5811283648014,308.9409317469597,449.5220601117611,149.1506702717312,0.13276316952041944,-1.343116068300711,-0.0001452112254785011,222459224.42506677,2.071334518203059,2.5000583037039488,1.206979501250633,2.8893367693928154,146.34660650682034,70.74088036019036,287.0,191.0,96.0,131917.84474770338,141543.4098161308,662056.8551858809,106.48915545384028,False,1,1,1
T1_800doc_420RPM_21-01-2024.csv,800.0,420,43.25666586423566,40.97809230909962,-53.85331336349249,119.90425214707852,173.757565510571,59.58475636421802,-0.4966098312295998,-0.8427751160944399,8.546627965926947e-05,35503431.9098322,2.0123309964406215,2.3258502757976633,1.155799060846148,2.6322088893698683,17.891645590028137,28.37572238344041,-39.07392186045647,94.90840497493744,133.9823268353939,33.54538124244908,0.2966873166230557,-0.5221664600125919,4.0251082053572356e-05,11252926.027012546,2.8292540272232234,3.4984700411856786,1.236534438945116,4.058283865510214,67.80611028127569,144.4626858691708,-142.52711115479468,317.6978543019295,460.2249654567242,159.58426050212861,0.13042584711707275,-1.4010473631831295,0.0001753322869126492,254671362.00011247,1.9907843875223015,2.3791999611373567,1.1951068011430765,2.7212785763893383,157.11443201353396,73.8771090850226,286.0,191.0,95.0,168462.2877910664,160238.42738137278,705100.3325809091,70.64193630949899,False,1,1,1
T1_800doc_420RPM_21-01-2024.csv,800.0,420,43.800878593304745,45.84319800533048,-60.68647534936667,127.71358013093472,188.40005548030138,63.40438288400384,-0.4356512533008046,-0.9701179556984139,7.977468743315196e-05,40201157.689013585,2.014270533388557,2.3326223243890154,1.158048179588321,2.6338088185107345,17.868467612076312,28.810165178500053,-41.02986801981926,95.88637805461885,136.9162460744381,33.90144174539303,0.3598210098810898,-0.25483032519469484,2.0161899060729597e-05,11493077.524162771,2.8283864378024317,3.538350268041813,1.2510137302139663,4.117868653809819,67.23691019803535,148.19901648818598,-145.44608533978462,317.6978543019295,463.14393964171416,162.7382886140944,0.1396305234937315,-1.4171488806904375,-0.0003407530515612173,264837505.81044286,1.952201027843514,2.3207485453390038,1.1887856384865259,2.6369502628382047,161.52325155769688,74.58829203427904,286.0,191.0,95.0,245191.10767267254,128273.67897253217,866781.0117730397,93.60627551587392,False,1,1,1
T1_800doc_420RPM_21-01-2024.csv,800.0,420,44.57546656223808,50.30005501501765,-66.54347133725882,128.68974612891674,195.23321746617557,67.20913445176188,-0.4074497188949203,-1.0581669720748115,0.00021211137528184487,45170677.53755006,1.9147657112186354,2.20759582155896,1.1529326061275431,2.470477759941805,18.07315738850723,28.027807739141714,-41.02986801981926,95.88637805461885,136.9162460744381,33.349618058563216,0.49756991884930796,0.012376296608712867,9.569057153573583e-05,11121970.246520456,2.87518669288022,3.74574093289198,1.3027818131488644,4.505204776234254,67.15984923102414,149.01633827554804,-146.41907673478124,317.6978543019295,464.11693103671075,163.45126008014273,0.14349415657985456,-1.4281040785592727,0.0004059855769954639,267163144.21786463,1.9436855619599216,2.304628844185039,1.1857004493366505,2.6120188904511608,163.8158602736286,74.22899112209807,286.0,190.0,95.0,185310.52384195657,119469.60574143854,996357.4729911739,107.26951932091139,False,1,1,1
T1_800doc_420RPM_21-01-2024.csv,800.0,420,45.537575964601736,52.808318785633254,-67.51963733524084,129.66591212689875,197.1855494621396,69.73083505664435,-0.4171050004771467,-1.094548681928426,0.00014350696778994693,48623893.5769694,1.8595204262442493,2.1308531482958593,1.1459154297108916,2.368189539099033,18.220635772430846,26.28137205814066,-39.07392186045647,94.90840497493744,133.9823268353939,31.979713651157095,0.6126183869108902,0.06670544916916388,-6.2056952064416035e-06,10227020.852100033,2.9677690679229536,4.0093676025586324,1.350970210551005,5.014025034760919,68.2059123371534,147.88540859916282,-146.41907673478124,316.72486290693286,463.1439396417141,162.85619593458762,0.1361059074650354,-1.4341599874326685,-0.00012935488799289103,265221405.54284796,1.9448130977721456,2.3079621019181364,1.1867269428419582,2.620927720853309,164.43010055971303,73.28010662597592,285.0,190.0,95.0,284081.1268004998,126964.47586575767,1031850.5026988885,121.5661502616018,False,1,1,1
T1_800doc_420RPM_21-01-2024.csv,800.0,420,46.21581617405681,52.46198361514188,-68.49580333322287,131.61824412286282,200.1140474560857,69.91538735836072,-0.42554327688459853,-1.091036210245863,0.0001586578003733227,48881613.894696265,1.882536149706728,2.1548930673449687,1.1446755312936063,2.39281311296085,18.441755560621754,24.088136555745788,-36.14000262141228,90.99650668859482,127.1365093100071,30.337051123765804,0.604171032377758,-0.161456399105254,0.00012741904978941847,9203366.7088598,2.999517201502452,4.05506691426252,1.3519065375692279,5.116158594142008,68.9679592106004,144.74160882689375,-141.55411975979803,313.8058887219429,455.3600084817409,160.3331304611513,0.1339355618133246,-1.4353367675629811,0.000366345667952935,257067127.2347257,1.9572117616575695,2.3320469692161847,1.1915148962936775,2.661519179482357,162.28034638667722,71.97430069440223,285.0,190.0,95.0,281902.69759923214,115171.94869500604,1010065.5450290464,117.09016080550549,False,1,1,1
T1_800doc_420RPM_21-01-2024.csv,800.0,420,46.799368220112775,51.06709949428483,-68.49580333322287,131.61824412286282,200.1140474560857,69.26781010369021,-0.41896561759043416,-1.0705124192909445,0.00015622709287448858,47980295.165608875,1.900135776283924,2.1814321774747607,1.1480401583411923,2.428905179437922,18.793923727372825,22.08363658015857,-30.2721641433239,85.12866821050643,115.40083235383034,28.998251217527326,0.6195361469221938,-0.2835782328167724,2.8210545867882735e-05,8408985.73674825,2.9356483455475537,3.931058217004878,1.3390766720976797,4.924231693156452,69.40697294594585,140.60824117568,-139.60813696980475,305.0489661669731,444.6571031367779,156.8056292995805,0.13804049065548,-1.4339367927813933,-0.000226197540956614,245880053.80037457,1.9453955035260282,2.327965999876513,1.1966543541696668,2.667099087900926,158.9121722847991,70.52556252877034,285.0,190.0,95.0,248695.04768890693,100904.31879835074,971072.5777985806,80.52567758494408,False,1,1,1
T1_800doc_420RPM_21-01-2024.csv,800.0,420,47.02847434279661,49.83335597282783,-67.51963733524084,131.61824412286282,199.13788145810366,68.52036753057922,-0.4135300347013271,-1.053665693648454,1.2790658274812348e-05,46950407.665256545,1.9208630786185483,2.210233103260354,1.150645836167519,2.46638283077728,18.806441807353224,20.796910336103124,-30.2721641433239,85.12866821050643,115.40083235383034,28.039146438172402,0.6282263659098349,-0.28172689206407187,-3.7468922786912545e-06,7861937.329812761,3.03606489584906,4.03533496043084,1.3291333021069454,5.033466890832381,69.63504218214538,137.22966088981303,-127.93224022984504,300.1840091919899,428.11624942183494,153.886383178117,0.1333369224766821,-1.4391177009715836,0.00022531643753482866,236810189.2764225,1.9506859735896163,2.3380698045473536,1.1985885151185462,2.6827440296899345,156.16715234541127,69.09467385749997,285.0,190.0,95.0,213337.01750519467,90214.41347347344,935799.0518209515,51.179491940284,False,1,1,1
T1_800doc_420RPM_21-01-2024.csv,800.0,420,47.090753717478144,48.79784162291054,-63.61497334331274,130.6420781248808,194.25705146819354,67.81421998913532,-0.4133551124105209,-1.0487687509347492,2.6467798393975883e-05,45987684.32734842,1.9264702616326086,2.2203293447789423,1.152537565203472,2.482719337784099,18.706003980191497,19.986156312828587,-30.2721641433239,78.28285665273665,108.55502079606055,27.374459429690262,0.5997245328713289,-0.3374786298142727,-6.330834371555816e-05,7493610.290677581,2.8597042017871335,3.768910518668371,1.3179371895572423,4.677699960041784,69.56751657369226,135.52513345058546,-127.93224022984504,296.29204361200334,424.2242838418484,152.33745816124787,0.13763891594174776,-1.4399351980108523,-0.0003049600850863766,232067011.59029943,1.944971691062226,2.336616158118062,1.2013625539413089,2.6870406257764983,154.45182554268655,68.55263822322273,285.0,190.0,95.0,200398.32387517646,86456.67216223931,921858.3974209937,65.46238258682074,False,1,1,1
T1_800doc_420RPM_21-01-2024.csv,800.0,420,47.62071428454182,48.30674132568967,-60.68647534936667,124.78508213698863,185.4715574863553,67.8326889226504,-0.4122329332663822,-1.0484106330987841,0.0001278343748883188,46012736.86477059,1.839600996494198,2.122472640565259,1.1537679337041788,2.3770768588609617,18.8833105168345,19.414239093673146,-30.2721641433239,76.32691049337387,106.59907463669776,27.08305920056852,0.5916276794267492,-0.31840720088955843,7.586598292002194e-05,7334920.956614992,2.818252913310902,3.685454382549705,1.3077088877094456,4.543087546135284,69.87994415337367,134.0570519639489,-125.98625743985176,295.3190522170067,421.3053096568584,151.17704778220644,0.13765445739453913,-1.440154011070128,0.0003572418828258012,228544997.76143527,1.9534648714827316,2.3503382054497495,1.2031637936062707,2.7056638032565394,153.44641649047114,68.14295873026758,285.0,190.0,95.0,188040.92723380835,78980.62283317614,905043.0035589086,56.62843969227588,False,0,1,1
T1_800doc_420RPM_21-01-2024.csv,800.0,420,47.74927537921869,48.73255358304622,-63.61497334331274,132.59441012084486,196.2093834641576,68.22649835631996,-0.4108741306926792,-1.0490442888719618,-0.00011510780725171835,46548550.7796493,1.9434444580221133,2.241873883444057,1.1535569612962657,2.509641780103383,19.106190601666757,19.00747432384781,-28.316217983961103,76.32691049337387,104.64312847733498,26.950521321097906,0.6150849170416096,-0.26518920995027573,-1.2034509030642207e-05,7263305.994789528,2.832112580828714,3.6895945710760687,1.302771152549467,4.527674634311645,69.98911383051039,133.40399779915353,-126.9592488348484,295.3190522170067,422.27830105185507,150.64893854115502,0.13394388139307967,-1.4406762339121417,-0.0003016179090175889,226951026.83576703,1.9603128643108891,2.358000619002681,1.2028695326812497,2.7136685075376583,153.27148656160227,67.70627569300466,285.0,190.0,95.0,183831.36280579734,76783.17369862515,897333.0801622175,49.37593605846471,False,0,1,1
T1_800doc_420RPM_21-01-2024.csv,800.0,420,47.85889882048493,48.24199736244583,-63.61497334331274,132.59441012084486,196.2093834641576,67.95413531072002,-0.40488134217459576,-1.0367839429356072,0.00014170891436478128,46177645.058276445,1.9512338655264676,2.2540207805248995,1.1551771524407894,2.5269650861759625,18.96301533123914,18.734900526356164,-26.36027182459831,76.32691049337387,102.68718231797219,26.6569399628928,0.6028020819023582,-0.28008713855042267,6.887300052041989e-06,7105924.481852712,2.8633035374511495,3.725477763646519,1.3011117106231977,4.578070974910978,69.22492633531517,132.3319545491584,-126.9592488348484,288.5081124520302,415.4673612868786,149.34469063522258,0.1403362049793691,-1.4381675979268589,0.00019310194993732367,223038366.20930338,1.9318270453732909,2.3267324576165187,1.2044206872395864,2.682105953041472,152.04734585550696,67.1848062677797,284.0,190.0,95.0,191280.01669456277,71995.6214135373,881037.3810122829,36.54767448029666,False,0,1,1
T1_800doc_420RPM_21-01-2024.csv,800.0,420,48.082733681597794,47.96535668206514,-56.78181135743857,134.5467421168089,191.32855347424749,67.91630673066071,-0.3919426299859677,-1.0457797192654479,3.612494001834674e-05,46126247.199331895,1.9810668246491676,2.291833948002027,1.1568685717645564,2.572989605677825,18.952257625553717,18.57568703029343,-26.36027182459831,74.37096433401108,100.73123615860939,26.53760007522855,0.5871849810808675,-0.2737218095252709,4.452171893636711e-05,7042442.177527704,2.8024751342692986,3.628387761216607,1.294708280137034,4.435863119475791,69.96167548286584,131.7995467594832,-125.01326604485511,288.5081124520302,413.52137849688535,149.21714567158506,0.13557173190956714,-1.4399812357279982,0.00016140688970975648,222657565.62375033,1.9334782953630099,2.330268116396275,1.2052207268035393,2.6878349552498983,151.89771677629696,67.15436797564891,284.0,190.0,95.0,191475.35743079617,71157.41449079852,876329.1043585053,38.124637118073515,False,0,1,1
T1_800doc_420RPM_21-01-2024.csv,800.0,420,48.01723293955924,48.28252272404967,-63.61497334331274,134.5467421168089,198.16171546012163,68.09446864298351,-0.39163105755090555,-1.0452022763884377,9.479346145522346e-05,46368566.59770265,1.97588357465908,2.2855467147139494,1.156721349388361,2.5646577864408235,18.88331052484416,18.441131677664075,-26.36027182459831,72.41501817464828,98.7752899992466,26.39421819131295,0.577053810522947,-0.2852594436239455,-3.934593596765095e-05,6966547.539306356,2.7435939814456036,3.5474313080781776,1.2929869842508661,4.334581928782204,69.18094715312176,131.33910112046826,-125.98625743985176,283.643155477047,409.6294129168988,148.44515125842145,0.14066918819172722,-1.438218718468649,-0.0003294606875711886,220359629.32135618,1.9107606619179192,2.302958107463854,1.2052572325579847,2.65576570871685,151.39050248156786,66.71124421126406,284.0,190.0,95.0,198539.29981923974,67881.59554349366,869310.1862365985,35.58566453528647,False,0,1,1
T1_800doc_420RPM_21-01-2024.csv,800.0,420,47.991364504258904,47.20816068251869,-63.61497334331274,129.66591212689875,193.2808854702115,67.31850787121729,-0.39632428123011176,-1.032026492636943,-2.537110085363629e-06,45317815.02007145,1.926155469383758,2.2290711869859527,1.1572644173417153,2.503130499087009,18.777885028915197,17.967148913569616,-26.36027182459831,73.39299125432967,99.75326307892799,25.988986248823622,0.540988547341117,-0.3575175510108659,2.2344618367582177e-06,6754274.062415433,2.8240036202894125,3.630831479788509,1.2857035499892207,4.424726262733269,69.23631042517921,129.39744476115553,-125.98625743985176,284.6161468720436,410.6024043118954,146.75614260400852,0.13548353504156999,-1.4414944695805882,0.00030329433325531995,215373653.92008078,1.939381492466875,2.339516588351824,1.2063209829727626,2.701113249072367,149.60763437839267,66.04642333963251,284.0,190.0,95.0,216548.02512967633,63216.02093842327,843573.9340528316,43.64207346553872,False,0,1,1
T1_800doc_420RPM_21-01-2024.csv,800.0,420,48.254050772128686,45.44517437278927,-58.73414335340262,129.66591212689875,188.40005548030138,66.28512117883164,-0.38583736382762207,-1.023976167927628,0.0001032490064910086,43937172.89692395,1.956184281191417,2.271820342435845,1.161352927880695,2.5641557929543124,18.862186332431367,17.192226559031276,-26.36027182459831,73.39299125432967,99.75326307892799,25.52165212709438,0.4940043975000698,-0.3820726793069853,6.325006591799234e-06,6513547.27296421,2.8757147416962856,3.647701740107937,1.268450478490882,4.404133008068319,69.94104818678225,126.72442287387103,-121.12130046486855,284.6161468720436,405.73744733691217,144.74401394939096,0.13493967099164136,-1.4400820617658345,-0.00015124184581161485,209508295.74181485,1.9663413989027432,2.3807881514598774,1.2107704963077133,2.759479034406987,147.41044865389537,65.31509181519675,284.0,190.0,95.0,215083.4487197537,57380.20923972115,821377.7016418668,24.87831169060672,False,0,1,1
T1_800doc_420RPM_21-01-2024.csv,800.0,420,49.11746968030791,44.063836491324864,-53.85331336349249,127.71358013093472,181.5668934944272,65.98596452375445,-0.37823503954718346,-1.0144192450504936,0.00013189613933590005,43541475.1413018,1.9354658381171166,2.254176673287851,1.1646687990529385,2.5579400147662374,18.930448870708542,16.609422733236162,-22.448378013968465,72.41501817464828,94.86339618861675,25.184019098981253,0.4829605018778273,-0.3613324873274055,3.358280502075648e-05,6342348.179778525,2.8754353262691748,3.622795553709119,1.2599120281413636,4.36610560938346,69.92061540433518,124.37531104117765,-118.20232627987862,276.8322157120705,395.0345419919491,142.68185047549196,0.14177846945274591,-1.4352117611313198,0.00011674188163066147,203581104.55110642,1.9402062335855472,2.3586278612651395,1.2156583256133235,2.7459310623895186,145.50989229605483,64.60157916962399,284.0,190.0,95.0,214261.55518978363,55499.250919209175,795049.2993514586,24.7965723410358,False,0,1,1
T1_800doc_420RPM_21-01-2024.csv,800.0,420,48.99437511544313,43.286786937300405,-49.94864937156439,128.68974612891674,178.63839550048112,65.37732570477316,-0.376303299792875,-1.0048253069745974,-0.00012663866104247777,42741947.16307993,1.9684155743850071,2.2949390454982512,1.1658813694436756,2.608987298543228,18.978956335097084,16.230133330934954,-22.448378013968465,72.41501817464828,94.86339618861675,24.97234493413559,0.4345418208352738,-0.4141634848657767,2.5424348243437165e-05,6236180.115094475,2.899808502791486,3.6271071926866116,1.250809213503235,4.354348888188277,70.27186538477935,122.71601210547107,-115.28335209488868,275.8592243170738,391.1425764119625,141.41200335094143,0.13442532517117625,-1.4375227283512289,-2.9213672723831058e-05,199973546.9172667,1.9507482942057996,2.373209950966637,1.2165638991025403,2.7660198380988716,144.07943236742304,64.31395329339725,284.0,190.0,95.0,207878.64906971515,53546.98582633612,786786.5942203101,26.280601587908993,False,0,1,1
T1_800doc_420RPM_21-01-2024.csv,800.0,420,48.49448042993827,41.874432819062726,-49.94864937156439,128.68974612891674,178.63839550048112,64.07170011860045,-0.35584058234845245,-0.990510640637257,6.903887581536169e-05,41051827.560878634,2.0085271015238324,2.3484335279070265,1.1692316853107503,2.6796036528968683,18.748056871020765,15.756597142585651,-17.558512615561487,63.61326045751572,81.1717730730772,24.48999775322095,0.38927188820900704,-0.5211418962942131,-6.41170485438836e-05,5997599.899527673,2.597520060986908,3.239359306449726,1.2470969349199006,3.897505315917154,69.43995775483151,120.47411251077358,-114.31036069989204,270.02127594709395,384.331636646986,139.0536569754687,0.13958748088208478,-1.437125134493264,-0.00013407043604254048,193359195.18251315,1.9418495120536818,2.3676629158263856,1.2192823909008104,2.766844507376036,141.51298520456996,63.36353275175806,284.0,95.0,95.0,214378.03599961105,50326.30662462441,762514.013543861,21.760255333631964,False,0,0,0
T1_800doc_420RPM_21-01-2024.csv,800.0,420,48.59609932209246,41.25522025303215,-44.09165040537715,125.76124813497069,169.85289854034784,63.74616904135392,-0.34860003289055286,-0.9955287882620816,3.605385812023401e-05,40635740.67448869,1.97284401598135,2.3072869988521356,1.1695232771377637,2.6348454571709006,18.58336619197299,15.612524880253662,-13.6466202968359,64.59123353719711,78.23785383403302,24.271226424750445,0.41360912900949676,-0.4679918841672288,4.198151901524123e-05,5890924.321615044,2.661226606634536,3.3229799662155375,1.2486647916157254,4.002633861535945,69.57452249191306,119.85689236670703,-114.31036069989204,270.02127594709395,384.331636646986,138.5867556001731,0.13807564544788628,-1.4369636928189033,0.00028222909585284335,192062888.2778211,1.9483916394299132,2.3774446708283197,1.2202088238912503,2.7816749059968173,141.04426395203583,62.97198530792025,284.0,190.0,95.0,198678.51472219822,52524.20673385733,769222.4286099531,24.717912092739017,False,0,1,1
T1_800doc_420RPM_21-01-2024.csv,800.0,420,48.766245078073396,41.72076145724116,-44.09165040537715,128.68974612891674,172.7813965342939,64.1776331410464,-0.34994173251381366,-1.019246013166501,4.0459084934693495e-05,41187685.95586737,2.005211782212174,2.3437154786281935,1.16881194266801,2.6722682805180535,18.7797432034087,15.460439683914155,-15.602566456198693,64.59123353719711,80.1937999933958,24.3249655704982,0.4367807977098075,-0.39022115311873407,2.988542692383073e-05,5917039.500059228,2.6553473775738716,3.303588201847021,1.2441265612732868,3.959013616009961,70.13068438421205,120.33706824063681,-108.4724123299122,269.04828455209736,377.5206968820096,139.2814520492576,0.133638637869003,-1.4394321706419797,-8.239312412093313e-05,193993228.84949648,1.9316878205501982,2.3557132437231383,1.2195103259760502,2.7554340169092644,141.8491683954351,63.15543409767527,284.0,190.0,95.0,208662.44085006177,50805.75312958598,766851.733968637,18.12660733405228,False,0,1,1
T1_800doc_420RPM_21-01-2024.csv,800.0,420,48.94019786874217,42.19092055273068,-46.04398537963629,128.68974612891674,174.73373150855303,64.615917114272,-0.35143739418021247,-1.0242921908262037,1.6241727025750836e-05,41752167.44518468,1.9916106104527067,2.326964927008152,1.1683834755626337,2.650799127689794,18.963406568612903,15.432906937684672,-15.602566456198693,64.59123353719711,80.1937999933958,24.44965041127882,0.41238329356919257,-0.45691887413579035,2.6324024693666302e-05,5977854.052337466,2.641806015655776,3.2791205481189176,1.2412419869915925,3.9252666379229892,69.69351928303406,120.86093803010715,-110.41839511990548,269.04828455209736,379.46667967200284,139.51542198471122,0.14284666079954292,-1.4366602958872623,-4.2434564794305014e-05,194645529.71572042,1.9284483444531384,2.352842736005291,1.220070396374812,2.751132878195421,142.19418153615865,63.39061333183501,284.0,190.0,95.0,203943.92059996034,52711.196502049046,776713.1297066764,15.184800343435628,False,0,1,1
T1_800doc_420RPM_21-01-2024.csv,800.0,420,48.66042865029325,42.09354299690093,-46.04398537963629,129.66591212689875,175.70989750653504,64.34052905022018,-0.3480821009537812,-1.0219471260373276,-0.00010601056510195736,41397036.78462228,2.015306899725516,2.3552583961967932,1.1686847281263109,2.6833053592383758,18.86883656869336,15.505763795401888,-16.58053953588009,64.59123353719711,81.1717730730772,24.422565474062214,0.39141420252316755,-0.4710372653349775,-8.132907002435922e-05,5964617.043348557,2.6447358122878493,3.2858015652286725,1.2423931153963785,3.9435015275669185,70.24432979850855,120.66906577424552,-110.41839511990548,269.04828455209736,379.46667967200284,139.62553242036654,0.13497992981307222,-1.4418251158798077,0.00013546136720250627,194952893.0367083,1.9269275460456723,2.3495586433287863,1.2193290028732076,2.746413424348352,142.14756979395295,63.44701008039059,284.0,95.0,95.0,215967.764485146,50565.16839553147,767357.1249774372,29.39939178484624,False,0,1,1
T1_800doc_420RPM_21-01-2024.csv,800.0,420,48.36748119581369,41.62542169366642,-43.11548440739513,129.66591212689875,172.7813965342939,63.81292164133332,-0.3420976273484765,-1.0191653058324774,-7.600897561012073e-05,40720889.68402946,2.0319695257913204,2.3770533555589393,1.169827266298805,2.711597359345472,18.739157322718558,15.38998975808881,-16.58053953588009,65.5692066168785,82.1497461527586,24.248872178302957,0.40232743363205314,-0.4119783763476508,-1.1748084964476073e-05,5880078.019196751,2.704010567367646,3.357387469876986,1.2416325255508902,4.021509810764012,69.85026827022256,119.62379972967416,-110.41839511990548,268.0752931571007,378.4936882770062,138.52405364840885,0.13655803717726034,-1.442861568731075,-0.00032771546518487235,191889134.39187253,1.9352255878788307,2.3618710537448004,1.2204629106488867,2.7647418104229455,140.98350344367913,63.02905652360653,284.0,95.0,95.0,211862.7405513293,49991.840054825436,759394.4805563161,16.024496083462136,False,0,1,1
T1_800doc_420RPM_21-01-2024.csv,800.0,420,48.42692970573299,41.13809204907928,-42.1393184094131,127.71358013093472,169.8528985403478,63.541404911777995,-0.34869888010075434,-1.0071180605257903,-4.257489490835507e-05,40375101.38162525,2.009926917861739,2.3499192900976076,1.169156584358584,2.6810355347597152,18.679794345741808,15.119950156848025,-11.690673391520978,65.5692066168785,77.25988000839948,24.032220237522296,0.3867401516283328,-0.4457057275459113,-3.301644677928524e-05,5775476.095447762,2.7283873886318313,3.37644373739658,1.2375235831484035,4.029750646361327,68.98634915806066,118.53939133020255,-102.63446395993232,264.18332757711414,366.81779153704645,137.15211871164354,0.14063035435032886,-1.4395734377791238,9.201546958795102e-06,188107036.67092758,1.9262066824687432,2.3524869712788052,1.2213055809066737,2.7556190544245296,139.74312077250286,62.430934732404324,284.0,95.0,95.0,214168.21773074972,48933.96940722421,747495.5577390798,11.155005105666007,False,0,1,1
T1_900doc_420RPM_21-01-2024.csv,900.0,420,55.96986291056876,29.602422630019333,-74.35279932111501,143.33223609864714,217.68503541976216,63.316103637180184,-1.0353076145605151,2.6143133401126404,-0.0007717930911835096,40089289.79794142,2.2637564200093996,2.4335906000477596,1.0750231688079122,2.563799760298503,20.672219021457312,17.90229430671885,-32.228110302686694,102.7321896123886,134.9602999150753,27.346531420190743,0.8236059896442881,2.2550989947192415,0.0005818757462305447,7478327.807154795,3.7566808029093743,4.584703655713881,1.220413417121636,5.195333279614803,78.0960788522207,98.53054568589296,-147.3920681297779,343.96862196683884,491.36069009661674,125.72695003559146,0.2236098703800461,0.05884255472191535,0.00031804350493521344,158072659.6525211,2.7358384329649796,3.4047701312020946,1.24450701846167,3.9553362070964497,127.81032752829066,65.02728583350836,286.0,191.0,95.0,88201.3454160935,75912.41008122213,482900.3423689479,18.15342933602093,False,0,1,1
T1_900doc_420RPM_21-01-2024.csv,900.0,420,53.82971629376663,50.91475659113022,-74.35279932111501,156.02239407241345,230.37519339352846,74.0942021686005,-0.5196153826190266,-0.6013883123657884,-0.00018817627707323005,54899507.95001443,2.1057301314532855,2.401571847935107,1.1404936520890472,2.660111361771561,21.538409827662345,24.830782892553984,-40.05189494013786,102.7321896123886,142.78408455252645,32.87051683441399,0.5611714729246767,-0.18476179036459062,-0.00027533443347002004,10804708.769614935,3.125359729812112,4.115312203910015,1.3167483296898486,5.094509971128896,78.85092552303338,143.23445271764533,-152.2570251047611,346.8875961518288,499.1446212565899,163.50405775136693,0.1350987431114858,-1.3093161257512789,-0.000291978854150664,267335769.0116233,2.12158402013071,2.585437452025055,1.218635428761274,3.0125944932211093,164.50895898831854,78.99874040581271,285.0,190.0,95.0,196380.73203537715,111967.38285363236,952946.9441719177,28.28162160284869,False,1,1,1
T1_900doc_420RPM_21-01-2024.csv,900.0,420,53.727219013070105,57.055249517744805,-68.49580333322287,156.02239407241345,224.51819740563633,78.3703742520764,-0.4395064226810139,-1.0567485438296227,2.9603328772892612e-05,61419155.6041052,1.990833852222923,2.2820815257635543,1.1462943144227882,2.541383825575145,20.25706940225879,23.261153202521612,-40.05189494013786,100.7762434530258,140.82813839316367,30.845260723150176,0.6942236438342813,-0.17426837647897164,-0.00015113847033326646,9514301.090791108,3.2671548591382336,4.405399311528552,1.3483901135590954,5.544143306673955,77.23439739262132,147.42008854935392,-152.2570251047611,346.8875961518288,499.1446212565899,166.4266644756804,0.1330423170433087,-1.434262420930076,-0.0003308416293194767,276978346.48500705,2.084327035242113,2.508060909317234,1.203295292394411,2.886510101629785,169.8954449631362,76.98518103354878,284.0,190.0,95.0,248510.2645947594,80630.80746044792,975737.6944693113,36.84334879550463,False,0,1,1
T1_900doc_420RPM_21-01-2024.csv,900.0,420,54.215399724180415,53.50347421204144,-59.710309351384645,140.40373810470106,200.1140474560857,76.17040974033975,-0.4577885985052336,-1.0409807345529607,0.00010724406774814895,58019313.200112455,1.8432845324493958,2.1163898598277724,1.148162327937222,2.3634720109334655,19.734440570816634,20.287224035209235,-18.53648569524288,81.21677589178086,99.75326158702373,28.302289725353756,0.7328681832893859,-0.3095374650874305,-1.5018052668786773e-06,8010196.036978647,2.869618560191095,3.816694451354893,1.3300354633546594,4.765638498846857,76.54600600005921,139.9278523713328,-139.60813696980475,314.77888011693955,454.3870170867443,159.49637896772015,0.13706828093689466,-1.4477361629735988,0.0001539477680321221,254390949.03814602,1.9735801035373124,2.3867797089416674,1.2093655102540626,2.7597500484827346,163.2427619147703,73.44281115236078,284.0,190.0,95.0,248126.62003064028,68525.24477389439,912211.8557629422,31.889141974512242,False,0,1,1
T1_900doc_420RPM_21-01-2024.csv,900.0,420,54.67566200629207,50.79274853991364,-59.710309351384645,139.42757210671903,199.13788145810366,74.62795267234115,-0.46313798254616956,-1.0228309190938845,1.561821787028399e-05,55693313.2006519,1.868302252895571,2.151779448369584,1.1517298365586555,2.4152705176676488,19.845733935527985,18.460456425867193,-16.58053953588009,81.21677589178086,97.79731542766095,27.1042728530228,0.7345717908890932,-0.1879078297297796,3.699671909322963e-05,7346416.068911086,2.9964565488324166,3.8930033267536834,1.2992023289210086,4.758954140324183,77.63517276822223,135.10516698624784,-135.7161713898182,311.85990593194964,447.5760773217678,155.82241878861214,0.13084104508186994,-1.4475989146686743,0.00012344773671799564,242806261.97133628,2.0013802144543598,2.4312540066784787,1.2147886688993357,2.8252222655517802,159.44487323801846,71.84658323262249,284.0,190.0,95.0,259479.53846663496,54721.41692041297,857480.8376192288,30.244428828078032,False,0,1,1
T1_900doc_420RPM_21-01-2024.csv,900.0,420,55.04240754036876,48.0148727891543,-51.900981367528445,139.42757210671903,191.32855347424749,73.04173215907953,-0.44224896159954463,-1.0394704811000886,7.633977137067677e-05,53350946.36798713,1.9088754878246317,2.2120301167452134,1.1588132022513733,2.504934448173868,19.927785894359214,16.84905319058682,-16.58053953588009,74.37096433401108,90.95150386989117,26.096115497725823,0.671962154535936,-0.09122742629945657,-3.509684616308741e-05,6810072.44070646,2.849886387899081,3.596054449589037,1.2618237922951119,4.293344347696312,76.96633855180218,129.98569712546535,-125.98625743985176,299.21101779699325,425.19727523684503,151.06322758124773,0.13907978321272546,-1.4520567183889967,-0.0003275970725580106,228200987.27263847,1.9807005489543497,2.418255398490018,1.2209091373083438,2.8254861131841045,154.82417048185462,69.75440375158277,284.0,95.0,95.0,246663.67422459277,50979.237076465775,820566.1839424359,23.99572754132596,False,0,1,1
T1_900doc_420RPM_21-01-2024.csv,900.0,420,55.362004278530996,46.710800696081876,-50.924815369546415,138.45140610873702,189.37622147828344,72.43514629932879,-0.42967913965685234,-1.0412420163566456,4.953322990494119e-06,52468504.19405167,1.911384364940807,2.2207644776849467,1.1618617994469786,2.525301000245002,19.980694238659986,16.28256043542845,-16.58053953588009,73.39299125432967,89.97353079020976,25.774986257846972,0.609023329610195,-0.07056098974949387,6.832273985122834e-05,6643499.165922002,2.847450257397744,3.544434354020396,1.2447748103103367,4.190979394480885,76.68329540795025,127.65584736124441,-121.12130046486855,291.4270866370201,412.5483871018887,148.91723594043873,0.14010149035699657,-1.4526827555568695,0.00022019267435019368,221763431.60140294,1.9569735148292704,2.3940859046042924,1.223361423372741,2.804616715420244,152.81572349827178,68.81059618864965,284.0,95.0,95.0,238093.3300012958,50164.40973437982,801483.8821263787,20.98383244991338,False,0,1,1
T1_900doc_420RPM_21-01-2024.csv,900.0,420,55.37674438900953,46.51186918330012,-50.924815369546415,138.45140610873702,189.37622147828344,72.31830884395819,-0.4159046249050681,-1.0414788521946796,0.00010318289040631358,52299377.94050123,1.9144723974045736,2.2267874024111385,1.1631337205122239,2.5340715663923223,20.264013061690754,16.028690484316282,-16.58053953588009,74.37096433401108,90.95150386989117,25.8369724233778,0.6064807391820615,-0.00926782181789898,0.00011894441027251003,6675491.440063849,2.878470554340909,3.555908654904788,1.2353465452485735,4.176092733847303,77.41994731635515,126.31884571329131,-117.22933488488198,286.5621296620369,403.79146454691886,148.15633305669218,0.13277252579999224,-1.4539154394764724,-2.112381535377239e-05,219502990.248055,1.9341875149703092,2.368339317903892,1.2244621059609349,2.7794538540800593,152.2262735237203,68.37358855540272,284.0,95.0,95.0,231162.14822260666,49661.652159305144,797089.042715914,18.48329934441105,False,0,1,1
T1_900doc_420RPM_21-01-2024.csv,900.0,420,55.22299824019498,46.343142076457816,-47.02015137761832,136.49907411277294,183.51922549039125,72.0920685800826,-0.4179608897115479,-1.0579276817549028,-2.2580526750390275e-06,51972663.52155332,1.8933993267393154,2.2023404817869925,1.1631674579602362,2.506590681629657,20.382347827466045,15.808098858552658,-16.58053953588009,74.37096433401108,90.95150386989117,25.79410964700243,0.6028386906636145,0.010453262901806148,2.6867170244343e-05,6653360.924815837,2.8832537874651485,3.5478406609671507,1.2304989163254625,4.156049502171245,76.93452190008658,125.52720233129187,-115.28335209488868,287.5351210570336,402.8184731519223,147.22771201481055,0.14165147299010522,-1.4522315307882439,-5.342224194005364e-05,216759991.8511599,1.9529959212305674,2.3966893313563604,1.2271860403303991,2.8197952092509513,151.3603859344748,68.03407381246356,284.0,95.0,95.0,233198.55546155997,49216.693075285184,791091.0177313782,20.178411975674887,False,0,1,1
T1_900doc_420RPM_21-01-2024.csv,900.0,420,54.732962817001855,45.545191109606215,-47.99631737560034,139.42757210671903,187.42388948231937,71.20436539944626,-0.41540896724672743,-1.0459116992708255,-0.00014955532525176004,50700616.5193786,1.9581323606291605,2.2792627720099836,1.16399831688479,2.597165034500579,20.31105359307162,15.688881291264224,-16.58053953588009,73.39299125432967,89.97353079020976,25.664759773510607,0.550244783902056,-0.0718792722296806,-3.744632550839291e-05,6586798.942320082,2.859679650307144,3.5145501370229013,1.2290013451840387,4.129963197967432,77.1533477231174,124.98940084271278,-115.28335209488868,293.37306942701343,408.65642152190213,146.8842720916865,0.1383807926204214,-1.4487789614875912,6.365127577021027e-05,215749893.87904596,1.9973075758845527,2.4518010179051024,1.2275530556775998,2.886789379643422,150.5075644573,68.19973588809674,284.0,95.0,95.0,227370.07646339003,49388.12884493401,787853.8255097743,13.547306218457168,False,0,1,1
T1_900doc_420RPM_21-01-2024.csv,900.0,420,54.50102571592452,44.53799385103204,-47.99631737560034,139.42757210671903,187.42388948231937,70.38461977138495,-0.3963855930506921,-1.0195706919917913,4.36315965531033e-05,49539947.003624335,1.9809380594736645,2.3117702847630253,1.16700785958813,2.644404614415737,20.365526705601056,15.215458820634522,-12.668646471202374,73.39299125432967,86.06163772553205,25.421740009664457,0.5287919342243305,-0.0873080388521199,6.27460956233499e-05,6462648.651189747,2.887016829942727,3.521853202138397,1.2198935474194184,4.118688706826358,76.706355509291,123.02843755809269,-115.28335209488868,293.37306942701343,408.65642152190213,144.9822796879096,0.1376905561374891,-1.4441332344772138,-0.00021747638462487647,210198614.23503247,2.023509838985367,2.486926950446499,1.2290164853823984,2.9338574221598646,148.65277941970947,67.24932832214647,284.0,95.0,95.0,219865.62320013792,47945.712234000515,776532.3672393033,15.265224641943494,False,0,1,1
T1_900doc_420RPM_21-01-2024.csv,900.0,420,54.303742541393056,44.498110424726946,-47.02015137761832,135.52290811479094,182.54305949240927,70.2066826261795,-0.39799925779336554,-1.0168478708171904,-9.281235306452959e-05,49289782.85373094,1.930341999441739,2.250697490097783,1.1659578928234953,2.570854229580883,20.382836822621634,15.044611290849138,-16.58053953588009,70.45907201528549,87.03961155116558,25.333779146238044,0.5516353067094947,-0.051968153544343476,-3.024148954084258e-05,6418003.658303657,2.78123021474861,3.3866212397936635,1.21767023162438,3.9456492574373723,75.77422967082072,122.20437614300783,-115.28335209488868,286.5621296620369,401.8454817569256,143.79027585587292,0.14317927088539684,-1.4435239672284208,-3.737462324979815e-05,206756434.3070803,1.9929173092989283,2.450205249026739,1.2294565547672807,2.8902355042727796,147.72256066807603,66.51666822367224,284.0,95.0,95.0,215140.24707346375,47715.84210409641,774612.9477629509,19.152181907226982,False,0,1,1
T1_900doc_420RPM_21-01-2024.csv,900.0,420,53.96589143038162,43.990310203248384,-47.02015137761832,135.52290811479094,182.54305949240927,69.62373754441624,-0.3997257030182139,-1.0208081186493698,-4.3069720706850634e-05,48474648.29653755,1.946504351742601,2.269305466933585,1.165836318270749,2.5915628886991655,20.281518795957595,14.896256160187253,-16.58053953588009,70.45907201528549,87.03961155116558,25.164229617866265,0.5441045675415126,-0.02401460843292469,-1.0519538101091184e-05,6332384.522606977,2.7999693646596073,3.4057387026607526,1.2163485592546075,3.966883123782738,76.02954269275125,121.38630408113244,-110.41839511990548,277.80520710706713,388.2236022269726,143.23102380610854,0.13495777742243487,-1.4458682848606363,3.0071171658751294e-05,205151261.80546033,1.9395602972379176,2.3836082705761545,1.2289425979540802,2.8104103146625756,146.96856008018483,66.30287935239005,284.0,95.0,95.0,221313.2511579307,45780.98261539482,764144.0991634314,18.88323608668863,False,0,1,1
T1_900doc_420RPM_21-01-2024.csv,900.0,420,53.814488075010814,43.75640121472183,-47.02015137761832,140.40373810470106,187.4238894823194,69.35864599341016,-0.3845385154374628,-1.0206366084362635,-1.5866414198824663e-05,48106217.74039191,2.0243148650572125,2.364042403795503,1.1678234668936687,2.705226023639687,20.288853597057663,15.014168306931897,-20.492431854605677,71.43704509496689,91.92947694957257,25.240103609765903,0.5112572372658597,-0.11042042827930576,5.653382201347769e-05,6370628.302317177,2.830299201597828,3.4457227543164053,1.2174411639487246,4.024294419711905,75.41422290340353,120.83804911839215,-115.28335209488868,281.6971726870537,396.9805247819424,142.43994920970445,0.13980971320017577,-1.442717100678857,-0.00015748579995650028,202891391.30863184,1.977655666475495,2.43168837424142,1.2295812741634065,2.867408901311201,146.21676744968232,66.01121610529242,284.0,95.0,95.0,214662.75244862936,46612.1601722408,760085.2661175797,17.823289733879093,False,0,1,1
T1_900doc_420RPM_21-01-2024.csv,900.0,420,53.528178562906,43.492607710806496,-44.09165040537715,140.40373810470106,184.49538851007821,68.97008645600246,-0.3742259460078886,-1.00001627512385,-8.045574706744544e-05,47568728.25748454,2.0357193287595443,2.376842109747623,1.1675686702822339,2.716044996255226,20.079469535344828,14.98995208247869,-20.492431854605677,71.43704509496689,91.92947694957257,25.057608829572068,0.47777273282533594,-0.17670242342104814,-6.288059442584956e-05,6278837.602558481,2.8509122949776247,3.47316843707449,1.2182656208656708,4.060041863419025,74.70530132527003,119.39242064723602,-115.28335209488868,281.6971726870537,396.9805247819424,140.83831919653807,0.1419658418929566,-1.4358894304852565,4.587328683099982e-05,198354321.5410594,2.0001458004759978,2.4605082715442608,1.2301644564904746,2.901908982198001,144.7973779073018,65.22199085646089,284.0,95.0,95.0,215412.48313861308,45757.492146948774,750875.1440783385,10.982709527675704,False,0,1,1
T1_900doc_420RPM_21-01-2024.csv,900.0,420,53.12726714503823,43.15092304336572,-44.09165040537715,135.52290811479094,179.6145585201681,68.44347064399007,-0.3667199522191052,-1.0002435914139003,-5.944959232752255e-05,46845086.7379473,1.9800706603514564,2.313023508424962,1.1681520032292219,2.6430175858410427,19.876540095128018,14.499177254439818,-12.668646471202374,70.45907201528549,83.12771848648786,24.602906072431697,0.4176876024933914,-0.2191136353646037,-2.852792299938766e-06,6053029.872088965,2.8638516038654886,3.4655918439769566,1.210115719438559,4.036425654094691,74.39764145140427,117.55862727491449,-109.44540372490884,275.8592243170738,385.30462804198265,139.1223918005077,0.13508818626478744,-1.4338659774146192,-0.0001272045263488456,193550399.00293973,1.9828528013853994,2.4392215022394743,1.23015762972179,2.8777318146743247,143.2514752296699,64.2173372682243,284.0,95.0,95.0,213135.07774187793,45518.88820763747,735220.8720104194,14.950906594987751,False,0,1,1
T1_900doc_420RPM_21-01-2024.csv,900.0,420,52.902065625263354,43.211808116291586,-51.900981367528445,135.52290811479094,187.4238894823194,68.3073122593685,-0.36867941552119166,-0.9812207211759008,6.160932424944506e-05,46658889.080988735,1.984017576335009,2.317812161264747,1.1682417479114993,2.649780001879278,19.751163928531227,14.348606290712873,-12.668646471202374,70.45907201528549,83.12771848648786,24.412926473849833,0.43666890356728605,-0.16900672164604735,-2.2400743330018868e-05,5959909.790175981,2.8861378864495606,3.4933739916530766,1.2103974685528691,4.072755269819952,73.37230300074232,117.42739917011083,-109.44540372490884,275.8592243170738,385.30462804198265,138.4654791761805,0.1432554556948568,-1.4273342422503204,-0.00013067245284855295,191726889.23489282,1.992259918922293,2.4517226389789046,1.23062388380787,2.892323410411571,142.64604141143212,63.927112247103274,284.0,95.0,95.0,207417.94089465946,43816.732746044276,738955.6390449353,17.729145390781145,False,0,1,1
T1_900doc_420RPM_21-01-2024.csv,900.0,420,52.68691861195434,43.146367653036236,-51.900981367528445,133.5705761188269,185.47155748635532,68.0993423938416,-0.3782308573707966,-0.9507535215761531,-3.8151741426186486e-05,46375204.34473671,1.9614077232397187,2.289332189920491,1.167188322343877,2.615290259339938,19.58363712563155,14.358959231355794,-15.602566456198693,69.4810989356041,85.08366539180278,24.283709627570335,0.41552086799084625,-0.22070972460056737,4.35074356452005e-07,5896985.532761522,2.86122260565656,3.4662377653570147,1.2114533690962581,4.045285987564734,73.91027000192574,117.52433578104245,-109.44540372490884,278.7781985020638,388.2236022269726,138.8333443828707,0.1367803234222751,-1.4338658989094257,0.0002885257189519833,192746975.1253278,2.008006071893342,2.469763897642276,1.229958381208252,2.913605073714209,142.81084991540936,64.08570547884314,284.0,95.0,95.0,202627.51491809852,45191.84829885173,742485.7883555741,18.089800563785538,False,0,1,1
T1_900doc_420RPM_21-01-2024.csv,900.0,420,52.37503354950177,43.00981726424746,-50.924815369546415,133.5705761188269,184.49539148837331,67.77159080629136,-0.37107149100033754,-0.9586173941594174,-8.569649635395037e-05,45929885.20415395,1.9708933275685672,2.3008923927708094,1.1674362892127461,2.6275991019172236,19.62647234559848,14.461309962803192,-17.558512615561487,68.50312585592269,86.06163847148417,24.37884128856031,0.36459960371079975,-0.3031278829439761,1.8411918144234369e-06,5943279.025728128,2.8099418280419894,3.4003354293547385,1.2101088340765205,3.9672785124788734,73.8306793126057,117.18673865030344,-109.44540372490884,278.7781985020638,388.2236022269726,138.50523789104636,0.13664958034225752,-1.4349086415660455,-0.00038130258739913446,191837009.23255348,2.0127628582636103,2.4750309367236434,1.2296684264428581,2.91768532309982,142.41961237517253,63.9348993676314,284.0,190.0,95.0,205960.70832782597,45377.18680393816,741022.9843326253,23.35518492460858,False,0,0,0
